"site","name","year","obols","txt","change","sequence","payrecord"
"urn:cite:phoros:places.1","Stageira","1","100","urn:cts:phoros:stele1.year1.hc1:front.1.1","same","5","urn:cite:phoros:payrec.2"
"urn:cite:phoros:places.2","Pharbelos","1","100","urn:cts:phoros:stele1.year1.hc1:front.1.14","same","6","urn:cite:phoros:payrec.3"
"urn:cite:phoros:places.3","Elaia","1","100","urn:cts:phoros:stele1.year1.hc1:front.1.15","same","7","urn:cite:phoros:payrec.4"
"urn:cite:phoros:places.4","Ephesos","1","4500","urn:cts:phoros:stele1.year1.hc1:front.1.21","same","13","urn:cite:phoros:payrec.9"
"urn:cite:phoros:places.5","Ainos","1","7200","urn:cts:phoros:stele1.year1.hc1:front.1.22","same","14","urn:cite:phoros:payrec.10"
"urn:cite:phoros:places.6","Naxia","1","100","urn:cts:phoros:stele1.year1.hc1:front.1.24","same","16","urn:cite:phoros:payrec.12"
"urn:cite:phoros:places.7","Madnasa/Medmassa","1","1200","urn:cts:phoros:stele1.year1.hc1:front.1.25","same","17","urn:cite:phoros:payrec.13"
"urn:cite:phoros:places.10","Therambos","1","3600","urn:cts:phoros:stele1.year1.hc1:front.2.9","same","23","urn:cite:phoros:payrec.19"
"urn:cite:phoros:places.11","Pitane","1","100","urn:cts:phoros:stele1.year1.hc1:front.2.12","same","26","urn:cite:phoros:payrec.22"
"urn:cite:phoros:places.12","Thyssos","1","400","urn:cts:phoros:stele1.year1.hc1:front.2.13","same","27","urn:cite:phoros:payrec.23"
"urn:cite:phoros:places.13","Torone","1","7200","urn:cts:phoros:stele1.year1.hc1:front.2.14","same","28","urn:cite:phoros:payrec.24"
"urn:cite:phoros:places.18","Chersonese","1","10800","urn:cts:phoros:stele1.year1.hc1:front.2.27","same","36","urn:cite:phoros:payrec.32"
"urn:cite:phoros:places.19","Abydos","1","2626","urn:cts:phoros:stele1.year1.hc1:front.2.28","same","37","urn:cite:phoros:payrec.33"
"urn:cite:phoros:places.20","Kameiros","1","5400","urn:cts:phoros:stele1.year1.hc1:front.3.15","same","42","urn:cite:phoros:payrec.38"
"urn:cite:phoros:places.21","Krya","1","200","urn:cts:phoros:stele1.year1.hc1:front.3.16","same","43","urn:cite:phoros:payrec.39"
"urn:cite:phoros:places.22","Peparethos","1","1800","urn:cts:phoros:stele1.year1.hc1:front.3.17","same","44","urn:cite:phoros:payrec.40"
"urn:cite:phoros:places.23","Kolophon","1","1800","urn:cts:phoros:stele1.year1.hc1:front.3.20","same","45","urn:cite:phoros:payrec.41"
"urn:cite:phoros:places.24","Notion","1","200","urn:cts:phoros:stele1.year1.hc1:front.3.21","same","46","urn:cite:phoros:payrec.42"
"urn:cite:phoros:places.25","Diosera","1","100","urn:cts:phoros:stele1.year1.hc1:front.3.22","same","47","urn:cite:phoros:payrec.43"
"urn:cite:phoros:places.26","Spartolos","1","1200","urn:cts:phoros:stele1.year1.hc1:front.3.23","same","48","urn:cite:phoros:payrec.44"
"urn:cite:phoros:places.27","Hairai","1","1800","urn:cts:phoros:stele1.year1.hc1:front.3.24","same","49","urn:cite:phoros:payrec.45"
"urn:cite:phoros:places.28","Lindos Oiai","1","330","urn:cts:phoros:stele1.year1.hc1:front.3.25","same","50","urn:cite:phoros:payrec.46"
"urn:cite:phoros:places.29","Astakos","1","900","urn:cts:phoros:stele1.year1.hc1:front.3.26","same","51","urn:cite:phoros:payrec.47"
"urn:cite:phoros:places.30","Neapolis","1","350","urn:cts:phoros:stele1.year1.hc1:front.3.27","same","52","urn:cite:phoros:payrec.48"
"urn:cite:phoros:places.33","Lindos","1","5070","urn:cts:phoros:stele1.year1.hc1:front.4.5","same","55","urn:cite:phoros:payrec.51"
"urn:cite:phoros:places.34","Oine in Ikaros","1","800","urn:cts:phoros:stele1.year1.hc1:front.4.7","same","57","urn:cite:phoros:payrec.53"
"urn:cite:phoros:places.35","Assos","1","600","urn:cts:phoros:stele1.year1.hc1:front.4.8","same","58","urn:cite:phoros:payrec.54"
"urn:cite:phoros:places.36","Neandreia","1","800","urn:cts:phoros:stele1.year1.hc1:front.4.9","same","59","urn:cite:phoros:payrec.55"
"urn:cite:phoros:places.37","Lamponeia","1","100","urn:cts:phoros:stele1.year1.hc1:front.4.10","same","60","urn:cite:phoros:payrec.56"
"urn:cite:phoros:places.38","Halikarnassos","1","1000","urn:cts:phoros:stele1.year1.hc1:front.4.12","same","62","urn:cite:phoros:payrec.58"
"urn:cite:phoros:places.39","Strepsa","1","600","urn:cts:phoros:stele1.year1.hc1:front.4.13","same","63","urn:cite:phoros:payrec.59"
"urn:cite:phoros:places.40","Palepsos","1","900","urn:cts:phoros:stele1.year1.hc1:front.4.14","same","64","urn:cite:phoros:payrec.60"
"urn:cite:phoros:places.41","Kyrbissos","1","200","urn:cts:phoros:stele1.year1.hc1:front.4.15","same","65","urn:cite:phoros:payrec.61"
"urn:cite:phoros:places.42","Diduma Teichos","1","100","urn:cts:phoros:stele1.year1.hc1:front.4.17","same","67","urn:cite:phoros:payrec.63"
"urn:cite:phoros:places.43","Dikaiopolis","1","2400","urn:cts:phoros:stele1.year1.hc1:front.4.19","same","69","urn:cite:phoros:payrec.65"
"urn:cite:phoros:places.44","Klazomenia","1","900","urn:cts:phoros:stele1.year1.hc1:front.4.20","same","70","urn:cite:phoros:payrec.66"
"urn:cite:phoros:places.46","Karbasyanda","1","100","urn:cts:phoros:stele1.year1.hc1:front.4.22","same","72","urn:cite:phoros:payrec.68"
"urn:cite:phoros:places.47","Phaselis","1","3600","urn:cts:phoros:stele1.year1.hc1:front.4.23","same","73","urn:cite:phoros:payrec.69"
"urn:cite:phoros:places.48","Termera","1","1500","urn:cts:phoros:stele1.year1.hc1:front.4.24","same","74","urn:cite:phoros:payrec.70"
"urn:cite:phoros:places.49","Kebrene","1","1800","urn:cts:phoros:stele1.year1.hc1:front.4.25","same","75","urn:cite:phoros:payrec.71"
"urn:cite:phoros:places.50","Kasolaba","1","246","urn:cts:phoros:stele1.year1.hc1:front.4.26","same","76","urn:cite:phoros:payrec.72"
"urn:cite:phoros:places.51","Dikaia by Abdera","1","300","urn:cts:phoros:stele1.year1.hc1:front.4.28","same","78","urn:cite:phoros:payrec.74"
"urn:cite:phoros:places.52","Abdera","1","7712","urn:cts:phoros:stele1.year1.hc1:front.4.29","same","79","urn:cite:phoros:payrec.75"
"urn:cite:phoros:places.55","Asseritis","1","1600","urn:cts:phoros:stele1.year1.hc1:front.5.7","same","82","urn:cite:phoros:payrec.78"
"urn:cite:phoros:places.56","Sermylia","1","4632","urn:cts:phoros:stele1.year1.hc1:front.5.8","same","83","urn:cite:phoros:payrec.79"
"urn:cite:phoros:places.59","Polichne","1","1400","urn:cts:phoros:stele1.year1.hc1:front.5.11","same","86","urn:cite:phoros:payrec.82"
"urn:cite:phoros:places.61","Thasos","1","1800","urn:cts:phoros:stele1.year1.hc1:front.5.13","same","88","urn:cite:phoros:payrec.84"
"urn:cite:phoros:places.62","Mysia","1","200","urn:cts:phoros:stele1.year1.hc1:front.5.14","same","89","urn:cite:phoros:payrec.85"
"urn:cite:phoros:places.63","Pikres Syangela","1","300","urn:cts:phoros:stele1.year1.hc1:front.5.15","same","90","urn:cite:phoros:payrec.86"
"urn:cite:phoros:places.64","Kedriai","1","300","urn:cts:phoros:stele1.year1.hc1:front.5.16","same","91","urn:cite:phoros:payrec.87"
"urn:cite:phoros:places.65","Keramos","1","900","urn:cts:phoros:stele1.year1.hc1:front.5.17","same","92","urn:cite:phoros:payrec.88"
"urn:cite:phoros:places.67","Kyllandos","1","1200","urn:cts:phoros:stele1.year1.hc1:front.5.19","same","94","urn:cite:phoros:payrec.90"
"urn:cite:phoros:places.68","Chios in Karia","1","200","urn:cts:phoros:stele1.year1.hc1:front.5.20","same","95","urn:cite:phoros:payrec.91"
"urn:cite:phoros:places.70","Narisbara/Narasa/Narasar","1","100","urn:cts:phoros:stele1.year1.hc1:front.5.21","same","96","urn:cite:phoros:payrec.92"
"urn:cite:phoros:places.71","Mydon","1","150","urn:cts:phoros:stele1.year1.hc1:front.6.5","same","97","urn:cite:phoros:payrec.93"
"urn:cite:phoros:places.72","Kios","1","100","urn:cts:phoros:stele1.year1.hc1:front.6.6","same","98","urn:cite:phoros:payrec.94"
"urn:cite:phoros:places.73","Artake","1","200","urn:cts:phoros:stele1.year1.hc1:front.6.7","same","99","urn:cite:phoros:payrec.95"
"urn:cite:phoros:places.73","Artake","1","200","urn:cts:phoros:stele1.year1.hc1:front.6.7","same","100","urn:cite:phoros:payrec.95"
"urn:cite:phoros:places.74","Neapolis in Thrace","1","100","urn:cts:phoros:stele1.year1.hc1:front.6.9","same","101","urn:cite:phoros:payrec.97"
"urn:cite:phoros:places.75","Berytis below Mt. Ida","1","100","urn:cts:phoros:stele1.year1.hc1:front.6.11","same","103","urn:cite:phoros:payrec.99"
"urn:cite:phoros:places.76","Auliataι Kares","1","50","urn:cts:phoros:stele1.year1.hc1:front.6.12","same","104","urn:cite:phoros:payrec.100"
"urn:cite:phoros:places.77","Ios","1","600","urn:cts:phoros:stele1.year1.hc1:front.6.13","same","105","urn:cite:phoros:payrec.101"
"urn:cite:phoros:places.78","Parion","1","600","urn:cts:phoros:stele1.year1.hc1:front.6.14","same","106","urn:cite:phoros:payrec.102"
"urn:cite:phoros:places.79","Daskyleion in Propontidi","1","50","urn:cts:phoros:stele1.year1.hc1:front.6.16","same","108","urn:cite:phoros:payrec.104"
"urn:cite:phoros:places.80","Aigina","1","3000","urn:cts:phoros:stele1.year1.hc1:front.6.17","same","109","urn:cite:phoros:payrec.105"
"urn:cite:phoros:places.81","Lero","1","1800","urn:cts:phoros:stele1.year1.hc1:front.6.19","same","111","urn:cite:phoros:payrec.107"
"urn:cite:phoros:places.83","Lepsimandos","2","103","urn:cts:phoros:stele1.year2.hc1:header.1.11","same","2","urn:cite:phoros:payrec.111"
"urn:cite:phoros:places.84","Erine","2","413","urn:cts:phoros:stele1.year2.hc1:header.1.12","same","3","urn:cite:phoros:payrec.112"
"urn:cite:phoros:places.85","Amynanda","2","305","urn:cts:phoros:stele1.year2.hc1:header.1.13","same","4","urn:cite:phoros:payrec.113"
"urn:cite:phoros:places.86","Paktyes Idyma","2","689","urn:cts:phoros:stele1.year2.hc1:header.1.14","same","5","urn:cite:phoros:payrec.114"
"urn:cite:phoros:places.87","Uranium","2","103","urn:cts:phoros:stele1.year2.hc1:header.1.15","same","6","urn:cite:phoros:payrec.115"
"urn:cite:phoros:places.88","Oula","2","103","urn:cts:phoros:stele1.year2.hc1:header.1.16","same","7","urn:cite:phoros:payrec.116"
"urn:cite:phoros:places.89","Tarbana","2","103","urn:cts:phoros:stele1.year2.hc1:header.1.17","same","8","urn:cite:phoros:payrec.117"
"urn:cite:phoros:places.90","Kodapa","2","100","urn:cts:phoros:stele1.year2.hc1:header.1.18","same","9","urn:cite:phoros:payrec.118"
"urn:cite:phoros:places.91","Arisbe","2","1200","urn:cts:phoros:stele1.year2.hc1:header.3.3","same","13","urn:cite:phoros:payrec.122"
"urn:cite:phoros:places.80","Aigina","2","18000","urn:cts:phoros:stele1.year2.hc1:header.4.15","up","14","urn:cite:phoros:payrec.123"
"urn:cite:phoros:places.9","Skione","2","3600","urn:cts:phoros:stele1.year2.hc1:header.4.16","same","15","urn:cite:phoros:payrec.124"
"urn:cite:phoros:places.92","Astypalaia","2","1200","urn:cts:phoros:stele1.year2.hc1:header.5.10","same","19","urn:cite:phoros:payrec.128"
"urn:cite:phoros:places.93","Samothraki","2","1800","urn:cts:phoros:stele1.year2.hc1:header.5.11","same","20","urn:cite:phoros:payrec.129"
"urn:cite:phoros:places.95","Lampsakos","2","7200","urn:cts:phoros:stele1.year2.hc1:header.5.15","same","23","urn:cite:phoros:payrec.132"
"urn:cite:phoros:places.34","Oine in Ikaros","2","780","urn:cts:phoros:stele1.year2.hc1:header.5.17","down","25","urn:cite:phoros:payrec.134"
"urn:cite:phoros:places.34","Oine in Ikaros","2","20","urn:cts:phoros:stele1.year2.hc1:header.6.7","down","26","urn:cite:phoros:payrec.135"
"urn:cite:phoros:places.23","Kolophon","2","1800","urn:cts:phoros:stele1.year2.hc1:header.6.8","same","27","urn:cite:phoros:payrec.136"
"urn:cite:phoros:places.24","Notion","2","200","urn:cts:phoros:stele1.year2.hc1:header.6.9","same","28","urn:cite:phoros:payrec.137"
"urn:cite:phoros:places.25","Diosera","2","100","urn:cts:phoros:stele1.year2.hc1:header.6.10","same","29","urn:cite:phoros:payrec.138"
"urn:cite:phoros:places.4","Ephesos","2","4500","urn:cts:phoros:stele1.year2.hc1:header.6.11","same","30","urn:cite:phoros:payrec.139"
"urn:cite:phoros:places.77","Ios","2","600","urn:cts:phoros:stele1.year2.hc1:header.6.12","same","31","urn:cite:phoros:payrec.140"
"urn:cite:phoros:places.5","Ainos","2","7200","urn:cts:phoros:stele1.year2.hc1:header.6.13","same","32","urn:cite:phoros:payrec.141"
"urn:cite:phoros:places.96","Myndos","2","50","urn:cts:phoros:stele1.year2.hc1:header.6.14","same","33","urn:cite:phoros:payrec.142"
"urn:cite:phoros:places.76","Auliataι Kares","2","50","urn:cts:phoros:stele1.year2.hc1:header.6.15","same","34","urn:cite:phoros:payrec.143"
"urn:cite:phoros:places.46","Karbasyanda","2","100","urn:cts:phoros:stele1.year2.hc1:header.6.16","same","35","urn:cite:phoros:payrec.144"
"urn:cite:phoros:places.32","Maroneia","2","900","urn:cts:phoros:stele1.year2.hc1:header.6.17","same","36","urn:cite:phoros:payrec.145"
"urn:cite:phoros:places.104","Astyra","2","50","urn:cts:phoros:stele1.year2.hc1:header.7.13","same","38","urn:cite:phoros:payrec.147"
"urn:cite:phoros:places.97","Gryneion","2","100","urn:cts:phoros:stele1.year2.hc1:header.7.14","same","39","urn:cite:phoros:payrec.148"
"urn:cite:phoros:places.11","Pitane","2","100","urn:cts:phoros:stele1.year2.hc1:header.7.15","same","40","urn:cite:phoros:payrec.149"
"urn:cite:phoros:places.29","Astakos","2","900","urn:cts:phoros:stele1.year2.hc1:header.7.16","same","41","urn:cite:phoros:payrec.150"
"urn:cite:phoros:places.26","Spartolos","2","1200","urn:cts:phoros:stele1.year2.hc1:header.7.17","same","42","urn:cite:phoros:payrec.151"
"urn:cite:phoros:places.50","Kasolaba","2","250","urn:cts:phoros:stele1.year2.hc1:right.8.13","up","44","urn:cite:phoros:payrec.153"
"urn:cite:phoros:places.14","Sane","2","600","urn:cts:phoros:stele1.year2.hc1:right.8.17","same","48","urn:cite:phoros:payrec.157"
"urn:cite:phoros:places.27","Hairai","2","1800","urn:cts:phoros:stele1.year2.hc1:right.8.18","same","49","urn:cite:phoros:payrec.158"
"urn:cite:phoros:places.30","Neapolis","2","300","urn:cts:phoros:stele1.year2.hc1:right.9.2","down","50","urn:cite:phoros:payrec.159"
"urn:cite:phoros:places.53","Olynthos","2","1200","urn:cts:phoros:stele1.year2.hc1:right.9.3","same","51","urn:cite:phoros:payrec.160"
"urn:cite:phoros:places.57","Mekyberna","2","600","urn:cts:phoros:stele1.year2.hc1:right.9.4","same","52","urn:cite:phoros:payrec.161"
"urn:cite:phoros:places.40","Palepsos","2","900","urn:cts:phoros:stele1.year2.hc1:right.9.6","same","54","urn:cite:phoros:payrec.163"
"urn:cite:phoros:places.44","Klazomenia","2","900","urn:cts:phoros:stele1.year2.hc1:right.9.8","same","56","urn:cite:phoros:payrec.165"
"urn:cite:phoros:places.98","Pelen/Pyli","2","400","urn:cts:phoros:stele1.year2.hc1:right.9.10","same","58","urn:cite:phoros:payrec.167"
"urn:cite:phoros:places.99","Latmos","2","600","urn:cts:phoros:stele1.year2.hc1:right.10.2","same","59","urn:cite:phoros:payrec.168"
"urn:cite:phoros:places.78","Parion","2","600","urn:cts:phoros:stele1.year2.hc1:right.10.3","same","60","urn:cite:phoros:payrec.169"
"urn:cite:phoros:places.66","Boutheia","2","1800","urn:cts:phoros:stele1.year2.hc1:right.10.4","same","61","urn:cite:phoros:payrec.170"
"urn:cite:phoros:places.18","Chersonese","2","10800","urn:cts:phoros:stele1.year2.hc1:right.10.5","same","62","urn:cite:phoros:payrec.171"
"urn:cite:phoros:places.100","Pedasa","2","1200","urn:cts:phoros:stele1.year2.hc1:right.10.6","same","63","urn:cite:phoros:payrec.172"
"urn:cite:phoros:places.101","Priene","2","600","urn:cts:phoros:stele1.year2.hc1:right.10.7","same","64","urn:cite:phoros:payrec.173"
"urn:cite:phoros:places.102","Kindya","2","600","urn:cts:phoros:stele1.year2.hc1:right.10.8","same","65","urn:cite:phoros:payrec.174"
"urn:cite:phoros:places.103","Bargylia","2","100","urn:cts:phoros:stele1.year2.hc1:right.10.9","same","66","urn:cite:phoros:payrec.175"
"urn:cite:phoros:places.42","Diduma Teichos","2","100","urn:cts:phoros:stele1.year2.hc1:right.10.10","same","67","urn:cite:phoros:payrec.176"
"urn:cite:phoros:places.106","Lemnos","3","5400","urn:cts:phoros:stele1.year3.hc1:front.1.2","same","2","urn:cite:phoros:payrec.178"
"urn:cite:phoros:places.65","Keramos","3","900","urn:cts:phoros:stele1.year3.hc1:front.1.3","same","3","urn:cite:phoros:payrec.179"
"urn:cite:phoros:places.71","Mydon","3","150","urn:cts:phoros:stele1.year3.hc1:front.1.4","same","4","urn:cite:phoros:payrec.180"
"urn:cite:phoros:places.107","Tenedos","3","2700","urn:cts:phoros:stele1.year3.hc1:front.1.5","same","5","urn:cite:phoros:payrec.181"
"urn:cite:phoros:places.40","Palepsos","3","900","urn:cts:phoros:stele1.year3.hc1:front.1.6","same","6","urn:cite:phoros:payrec.182"
"urn:cite:phoros:places.108","Pentinos","3","50","urn:cts:phoros:stele1.year3.hc1:front.1.7","same","7","urn:cite:phoros:payrec.183"
"urn:cite:phoros:places.47","Phaselis","3","3600","urn:cts:phoros:stele1.year3.hc1:front.1.8","same","8","urn:cite:phoros:payrec.184"
"urn:cite:phoros:places.109","Kalymna","3","900","urn:cts:phoros:stele1.year3.hc1:front.1.9","same","9","urn:cite:phoros:payrec.185"
"urn:cite:phoros:places.44","Klazomenia","3","900","urn:cts:phoros:stele1.year3.hc1:front.1.10","same","10","urn:cite:phoros:payrec.186"
"urn:cite:phoros:places.64","Kedriai","3","300","urn:cts:phoros:stele1.year3.hc1:front.1.11","same","11","urn:cite:phoros:payrec.187"
"urn:cite:phoros:places.77","Ios","3","600","urn:cts:phoros:stele1.year3.hc1:front.1.12","same","12","urn:cite:phoros:payrec.188"
"urn:cite:phoros:places.73","Artake","3","200","urn:cts:phoros:stele1.year3.hc1:front.1.13","same","13","urn:cite:phoros:payrec.189"
"urn:cite:phoros:places.51","Dikaia by Abdera","3","300","urn:cts:phoros:stele1.year3.hc1:front.1.14","same","14","urn:cite:phoros:payrec.190"
"urn:cite:phoros:places.92","Astypalaia","3","1200","urn:cts:phoros:stele1.year3.hc1:front.1.16","same","16","urn:cite:phoros:payrec.192"
"urn:cite:phoros:places.111","Karyanda","3","100","urn:cts:phoros:stele1.year3.hc1:front.1.30","same","19","urn:cite:phoros:payrec.195"
"urn:cite:phoros:places.7","Madnasa/Medmassa","3","1200","urn:cts:phoros:stele1.year3.hc1:front.1.31","same","20","urn:cite:phoros:payrec.196"
"urn:cite:phoros:places.112","Mende","3","4800","urn:cts:phoros:stele1.year3.hc1:front.2.4","same","24","urn:cite:phoros:payrec.200"
"urn:cite:phoros:places.113","Kampsa","3","100","urn:cts:phoros:stele1.year3.hc1:front.2.5","same","25","urn:cite:phoros:payrec.201"
"urn:cite:phoros:places.114","Mykonos","3","900","urn:cts:phoros:stele1.year3.hc1:front.2.6","same","26","urn:cite:phoros:payrec.202"
"urn:cite:phoros:places.9","Skione","3","3600","urn:cts:phoros:stele1.year3.hc1:front.2.7","same","27","urn:cite:phoros:payrec.203"
"urn:cite:phoros:places.32","Maroneia","3","900","urn:cts:phoros:stele1.year3.hc1:front.2.10","same","30","urn:cite:phoros:payrec.206"
"urn:cite:phoros:places.93","Samothraki","3","4800","urn:cts:phoros:stele1.year3.hc1:front.2.11","up","31","urn:cite:phoros:payrec.207"
"urn:cite:phoros:places.99","Latmos","3","600","urn:cts:phoros:stele1.year3.hc1:front.2.28","same","33","urn:cite:phoros:payrec.209"
"urn:cite:phoros:places.119","Myous","3","900","urn:cts:phoros:stele1.year3.hc1:front.2.29","same","34","urn:cite:phoros:payrec.210"
"urn:cite:phoros:places.18","Chersonese","3","1080","urn:cts:phoros:stele1.year3.hc1:front.2.30","down","35","urn:cite:phoros:payrec.211"
"urn:cite:phoros:places.75","Berytis below Mt. Ida","3","100","urn:cts:phoros:stele1.year3.hc1:front.2.31","same","36","urn:cite:phoros:payrec.212"
"urn:cite:phoros:places.3","Elaia","3","100","urn:cts:phoros:stele1.year3.hc1:front.3.3","same","38","urn:cite:phoros:payrec.214"
"urn:cite:phoros:places.22","Peparethos","3","1800","urn:cts:phoros:stele1.year3.hc1:front.3.4","same","39","urn:cite:phoros:payrec.215"
"urn:cite:phoros:places.36","Neandreia","3","200","urn:cts:phoros:stele1.year3.hc1:front.3.5","down","40","urn:cite:phoros:payrec.216"
"urn:cite:phoros:places.120","Myrina","3","600","urn:cts:phoros:stele1.year3.hc1:front.3.6","same","41","urn:cite:phoros:payrec.217"
"urn:cite:phoros:places.38","Halikarnassos","3","1000","urn:cts:phoros:stele1.year3.hc1:front.3.7","same","42","urn:cite:phoros:payrec.218"
"urn:cite:phoros:places.67","Kyllandos","3","1200","urn:cts:phoros:stele1.year3.hc1:front.3.8","same","43","urn:cite:phoros:payrec.219"
"urn:cite:phoros:places.41","Kyrbissos","3","200","urn:cts:phoros:stele1.year3.hc1:front.3.9","same","44","urn:cite:phoros:payrec.220"
"urn:cite:phoros:places.79","Daskyleion in Propontidi","3","50","urn:cts:phoros:stele1.year3.hc1:front.3.11","same","46","urn:cite:phoros:payrec.222"
"urn:cite:phoros:places.121","Athenai Diades","3","200","urn:cts:phoros:stele1.year3.hc1:front.3.25","same","48","urn:cite:phoros:payrec.224"
"urn:cite:phoros:places.28","Lindos Oiai","3","330","urn:cts:phoros:stele1.year3.hc1:front.3.26","same","49","urn:cite:phoros:payrec.225"
"urn:cite:phoros:places.76","Auliataι Kares","3","50","urn:cts:phoros:stele1.year3.hc1:front.3.29","same","51","urn:cite:phoros:payrec.227"
"urn:cite:phoros:places.123","Perkote","3","100","urn:cts:phoros:stele1.year3.hc1:front.3.31","same","52","urn:cite:phoros:payrec.228"
"urn:cite:phoros:places.5","Ainos","3","7200","urn:cts:phoros:stele1.year3.hc1:front.4.2","same","53","urn:cite:phoros:payrec.229"
"urn:cite:phoros:places.124","Nisyros","3","900","urn:cts:phoros:stele1.year3.hc1:front.4.3","same","54","urn:cite:phoros:payrec.230"
"urn:cite:phoros:places.31","Maiandros","3","400","urn:cts:phoros:stele1.year3.hc1:front.4.4","same","55","urn:cite:phoros:payrec.231"
"urn:cite:phoros:places.12","Thyssos","3","400","urn:cts:phoros:stele1.year3.hc1:front.4.6","same","57","urn:cite:phoros:payrec.233"
"urn:cite:phoros:places.125","Knidos","3","1800","urn:cts:phoros:stele1.year3.hc1:front.4.7","same","58","urn:cite:phoros:payrec.234"
"urn:cite:phoros:places.18","Chersonese","3","1800","urn:cts:phoros:stele1.year3.hc1:front.4.8","up","59","urn:cite:phoros:payrec.235"
"urn:cite:phoros:places.126","Pyrnos","3","100","urn:cts:phoros:stele1.year3.hc1:front.4.9","same","60","urn:cite:phoros:payrec.236"
"urn:cite:phoros:places.127","Priapos","3","50","urn:cts:phoros:stele1.year3.hc1:front.4.10","same","61","urn:cite:phoros:payrec.237"
"urn:cite:phoros:places.20","Kameiros","3","5400","urn:cts:phoros:stele1.year3.hc1:front.4.11","same","62","urn:cite:phoros:payrec.238"
"urn:cite:phoros:places.128","Ialysos","3","6000","urn:cts:phoros:stele1.year3.hc1:front.4.12","same","63","urn:cite:phoros:payrec.239"
"urn:cite:phoros:places.133","Berge","3","5070","urn:cts:phoros:stele1.year3.hc1:front.4.13","same","64","urn:cite:phoros:payrec.240"
"urn:cite:phoros:places.50","Kasolaba","3","250","urn:cts:phoros:stele1.year3.hc1:front.4.20","same","70","urn:cite:phoros:payrec.246"
"urn:cite:phoros:places.83","Lepsimandos","3","150","urn:cts:phoros:stele1.year3.hc1:front.4.24","up","71","urn:cite:phoros:payrec.247"
"urn:cite:phoros:places.26","Spartolos","3","1200","urn:cts:phoros:stele1.year3.hc1:front.4.25","same","72","urn:cite:phoros:payrec.248"
"urn:cite:phoros:places.131","Skepsis","3","600","urn:cts:phoros:stele1.year3.hc1:front.4.26","same","73","urn:cite:phoros:payrec.249"
"urn:cite:phoros:places.132","Azeia","3","40","urn:cts:phoros:stele1.year3.hc1:front.4.27","same","74","urn:cite:phoros:payrec.250"
"urn:cite:phoros:places.133","Berge","3","288","urn:cts:phoros:stele1.year3.hc1:front.4.28","down","75","urn:cite:phoros:payrec.251"
"urn:cite:phoros:places.134","Tyrodiza","3","100","urn:cts:phoros:stele1.year3.hc1:front.4.29","same","76","urn:cite:phoros:payrec.252"
"urn:cite:phoros:places.135","Syros","3","150","urn:cts:phoros:stele1.year3.hc1:front.4.30","same","77","urn:cite:phoros:payrec.253"
"urn:cite:phoros:places.136","Kyme","3","7200","urn:cts:phoros:stele1.year3.hc1:front.4.31","same","78","urn:cite:phoros:payrec.254"
"urn:cite:phoros:places.137","Perinthos","3","100","urn:cts:phoros:stele1.year3.hc1:front.5.2","same","79","urn:cite:phoros:payrec.255"
"urn:cite:phoros:places.138","Phokaia","3","1800","urn:cts:phoros:stele1.year3.hc1:front.5.3","same","80","urn:cite:phoros:payrec.256"
"urn:cite:phoros:places.80","Aigina","3","18000","urn:cts:phoros:stele1.year3.hc1:front.5.4","same","81","urn:cite:phoros:payrec.257"
"urn:cite:phoros:places.8","Therma in Ikaros","3","50","urn:cts:phoros:stele1.year3.hc1:front.5.5","same","82","urn:cite:phoros:payrec.258"
"urn:cite:phoros:places.6","Naxia","3","100","urn:cts:phoros:stele1.year3.hc1:front.5.7","same","84","urn:cite:phoros:payrec.260"
"urn:cite:phoros:places.48","Termera","3","1500","urn:cts:phoros:stele1.year3.hc1:front.5.8","same","85","urn:cite:phoros:payrec.261"
"urn:cite:phoros:places.23","Kolophon","3","1800","urn:cts:phoros:stele1.year3.hc1:front.5.9","same","86","urn:cite:phoros:payrec.262"
"urn:cite:phoros:places.24","Notion","3","100","urn:cts:phoros:stele1.year3.hc1:front.5.10","down","87","urn:cite:phoros:payrec.263"
"urn:cite:phoros:places.17","Sambaktos","3","600","urn:cts:phoros:stele1.year3.hc1:front.5.11","same","88","urn:cite:phoros:payrec.264"
"urn:cite:phoros:places.4","Ephesos","3","4500","urn:cts:phoros:stele1.year3.hc1:front.5.12","same","89","urn:cite:phoros:payrec.265"
"urn:cite:phoros:places.46","Karbasyanda","3","100","urn:cts:phoros:stele1.year3.hc1:front.5.13","same","90","urn:cite:phoros:payrec.266"
"urn:cite:phoros:places.110","Kaunos","3","300","urn:cts:phoros:stele1.year3.hc1:front.5.14","same","91","urn:cite:phoros:payrec.267"
"urn:cite:phoros:places.21","Krya","3","200","urn:cts:phoros:stele1.year3.hc1:front.5.15","same","92","urn:cite:phoros:payrec.268"
"urn:cite:phoros:places.52","Abdera","3","9000","urn:cts:phoros:stele1.year3.hc1:front.5.16","up","93","urn:cite:phoros:payrec.269"
"urn:cite:phoros:places.96","Myndos","3","50","urn:cts:phoros:stele1.year3.hc1:front.5.17","same","94","urn:cite:phoros:payrec.270"
"urn:cite:phoros:places.115","Kalchedon","3","4501","urn:cts:phoros:stele1.year3.hc1:front.5.18","same","95","urn:cite:phoros:payrec.271"
"urn:cite:phoros:places.61","Thasos","3","1800","urn:cts:phoros:stele1.year3.hc1:front.5.19","same","96","urn:cite:phoros:payrec.272"
"urn:cite:phoros:places.116","Paisos","3","100","urn:cts:phoros:stele1.year3.hc1:front.5.20","same","97","urn:cite:phoros:payrec.273"
"urn:cite:phoros:places.118","Gargara","3","450","urn:cts:phoros:stele1.year3.hc1:front.5.21","same","98","urn:cite:phoros:payrec.274"
"urn:cite:phoros:places.60","Singos","3","2400","urn:cts:phoros:stele1.year3.hc1:front.5.22","same","99","urn:cite:phoros:payrec.275"
"urn:cite:phoros:places.5","Ainos","3","1800","urn:cts:phoros:stele1.year3.hc1:front.5.24","down","101","urn:cite:phoros:payrec.277"
"urn:cite:phoros:places.11","Pitane","3","100","urn:cts:phoros:stele1.year3.hc1:front.5.25","same","102","urn:cite:phoros:payrec.278"
"urn:cite:phoros:places.97","Gryneion","3","100","urn:cts:phoros:stele1.year3.hc1:front.5.26","same","103","urn:cite:phoros:payrec.279"
"urn:cite:phoros:places.130","Daunion/Damnion","3","100","urn:cts:phoros:stele1.year3.hc1:front.5.27","same","104","urn:cite:phoros:payrec.280"
"urn:cite:phoros:places.139","Byzantion","3","9000","urn:cts:phoros:stele1.year3.hc1:front.5.28","same","105","urn:cite:phoros:payrec.281"
"urn:cite:phoros:places.9","Skione","4","3600","urn:cts:phoros:stele1.year4.hc1:front.1.2","same","2","urn:cite:phoros:payrec.285"
"urn:cite:phoros:places.105","Aphytis","4","1800","urn:cts:phoros:stele1.year4.hc1:front.1.4","same","4","urn:cite:phoros:payrec.287"
"urn:cite:phoros:places.143","Aige","4","300","urn:cts:phoros:stele1.year4.hc1:front.1.5","same","5","urn:cite:phoros:payrec.288"
"urn:cite:phoros:places.112","Mende","4","4800","urn:cts:phoros:stele1.year4.hc1:front.1.6","same","6","urn:cite:phoros:payrec.289"
"urn:cite:phoros:places.131","Skepsis","4","100","urn:cts:phoros:stele1.year4.hc1:front.1.7","down","7","urn:cite:phoros:payrec.290"
"urn:cite:phoros:places.144","Neapolis from Pallene ","4","300","urn:cts:phoros:stele1.year4.hc1:front.1.8","same","8","urn:cite:phoros:payrec.291"
"urn:cite:phoros:places.114","Mykonos","4","900","urn:cts:phoros:stele1.year4.hc1:front.1.10","same","10","urn:cite:phoros:payrec.293"
"urn:cite:phoros:places.50","Kasolaba","4","250","urn:cts:phoros:stele1.year4.hc1:front.1.11","same","11","urn:cite:phoros:payrec.294"
"urn:cite:phoros:places.83","Lepsimandos","4","150","urn:cts:phoros:stele1.year4.hc1:front.1.12","same","12","urn:cite:phoros:payrec.295"
"urn:cite:phoros:places.64","Kedriai","4","300","urn:cts:phoros:stele1.year4.hc1:front.1.13","same","13","urn:cite:phoros:payrec.296"
"urn:cite:phoros:places.125","Knidos","4","1800","urn:cts:phoros:stele1.year4.hc1:front.1.14","same","14","urn:cite:phoros:payrec.297"
"urn:cite:phoros:places.18","Chersonese","4","1800","urn:cts:phoros:stele1.year4.hc1:front.1.15","same","15","urn:cite:phoros:payrec.298"
"urn:cite:phoros:places.126","Pyrnos","4","100","urn:cts:phoros:stele1.year4.hc1:front.1.16","same","16","urn:cite:phoros:payrec.299"
"urn:cite:phoros:places.110","Kaunos","4","300","urn:cts:phoros:stele1.year4.hc1:front.1.17","same","17","urn:cite:phoros:payrec.300"
"urn:cite:phoros:places.145","Andros","4","7200","urn:cts:phoros:stele1.year4.hc1:front.1.18","same","18","urn:cite:phoros:payrec.301"
"urn:cite:phoros:places.146","Seriphos ","4","1200","urn:cts:phoros:stele1.year4.hc1:front.1.19","same","19","urn:cite:phoros:payrec.302"
"urn:cite:phoros:places.147","Koresos/κορεσια","4","1350","urn:cts:phoros:stele1.year4.hc1:front.1.20","same","20","urn:cite:phoros:payrec.303"
"urn:cite:phoros:places.148","Rheneia","4","100","urn:cts:phoros:stele1.year4.hc1:front.1.21","same","21","urn:cite:phoros:payrec.304"
"urn:cite:phoros:places.149","Karystos","4","4500","urn:cts:phoros:stele1.year4.hc1:front.1.22","same","22","urn:cite:phoros:payrec.305"
"urn:cite:phoros:places.150","Grynche","4","100","urn:cts:phoros:stele1.year4.hc1:front.1.23","same","23","urn:cite:phoros:payrec.306"
"urn:cite:phoros:places.51","Dikaia by Abdera","4","300","urn:cts:phoros:stele1.year4.hc1:front.1.24","same","24","urn:cite:phoros:payrec.307"
"urn:cite:phoros:places.15","Olophyxos","4","200","urn:cts:phoros:stele1.year4.hc1:front.1.25","same","25","urn:cite:phoros:payrec.308"
"urn:cite:phoros:places.16","Dion","4","600","urn:cts:phoros:stele1.year4.hc1:front.1.26","same","26","urn:cite:phoros:payrec.309"
"urn:cite:phoros:places.16","Dion","4","100","urn:cts:phoros:stele1.year4.hc1:front.1.27","down","27","urn:cite:phoros:payrec.310"
"urn:cite:phoros:places.90","Kodapa","4","100","urn:cts:phoros:stele1.year4.hc1:front.1.28","same","28","urn:cite:phoros:payrec.311"
"urn:cite:phoros:places.100","Pedasa","4","1200","urn:cts:phoros:stele1.year4.hc1:front.1.29","same","29","urn:cite:phoros:payrec.312"
"urn:cite:phoros:places.38","Halikarnassos","4","1000","urn:cts:phoros:stele1.year4.hc1:front.1.30","same","30","urn:cite:phoros:payrec.313"
"urn:cite:phoros:places.67","Kyllandos","4","1200","urn:cts:phoros:stele1.year4.hc1:front.1.31","same","31","urn:cite:phoros:payrec.314"
"urn:cite:phoros:places.41","Kyrbissos","4","200","urn:cts:phoros:stele1.year4.hc1:front.1.32","same","32","urn:cite:phoros:payrec.315"
"urn:cite:phoros:places.8","Therma in Ikaros","4","300","urn:cts:phoros:stele1.year4.hc1:front.1.33","up","33","urn:cite:phoros:payrec.316"
"urn:cite:phoros:places.46","Karbasyanda","4","100","urn:cts:phoros:stele1.year4.hc1:front.2.3","same","35","urn:cite:phoros:payrec.318"
"urn:cite:phoros:places.21","Krya","4","200","urn:cts:phoros:stele1.year4.hc1:front.2.4","same","36","urn:cite:phoros:payrec.319"
"urn:cite:phoros:places.76","Auliataι Kares","4","50","urn:cts:phoros:stele1.year4.hc1:front.2.5","same","37","urn:cite:phoros:payrec.320"
"urn:cite:phoros:places.44","Klazomenia","4","900","urn:cts:phoros:stele1.year4.hc1:front.2.6","same","38","urn:cite:phoros:payrec.321"
"urn:cite:phoros:places.151","Parparos","4","100","urn:cts:phoros:stele1.year4.hc1:front.2.7","same","39","urn:cite:phoros:payrec.322"
"urn:cite:phoros:places.34","Oine in Ikaros","4","800","urn:cts:phoros:stele1.year4.hc1:front.2.8","up","40","urn:cite:phoros:payrec.323"
"urn:cite:phoros:places.48","Termera","4","1500","urn:cts:phoros:stele1.year4.hc1:front.2.10","same","42","urn:cite:phoros:payrec.325"
"urn:cite:phoros:places.152","Teos","4","3600","urn:cts:phoros:stele1.year4.hc1:front.2.11","same","43","urn:cite:phoros:payrec.326"
"urn:cite:phoros:places.148","Rheneia","4","1800","urn:cts:phoros:stele1.year4.hc1:front.2.12","up","44","urn:cite:phoros:payrec.327"
"urn:cite:phoros:places.153","Palaiperkote","4","100","urn:cts:phoros:stele1.year4.hc1:front.2.13","same","45","urn:cite:phoros:payrec.328"
"urn:cite:phoros:places.20","Kameiros","4","5400","urn:cts:phoros:stele1.year4.hc1:front.2.14","same","46","urn:cite:phoros:payrec.329"
"urn:cite:phoros:places.99","Latmos","4","600","urn:cts:phoros:stele1.year4.hc1:front.2.15","same","47","urn:cite:phoros:payrec.330"
"urn:cite:phoros:places.60","Singos","4","2400","urn:cts:phoros:stele1.year4.hc1:front.2.16","same","48","urn:cite:phoros:payrec.331"
"urn:cite:phoros:places.32","Maroneia","4","300","urn:cts:phoros:stele1.year4.hc1:front.2.26","down","49","urn:cite:phoros:payrec.332"
"urn:cite:phoros:places.56","Sermylia","4","3550","urn:cts:phoros:stele1.year4.hc1:front.2.27","down","50","urn:cite:phoros:payrec.333"
"urn:cite:phoros:places.12","Thyssos","4","400","urn:cts:phoros:stele1.year4.hc1:front.2.28","same","51","urn:cite:phoros:payrec.334"
"urn:cite:phoros:places.136","Kyme","4","7200","urn:cts:phoros:stele1.year4.hc1:front.2.29","same","52","urn:cite:phoros:payrec.335"
"urn:cite:phoros:places.109","Kalymna","4","900","urn:cts:phoros:stele1.year4.hc1:front.2.30","same","53","urn:cite:phoros:payrec.336"
"urn:cite:phoros:places.174","Lebedos","4","1800","urn:cts:phoros:stele1.year4.hc1:front.2.31","same","54","urn:cite:phoros:payrec.337"
"urn:cite:phoros:places.154","Polichne in Karia","4","100","urn:cts:phoros:stele1.year4.hc1:front.2.32","same","55","urn:cite:phoros:payrec.338"
"urn:cite:phoros:places.55","Asseritis","4","2400","urn:cts:phoros:stele1.year4.hc1:front.3.21","up","57","urn:cite:phoros:payrec.340"
"urn:cite:phoros:places.155","Pasanda","4","300","urn:cts:phoros:stele1.year4.hc1:front.3.22","same","58","urn:cite:phoros:payrec.341"
"urn:cite:phoros:places.11","Pitane","4","100","urn:cts:phoros:stele1.year4.hc1:front.3.23","same","59","urn:cite:phoros:payrec.342"
"urn:cite:phoros:places.103","Bargylia","4","100","urn:cts:phoros:stele1.year4.hc1:front.3.24","same","60","urn:cite:phoros:payrec.343"
"urn:cite:phoros:places.96","Myndos","4","50","urn:cts:phoros:stele1.year4.hc1:front.3.25","same","61","urn:cite:phoros:payrec.344"
"urn:cite:phoros:places.93","Samothraki","4","3600","urn:cts:phoros:stele1.year4.hc1:front.3.26","down","62","urn:cite:phoros:payrec.345"
"urn:cite:phoros:places.156","Phegetioi","4","160","urn:cts:phoros:stele1.year4.hc1:front.3.28","same","64","urn:cite:phoros:payrec.347"
"urn:cite:phoros:places.157","Ikos","4","150","urn:cts:phoros:stele1.year4.hc1:front.3.30","same","66","urn:cite:phoros:payrec.349"
"urn:cite:phoros:places.22","Peparethos","4","1800","urn:cts:phoros:stele1.year4.hc1:front.4.2","same","67","urn:cite:phoros:payrec.350"
"urn:cite:phoros:places.61","Thasos","4","1800","urn:cts:phoros:stele1.year4.hc1:front.4.3","same","68","urn:cite:phoros:payrec.351"
"urn:cite:phoros:places.95","Lampsakos","4","7200","urn:cts:phoros:stele1.year4.hc1:front.4.4","same","69","urn:cite:phoros:payrec.352"
"urn:cite:phoros:places.24","Notion","4","200","urn:cts:phoros:stele1.year4.hc1:front.4.5","up","70","urn:cite:phoros:payrec.353"
"urn:cite:phoros:places.3","Elaia","4","100","urn:cts:phoros:stele1.year4.hc1:front.4.6","same","71","urn:cite:phoros:payrec.354"
"urn:cite:phoros:places.116","Paisos","4","100","urn:cts:phoros:stele1.year4.hc1:front.4.7","same","72","urn:cite:phoros:payrec.355"
"urn:cite:phoros:places.123","Perkote","4","100","urn:cts:phoros:stele1.year4.hc1:front.4.8","same","73","urn:cite:phoros:payrec.356"
"urn:cite:phoros:places.158","Dardanos","4","900","urn:cts:phoros:stele1.year4.hc1:front.4.9","same","74","urn:cite:phoros:payrec.357"
"urn:cite:phoros:places.23","Kolophon","4","1800","urn:cts:phoros:stele1.year4.hc1:front.4.10","same","75","urn:cite:phoros:payrec.358"
"urn:cite:phoros:places.5","Ainos","4","1800","urn:cts:phoros:stele1.year4.hc1:front.4.11","same","76","urn:cite:phoros:payrec.359"
"urn:cite:phoros:places.6","Naxia","4","100","urn:cts:phoros:stele1.year4.hc1:front.4.12","same","77","urn:cite:phoros:payrec.360"
"urn:cite:phoros:places.159","Selymbria","4","3600","urn:cts:phoros:stele1.year4.hc1:front.4.13","same","78","urn:cite:phoros:payrec.361"
"urn:cite:phoros:places.160","Kos","4","3000","urn:cts:phoros:stele1.year4.hc1:front.4.14","same","79","urn:cite:phoros:payrec.362"
"urn:cite:phoros:places.53","Olynthos","4","1200","urn:cts:phoros:stele1.year4.hc1:front.4.15","same","80","urn:cite:phoros:payrec.363"
"urn:cite:phoros:places.54","Skabla","4","300","urn:cts:phoros:stele1.year4.hc1:front.4.16","same","81","urn:cite:phoros:payrec.364"
"urn:cite:phoros:places.39","Strepsa","4","600","urn:cts:phoros:stele1.year4.hc1:front.4.17","same","82","urn:cite:phoros:payrec.365"
"urn:cite:phoros:places.161","Humisses","4","120","urn:cts:phoros:stele1.year4.hc1:front.4.18","same","83","urn:cite:phoros:payrec.366"
"urn:cite:phoros:places.35","Assos","4","600","urn:cts:phoros:stele1.year4.hc1:front.4.20","same","85","urn:cite:phoros:payrec.368"
"urn:cite:phoros:places.36","Neandreia","4","200","urn:cts:phoros:stele1.year4.hc1:front.4.21","same","86","urn:cite:phoros:payrec.369"
"urn:cite:phoros:places.37","Lamponeia","4","100","urn:cts:phoros:stele1.year4.hc1:front.4.22","same","87","urn:cite:phoros:payrec.370"
"urn:cite:phoros:places.65","Keramos","4","900","urn:cts:phoros:stele1.year4.hc1:front.4.25","same","90","urn:cite:phoros:payrec.373"
"urn:cite:phoros:places.162","Aison","4","150","urn:cts:phoros:stele1.year4.hc1:front.4.26","same","91","urn:cite:phoros:payrec.374"
"urn:cite:phoros:places.70","Narisbara/Narasa/Narasar","4","100","urn:cts:phoros:stele1.year4.hc1:front.4.27","same","92","urn:cite:phoros:payrec.375"
"urn:cite:phoros:places.163","Thasthara","4","50","urn:cts:phoros:stele1.year4.hc1:front.4.28","same","93","urn:cite:phoros:payrec.376"
"urn:cite:phoros:places.120","Myrina","4","600","urn:cts:phoros:stele1.year4.hc1:front.4.29","same","94","urn:cite:phoros:payrec.377"
"urn:cite:phoros:places.132","Azeia","4","40","urn:cts:phoros:stele1.year4.hc1:front.4.31","same","96","urn:cite:phoros:payrec.379"
"urn:cite:phoros:places.128","Ialysos","4","6000","urn:cts:phoros:stele1.year4.hc1:front.4.32","same","97","urn:cite:phoros:payrec.380"
"urn:cite:phoros:places.26","Spartolos","4","1200","urn:cts:phoros:stele1.year4.hc1:front.5.2","same","98","urn:cite:phoros:payrec.381"
"urn:cite:phoros:places.167","Chalketor","4","200","urn:cts:phoros:stele1.year4.hc1:front.5.23","same","106","urn:cite:phoros:payrec.389"
"urn:cite:phoros:places.168","Kudaies/Hudaies","4","40","urn:cts:phoros:stele1.year4.hc1:front.5.24","same","107","urn:cite:phoros:payrec.390"
"urn:cite:phoros:places.169","Hyblisses","4","106","urn:cts:phoros:stele1.year4.hc1:front.5.25","same","108","urn:cite:phoros:payrec.391"
"urn:cite:phoros:places.87","Uranium","4","50","urn:cts:phoros:stele1.year4.hc1:front.5.26","down","109","urn:cite:phoros:payrec.392"
"urn:cite:phoros:places.170","Killares","4","100","urn:cts:phoros:stele1.year4.hc1:front.5.27","same","110","urn:cite:phoros:payrec.393"
"urn:cite:phoros:places.171","Thydonos","4","100","urn:cts:phoros:stele1.year4.hc1:front.5.28","same","111","urn:cite:phoros:payrec.394"
"urn:cite:phoros:places.172","Silos","4","150","urn:cts:phoros:stele1.year4.hc1:front.5.29","same","112","urn:cite:phoros:payrec.395"
"urn:cite:phoros:places.173","Telandros","4","600","urn:cts:phoros:stele1.year4.hc1:front.5.30","same","113","urn:cite:phoros:payrec.396"
"urn:cite:phoros:places.126","Pyrnos","5","100","urn:cts:phoros:stele1.year5.hc1:front.1.2","same","2","urn:cite:phoros:payrec.400"
"urn:cite:phoros:places.125","Knidos","5","3000","urn:cts:phoros:stele1.year5.hc1:front.1.3","up","3","urn:cite:phoros:payrec.401"
"urn:cite:phoros:places.46","Karbasyanda","5","100","urn:cts:phoros:stele1.year5.hc1:front.1.4","same","4","urn:cite:phoros:payrec.402"
"urn:cite:phoros:places.21","Krya","5","200","urn:cts:phoros:stele1.year5.hc1:front.1.5","same","5","urn:cite:phoros:payrec.403"
"urn:cite:phoros:places.160","Kos","5","2136","urn:cts:phoros:stele1.year5.hc1:front.1.6","down","6","urn:cite:phoros:payrec.404"
"urn:cite:phoros:places.155","Pasanda","5","300","urn:cts:phoros:stele1.year5.hc1:front.1.7","same","7","urn:cite:phoros:payrec.405"
"urn:cite:phoros:places.76","Auliataι Kares","5","50","urn:cts:phoros:stele1.year5.hc1:front.1.8","same","8","urn:cite:phoros:payrec.406"
"urn:cite:phoros:places.175","Chalke","5","300","urn:cts:phoros:stele1.year5.hc1:front.1.9","same","9","urn:cite:phoros:payrec.407"
"urn:cite:phoros:places.128","Ialysos","5","6000","urn:cts:phoros:stele1.year5.hc1:front.1.10","same","10","urn:cite:phoros:payrec.408"
"urn:cite:phoros:places.176","Mylasa","5","600","urn:cts:phoros:stele1.year5.hc1:front.1.11","same","11","urn:cite:phoros:payrec.409"
"urn:cite:phoros:places.20","Kameiros","5","5400","urn:cts:phoros:stele1.year5.hc1:front.1.12","same","12","urn:cite:phoros:payrec.410"
"urn:cite:phoros:places.63","Pikres Syangela","5","600","urn:cts:phoros:stele1.year5.hc1:front.1.13","up","13","urn:cite:phoros:payrec.411"
"urn:cite:phoros:places.34","Oine in Ikaros","5","600","urn:cts:phoros:stele1.year5.hc1:front.1.15","down","15","urn:cite:phoros:payrec.413"
"urn:cite:phoros:places.44","Klazomenia","5","900","urn:cts:phoros:stele1.year5.hc1:front.2.3","same","17","urn:cite:phoros:payrec.415"
"urn:cite:phoros:places.27","Hairai","5","1800","urn:cts:phoros:stele1.year5.hc1:front.2.4","same","18","urn:cite:phoros:payrec.416"
"urn:cite:phoros:places.174","Lebedos","5","1800","urn:cts:phoros:stele1.year5.hc1:front.2.5","same","19","urn:cite:phoros:payrec.417"
"urn:cite:phoros:places.109","Kalymna","5","900","urn:cts:phoros:stele1.year5.hc1:front.2.6","same","20","urn:cite:phoros:payrec.418"
"urn:cite:phoros:places.151","Parparos","5","100","urn:cts:phoros:stele1.year5.hc1:front.2.7","same","21","urn:cite:phoros:payrec.419"
"urn:cite:phoros:places.41","Kyrbissos","5","200","urn:cts:phoros:stele1.year5.hc1:front.2.8","same","22","urn:cite:phoros:payrec.420"
"urn:cite:phoros:places.152","Teos","5","3600","urn:cts:phoros:stele1.year5.hc1:front.2.9","same","23","urn:cite:phoros:payrec.421"
"urn:cite:phoros:places.96","Myndos","5","50","urn:cts:phoros:stele1.year5.hc1:front.2.10","same","24","urn:cite:phoros:payrec.422"
"urn:cite:phoros:places.198","Erythrai","5","270","urn:cts:phoros:stele1.year5.hc1:front.2.12","same","26","urn:cite:phoros:payrec.424"
"urn:cite:phoros:places.179","Karpathos","5","100","urn:cts:phoros:stele1.year5.hc1:front.2.17","same","31","urn:cite:phoros:payrec.429"
"urn:cite:phoros:places.120","Myrina","5","600","urn:cts:phoros:stele1.year5.hc1:front.2.27","same","33","urn:cite:phoros:payrec.431"
"urn:cite:phoros:places.35","Assos","5","600","urn:cts:phoros:stele1.year5.hc1:front.2.28","same","34","urn:cite:phoros:payrec.432"
"urn:cite:phoros:places.25","Diosera","5","100","urn:cts:phoros:stele1.year5.hc1:front.2.29","same","35","urn:cite:phoros:payrec.433"
"urn:cite:phoros:places.24","Notion","5","200","urn:cts:phoros:stele1.year5.hc1:front.2.30","same","36","urn:cite:phoros:payrec.434"
"urn:cite:phoros:places.50","Kasolaba","5","250","urn:cts:phoros:stele1.year5.hc1:front.2.31","same","37","urn:cite:phoros:payrec.435"
"urn:cite:phoros:places.49","Kebrene","5","870","urn:cts:phoros:stele1.year5.hc1:front.2.32","down","38","urn:cite:phoros:payrec.436"
"urn:cite:phoros:places.36","Neandreia","5","200","urn:cts:phoros:stele1.year5.hc1:front.2.33","same","39","urn:cite:phoros:payrec.437"
"urn:cite:phoros:places.47","Phaselis","5","1800","urn:cts:phoros:stele1.year5.hc1:front.2.34","down","40","urn:cite:phoros:payrec.438"
"urn:cite:phoros:places.8","Therma in Ikaros","5","300","urn:cts:phoros:stele1.year5.hc1:front.2.35","same","41","urn:cite:phoros:payrec.439"
"urn:cite:phoros:places.167","Chalketor","5","210","urn:cts:phoros:stele1.year5.hc1:front.2.37","up","43","urn:cite:phoros:payrec.441"
"urn:cite:phoros:places.168","Kudaies/Hudaies","5","40","urn:cts:phoros:stele1.year5.hc1:front.2.39","same","45","urn:cite:phoros:payrec.443"
"urn:cite:phoros:places.38","Halikarnassos","5","1200","urn:cts:phoros:stele1.year5.hc1:front.2.40","up","46","urn:cite:phoros:payrec.444"
"urn:cite:phoros:places.182","Aineia","5","1800","urn:cts:phoros:stele1.year5.hc1:front.3.7","same","48","urn:cite:phoros:payrec.446"
"urn:cite:phoros:places.40","Palepsos","5","900","urn:cts:phoros:stele1.year5.hc1:front.3.8","same","49","urn:cite:phoros:payrec.447"
"urn:cite:phoros:places.43","Dikaiopolis","5","600","urn:cts:phoros:stele1.year5.hc1:front.3.9","down","50","urn:cite:phoros:payrec.448"
"urn:cite:phoros:places.14","Sane","5","600","urn:cts:phoros:stele1.year5.hc1:front.3.11","same","52","urn:cite:phoros:payrec.450"
"urn:cite:phoros:places.183","Neapolis by Antisara","5","100","urn:cts:phoros:stele1.year5.hc1:front.3.12","same","53","urn:cite:phoros:payrec.451"
"urn:cite:phoros:places.57","Mekyberna","5","600","urn:cts:phoros:stele1.year5.hc1:front.3.14","same","55","urn:cite:phoros:payrec.453"
"urn:cite:phoros:places.54","Skabla","5","300","urn:cts:phoros:stele1.year5.hc1:front.3.15","same","56","urn:cite:phoros:payrec.454"
"urn:cite:phoros:places.55","Asseritis","5","2400","urn:cts:phoros:stele1.year5.hc1:front.3.16","same","57","urn:cite:phoros:payrec.455"
"urn:cite:phoros:places.156","Phegetioi","5","160","urn:cts:phoros:stele1.year5.hc1:front.3.17","same","58","urn:cite:phoros:payrec.456"
"urn:cite:phoros:places.51","Dikaia by Abdera","5","300","urn:cts:phoros:stele1.year5.hc1:front.3.18","same","59","urn:cite:phoros:payrec.457"
"urn:cite:phoros:places.52","Abdera","5","9000","urn:cts:phoros:stele1.year5.hc1:front.3.20","same","61","urn:cite:phoros:payrec.459"
"urn:cite:phoros:places.32","Maroneia","5","900","urn:cts:phoros:stele1.year5.hc1:front.3.21","up","62","urn:cite:phoros:payrec.460"
"urn:cite:phoros:places.12","Thyssos","5","900","urn:cts:phoros:stele1.year5.hc1:front.3.22","up","63","urn:cite:phoros:payrec.461"
"urn:cite:phoros:places.5","Ainos","5","7200","urn:cts:phoros:stele1.year5.hc1:front.3.23","up","64","urn:cite:phoros:payrec.462"
"urn:cite:phoros:places.93","Samothraki","5","3600","urn:cts:phoros:stele1.year5.hc1:front.3.24","same","65","urn:cite:phoros:payrec.463"
"urn:cite:phoros:places.201","Neapolis of Menda abroad","5","300","urn:cts:phoros:stele1.year5.hc1:front.3.25","same","66","urn:cite:phoros:payrec.464"
"urn:cite:phoros:places.75","Berytis below Mt. Ida","5","100","urn:cts:phoros:stele1.year5.hc1:front.3.27","same","68","urn:cite:phoros:payrec.466"
"urn:cite:phoros:places.53","Olynthos","5","1200","urn:cts:phoros:stele1.year5.hc1:front.3.29","same","70","urn:cite:phoros:payrec.468"
"urn:cite:phoros:places.39","Strepsa","5","600","urn:cts:phoros:stele1.year5.hc1:front.3.30","same","71","urn:cite:phoros:payrec.469"
"urn:cite:phoros:places.162","Aison","5","150","urn:cts:phoros:stele1.year5.hc1:front.3.31","same","72","urn:cite:phoros:payrec.470"
"urn:cite:phoros:places.158","Dardanos","5","276","urn:cts:phoros:stele1.year5.hc1:front.3.32","down","73","urn:cite:phoros:payrec.471"
"urn:cite:phoros:places.184","Akanthos","5","3000","urn:cts:phoros:stele1.year5.hc1:front.3.33","same","74","urn:cite:phoros:payrec.472"
"urn:cite:phoros:places.48","Termera","5","1500","urn:cts:phoros:stele1.year5.hc1:front.3.34","same","75","urn:cite:phoros:payrec.473"
"urn:cite:phoros:places.185","Pargasa","5","100","urn:cts:phoros:stele1.year5.hc1:front.3.35","same","76","urn:cite:phoros:payrec.474"
"urn:cite:phoros:places.137","Perinthos","5","2293","urn:cts:phoros:stele1.year5.hc1:front.3.36","up","77","urn:cite:phoros:payrec.475"
"urn:cite:phoros:places.186","Gentinos","5","50","urn:cts:phoros:stele1.year5.hc1:front.3.37","same","78","urn:cite:phoros:payrec.476"
"urn:cite:phoros:places.107","Tenedos","5","1728","urn:cts:phoros:stele1.year5.hc1:front.3.38","down","79","urn:cite:phoros:payrec.477"
"urn:cite:phoros:places.187","Skiathos","5","100","urn:cts:phoros:stele1.year5.hc1:front.3.39","same","80","urn:cite:phoros:payrec.478"
"urn:cite:phoros:places.131","Skepsis","5","100","urn:cts:phoros:stele1.year5.hc1:front.3.40","same","81","urn:cite:phoros:payrec.479"
"urn:cite:phoros:places.186","Gentinos","7","50","urn:cts:phoros:stele1.year7.hc1:front.1.3","same","3","urn:cite:phoros:payrec.482"
"urn:cite:phoros:places.1","Stageira","7","100","urn:cts:phoros:stele1.year7.hc1:front.1.4","same","4","urn:cite:phoros:payrec.483"
"urn:cite:phoros:places.65","Keramos","7","900","urn:cts:phoros:stele1.year7.hc1:front.1.5","same","5","urn:cite:phoros:payrec.484"
"urn:cite:phoros:places.20","Kameiros","7","4500","urn:cts:phoros:stele1.year7.hc1:front.1.6","down","6","urn:cite:phoros:payrec.485"
"urn:cite:phoros:places.38","Halikarnassos","7","1200","urn:cts:phoros:stele1.year7.hc1:front.1.7","same","7","urn:cite:phoros:payrec.486"
"urn:cite:phoros:places.120","Myrina","7","600","urn:cts:phoros:stele1.year7.hc1:front.1.8","same","8","urn:cite:phoros:payrec.487"
"urn:cite:phoros:places.57","Mekyberna","7","600","urn:cts:phoros:stele1.year7.hc1:front.1.9","same","9","urn:cite:phoros:payrec.488"
"urn:cite:phoros:places.202","Pladasa","7","200","urn:cts:phoros:stele1.year7.hc1:front.1.10","same","10","urn:cite:phoros:payrec.489"
"urn:cite:phoros:places.100","Pedasa","7","600","urn:cts:phoros:stele1.year7.hc1:front.1.11","down","11","urn:cite:phoros:payrec.490"
"urn:cite:phoros:places.136","Kyme","7","5400","urn:cts:phoros:stele1.year7.hc1:front.1.12","down","12","urn:cite:phoros:payrec.491"
"urn:cite:phoros:places.11","Pitane","7","100","urn:cts:phoros:stele1.year7.hc1:front.1.13","same","13","urn:cite:phoros:payrec.492"
"urn:cite:phoros:places.97","Gryneion","7","100","urn:cts:phoros:stele1.year7.hc1:front.1.14","same","14","urn:cite:phoros:payrec.493"
"urn:cite:phoros:places.164","Chersonesos","7","1800","urn:cts:phoros:stele1.year7.hc1:front.1.15","same","15","urn:cite:phoros:payrec.494"
"urn:cite:phoros:places.126","Pyrnos","7","100","urn:cts:phoros:stele1.year7.hc1:front.1.16","same","16","urn:cite:phoros:payrec.495"
"urn:cite:phoros:places.30","Neapolis","7","100","urn:cts:phoros:stele1.year7.hc1:front.1.17","down","17","urn:cite:phoros:payrec.496"
"urn:cite:phoros:places.67","Kyllandos","7","1200","urn:cts:phoros:stele1.year7.hc1:front.1.18","same","18","urn:cite:phoros:payrec.497"
"urn:cite:phoros:places.41","Kyrbissos","7","100","urn:cts:phoros:stele1.year7.hc1:front.1.19","down","19","urn:cite:phoros:payrec.498"
"urn:cite:phoros:places.68","Chios in Karia","7","100","urn:cts:phoros:stele1.year7.hc1:front.1.20","down","20","urn:cite:phoros:payrec.499"
"urn:cite:phoros:places.105","Aphytis","7","1800","urn:cts:phoros:stele1.year7.hc1:front.1.21","same","21","urn:cite:phoros:payrec.500"
"urn:cite:phoros:places.203","Syangela","7","600","urn:cts:phoros:stele1.year7.hc1:front.1.22","same","22","urn:cite:phoros:payrec.501"
"urn:cite:phoros:places.48","Termera","7","1500","urn:cts:phoros:stele1.year7.hc1:front.1.23","same","23","urn:cite:phoros:payrec.502"
"urn:cite:phoros:places.204","Idyma","7","520","urn:cts:phoros:stele1.year7.hc1:front.1.24","same","24","urn:cite:phoros:payrec.503"
"urn:cite:phoros:places.32","Maroneia","7","900","urn:cts:phoros:stele1.year7.hc1:front.1.25","same","25","urn:cite:phoros:payrec.504"
"urn:cite:phoros:places.8","Therma in Ikaros","7","300","urn:cts:phoros:stele1.year7.hc1:front.1.26","same","26","urn:cite:phoros:payrec.505"
"urn:cite:phoros:places.34","Oine in Ikaros","7","600","urn:cts:phoros:stele1.year7.hc1:front.1.27","same","27","urn:cite:phoros:payrec.506"
"urn:cite:phoros:places.175","Chalke","7","300","urn:cts:phoros:stele1.year7.hc1:front.1.28","same","28","urn:cite:phoros:payrec.507"
"urn:cite:phoros:places.174","Lebedos","7","1800","urn:cts:phoros:stele1.year7.hc1:front.1.30","same","30","urn:cite:phoros:payrec.509"
"urn:cite:phoros:places.182","Aineia","7","1800","urn:cts:phoros:stele1.year7.hc1:front.1.31","same","31","urn:cite:phoros:payrec.510"
"urn:cite:phoros:places.162","Aison","7","150","urn:cts:phoros:stele1.year7.hc1:front.1.33","same","32","urn:cite:phoros:payrec.511"
"urn:cite:phoros:places.43","Dikaiopolis","7","600","urn:cts:phoros:stele1.year7.hc1:front.1.34","same","33","urn:cite:phoros:payrec.512"
"urn:cite:phoros:places.5","Ainos","7","7200","urn:cts:phoros:stele1.year7.hc1:front.1.36","same","35","urn:cite:phoros:payrec.514"
"urn:cite:phoros:places.110","Kaunos","7","300","urn:cts:phoros:stele1.year7.hc1:front.1.36","same","35","urn:cite:phoros:payrec.515"
"urn:cite:phoros:places.5","Ainos","7","7200","urn:cts:phoros:stele1.year7.hc1:front.1.36","same","36","urn:cite:phoros:payrec.514"
"urn:cite:phoros:places.110","Kaunos","7","300","urn:cts:phoros:stele1.year7.hc1:front.1.36","same","36","urn:cite:phoros:payrec.515"
"urn:cite:phoros:places.6","Naxia","7","50","urn:cts:phoros:stele1.year7.hc1:front.1.37","down","37","urn:cite:phoros:payrec.516"
"urn:cite:phoros:places.163","Thasthara","7","50","urn:cts:phoros:stele1.year7.hc1:front.2.2","same","38","urn:cite:phoros:payrec.517"
"urn:cite:phoros:places.71","Mydon","7","150","urn:cts:phoros:stele1.year7.hc1:front.2.3","same","39","urn:cite:phoros:payrec.518"
"urn:cite:phoros:places.173","Telandros","7","300","urn:cts:phoros:stele1.year7.hc1:front.2.4","down","40","urn:cite:phoros:payrec.519"
"urn:cite:phoros:places.46","Karbasyanda","7","100","urn:cts:phoros:stele1.year7.hc1:front.2.5","same","41","urn:cite:phoros:payrec.520"
"urn:cite:phoros:places.76","Auliataι Kares","7","50","urn:cts:phoros:stele1.year7.hc1:front.2.6","same","42","urn:cite:phoros:payrec.521"
"urn:cite:phoros:places.21","Krya","7","200","urn:cts:phoros:stele1.year7.hc1:front.2.7","same","43","urn:cite:phoros:payrec.522"
"urn:cite:phoros:places.2","Pharbelos","7","100","urn:cts:phoros:stele1.year7.hc1:front.2.8","same","44","urn:cite:phoros:payrec.523"
"urn:cite:phoros:places.96","Myndos","7","50","urn:cts:phoros:stele1.year7.hc1:front.2.9","same","45","urn:cite:phoros:payrec.524"
"urn:cite:phoros:places.33","Lindos","7","6000","urn:cts:phoros:stele1.year7.hc1:front.2.10","up","46","urn:cite:phoros:payrec.525"
"urn:cite:phoros:places.205","Pedies in Lindos","7","200","urn:cts:phoros:stele1.year7.hc1:front.2.11","same","47","urn:cite:phoros:payrec.526"
"urn:cite:phoros:places.12","Thyssos","7","900","urn:cts:phoros:stele1.year7.hc1:front.2.12","same","48","urn:cite:phoros:payrec.527"
"urn:cite:phoros:places.14","Sane","7","200","urn:cts:phoros:stele1.year7.hc1:front.2.13","down","49","urn:cite:phoros:payrec.528"
"urn:cite:phoros:places.135","Syros","7","100","urn:cts:phoros:stele1.year7.hc1:front.2.16","down","50","urn:cite:phoros:payrec.529"
"urn:cite:phoros:places.206","Othoros","7","100","urn:cts:phoros:stele1.year7.hc1:front.2.17","same","51","urn:cite:phoros:payrec.530"
"urn:cite:phoros:places.49","Kebrene","7","1800","urn:cts:phoros:stele1.year7.hc1:front.2.18","up","52","urn:cite:phoros:payrec.531"
"urn:cite:phoros:places.90","Kodapa","7","100","urn:cts:phoros:stele1.year7.hc1:front.2.20","same","53","urn:cite:phoros:payrec.532"
"urn:cite:phoros:places.168","Kudaies/Hudaies","7","40","urn:cts:phoros:stele1.year7.hc1:front.2.21","same","54","urn:cite:phoros:payrec.533"
"urn:cite:phoros:places.25","Diosera","7","100","urn:cts:phoros:stele1.year7.hc1:front.2.22","same","55","urn:cite:phoros:payrec.534"
"urn:cite:phoros:places.167","Chalketor","7","210","urn:cts:phoros:stele1.year7.hc1:front.2.23","same","56","urn:cite:phoros:payrec.535"
"urn:cite:phoros:places.15","Olophyxos","7","150","urn:cts:phoros:stele1.year7.hc1:front.2.24","down","57","urn:cite:phoros:payrec.536"
"urn:cite:phoros:places.44","Klazomenia","7","900","urn:cts:phoros:stele1.year7.hc1:front.2.25","same","58","urn:cite:phoros:payrec.537"
"urn:cite:phoros:places.52","Abdera","7","8400","urn:cts:phoros:stele1.year7.hc1:front.2.26","down","59","urn:cite:phoros:payrec.538"
"urn:cite:phoros:places.109","Kalymna","7","900","urn:cts:phoros:stele1.year7.hc1:front.2.27","same","60","urn:cite:phoros:payrec.539"
"urn:cite:phoros:places.24","Notion","7","200","urn:cts:phoros:stele1.year7.hc1:front.2.28","same","61","urn:cite:phoros:payrec.540"
"urn:cite:phoros:places.118","Gargara","7","450","urn:cts:phoros:stele1.year7.hc1:front.2.29","same","62","urn:cite:phoros:payrec.541"
"urn:cite:phoros:places.47","Phaselis","7","1800","urn:cts:phoros:stele1.year7.hc1:front.2.30","same","63","urn:cite:phoros:payrec.542"
"urn:cite:phoros:places.16","Dion","7","600","urn:cts:phoros:stele1.year7.hc1:front.2.31","up","64","urn:cite:phoros:payrec.543"
"urn:cite:phoros:places.125","Knidos","7","3000","urn:cts:phoros:stele1.year7.hc1:front.2.32","same","65","urn:cite:phoros:payrec.544"
"urn:cite:phoros:places.26","Spartolos","7","1200","urn:cts:phoros:stele1.year7.hc1:front.2.33","same","66","urn:cite:phoros:payrec.545"
"urn:cite:phoros:places.39","Strepsa","7","600","urn:cts:phoros:stele1.year7.hc1:front.2.34","same","67","urn:cite:phoros:payrec.546"
"urn:cite:phoros:places.64","Kedriai","7","50","urn:cts:phoros:stele1.year7.hc1:front.2.35","down","68","urn:cite:phoros:payrec.547"
"urn:cite:phoros:places.128","Ialysos","7","6000","urn:cts:phoros:stele1.year7.hc1:front.2.36","same","69","urn:cite:phoros:payrec.548"
"urn:cite:phoros:places.92","Astypalaia","7","1200","urn:cts:phoros:stele1.year7.hc1:front.2.37","same","70","urn:cite:phoros:payrec.549"
"urn:cite:phoros:places.58","Stolos","7","500","urn:cts:phoros:stele1.year7.hc1:front.2.38","same","71","urn:cite:phoros:payrec.550"
"urn:cite:phoros:places.95","Lampsakos","7","520","urn:cts:phoros:stele1.year7.hc1:front.3.2","down","72","urn:cite:phoros:payrec.589"
"urn:cite:phoros:places.207","Chedrolos","7","50","urn:cts:phoros:stele1.year7.hc1:front.3.2","same","72","urn:cite:phoros:payrec.551"
"urn:cite:phoros:places.148","Rheneia","7","30","urn:cts:phoros:stele1.year7.hc1:front.3.3","down","73","urn:cite:phoros:payrec.552"
"urn:cite:phoros:places.143","Aige","7","300","urn:cts:phoros:stele1.year7.hc1:front.3.3","same","73","urn:cite:phoros:payrec.590"
"urn:cite:phoros:places.127","Priapos","7","50","urn:cts:phoros:stele1.year7.hc1:front.3.4","same","74","urn:cite:phoros:payrec.553"
"urn:cite:phoros:places.190","Tenos","7","1800","urn:cts:phoros:stele1.year7.hc1:front.3.4","same","74","urn:cite:phoros:payrec.591"
"urn:cite:phoros:places.196","Hestiaia","7","100","urn:cts:phoros:stele1.year7.hc1:front.3.5","same","75","urn:cite:phoros:payrec.554"
"urn:cite:phoros:places.152","Teos","7","3600","urn:cts:phoros:stele1.year7.hc1:front.3.5","same","75","urn:cite:phoros:payrec.592"
"urn:cite:phoros:places.145","Andros","7","3600","urn:cts:phoros:stele1.year7.hc1:front.3.6","down","76","urn:cite:phoros:payrec.593"
"urn:cite:phoros:places.153","Palaiperkote","7","50","urn:cts:phoros:stele1.year7.hc1:front.3.6","down","76","urn:cite:phoros:payrec.555"
"urn:cite:phoros:places.208","Galepsos","7","900","urn:cts:phoros:stele1.year7.hc1:front.3.7","same","77","urn:cite:phoros:payrec.556"
"urn:cite:phoros:places.114","Mykonos","7","900","urn:cts:phoros:stele1.year7.hc1:front.3.7","same","77","urn:cite:phoros:payrec.594"
"urn:cite:phoros:places.61","Thasos","7","1470","urn:cts:phoros:stele1.year7.hc1:front.3.8","down","78","urn:cite:phoros:payrec.595"
"urn:cite:phoros:places.138","Phokaia","7","1800","urn:cts:phoros:stele1.year7.hc1:front.3.8","same","78","urn:cite:phoros:payrec.557"
"urn:cite:phoros:places.160","Kos","7","2136","urn:cts:phoros:stele1.year7.hc1:front.3.9","same","79","urn:cite:phoros:payrec.558"
"urn:cite:phoros:places.103","Bargylia","7","100","urn:cts:phoros:stele1.year7.hc1:front.3.10","same","80","urn:cite:phoros:payrec.559"
"urn:cite:phoros:places.214","Eretria","7","3600","urn:cts:phoros:stele1.year7.hc1:front.3.10","same","80","urn:cite:phoros:payrec.597"
"urn:cite:phoros:places.150","Grynche","7","100","urn:cts:phoros:stele1.year7.hc1:front.3.11","same","81","urn:cite:phoros:payrec.598"
"urn:cite:phoros:places.93","Samothraki","7","3600","urn:cts:phoros:stele1.year7.hc1:front.3.11","same","81","urn:cite:phoros:payrec.560"
"urn:cite:phoros:places.55","Asseritis","7","2400","urn:cts:phoros:stele1.year7.hc1:front.3.12","same","82","urn:cite:phoros:payrec.561"
"urn:cite:phoros:places.191","Siphnos","7","1800","urn:cts:phoros:stele1.year7.hc1:front.3.12","same","82","urn:cite:phoros:payrec.599"
"urn:cite:phoros:places.42","Diduma Teichos","7","100","urn:cts:phoros:stele1.year7.hc1:front.3.13","same","83","urn:cite:phoros:payrec.600"
"urn:cite:phoros:places.51","Dikaia by Abdera","7","300","urn:cts:phoros:stele1.year7.hc1:front.3.13","same","83","urn:cite:phoros:payrec.562"
"urn:cite:phoros:places.16","Dion","7","200","urn:cts:phoros:stele1.year7.hc1:front.3.14","down","84","urn:cite:phoros:payrec.563"
"urn:cite:phoros:places.77","Ios","7","100","urn:cts:phoros:stele1.year7.hc1:front.3.14","down","84","urn:cite:phoros:payrec.601"
"urn:cite:phoros:places.13","Torone","7","4744","urn:cts:phoros:stele1.year7.hc1:front.3.15","down","85","urn:cite:phoros:payrec.602"
"urn:cite:phoros:places.209","Eurumaxos","7","100","urn:cts:phoros:stele1.year7.hc1:front.3.15","same","85","urn:cite:phoros:payrec.564"
"urn:cite:phoros:places.158","Dardanos","7","100","urn:cts:phoros:stele1.year7.hc1:front.3.16","down","86","urn:cite:phoros:payrec.603"
"urn:cite:phoros:places.210","Brykous","7","50","urn:cts:phoros:stele1.year7.hc1:front.3.16","same","86","urn:cite:phoros:payrec.565"
"urn:cite:phoros:places.72","Kios","7","100","urn:cts:phoros:stele1.year7.hc1:front.3.17","same","87","urn:cite:phoros:payrec.566"
"urn:cite:phoros:places.101","Priene","7","600","urn:cts:phoros:stele1.year7.hc1:front.3.17","same","87","urn:cite:phoros:payrec.604"
"urn:cite:phoros:places.180","Arkaseia","7","100","urn:cts:phoros:stele1.year7.hc1:front.3.18","same","88","urn:cite:phoros:payrec.567"
"urn:cite:phoros:places.195","Styra","7","600","urn:cts:phoros:stele1.year7.hc1:front.3.18","same","88","urn:cite:phoros:payrec.605"
"urn:cite:phoros:places.121","Athenai Diades","7","100","urn:cts:phoros:stele1.year7.hc1:front.3.19","down","89","urn:cite:phoros:payrec.606"
"urn:cite:phoros:places.161","Humisses","7","120","urn:cts:phoros:stele1.year7.hc1:front.3.19","same","89","urn:cite:phoros:payrec.568"
"urn:cite:phoros:places.75","Berytis below Mt. Ida","7","100","urn:cts:phoros:stele1.year7.hc1:front.3.20","same","90","urn:cite:phoros:payrec.607"
"urn:cite:phoros:places.211","Udissos","7","600","urn:cts:phoros:stele1.year7.hc1:front.3.20","same","90","urn:cite:phoros:payrec.569"
"urn:cite:phoros:places.27","Hairai","7","1800","urn:cts:phoros:stele1.year7.hc1:front.3.21","same","91","urn:cite:phoros:payrec.570"
"urn:cite:phoros:places.215","Chalkis","7","3000","urn:cts:phoros:stele1.year7.hc1:front.3.22","same","92","urn:cite:phoros:payrec.609"
"urn:cite:phoros:places.192","Paros","7","9720","urn:cts:phoros:stele1.year7.hc1:front.3.22","same","92","urn:cite:phoros:payrec.571"
"urn:cite:phoros:places.130","Daunion/Damnion","7","100","urn:cts:phoros:stele1.year7.hc1:front.3.23","same","93","urn:cite:phoros:payrec.572"
"urn:cite:phoros:places.30","Neapolis","7","300","urn:cts:phoros:stele1.year7.hc1:front.3.23","up","93","urn:cite:phoros:payrec.610"
"urn:cite:phoros:places.37","Lamponeia","7","100","urn:cts:phoros:stele1.year7.hc1:front.3.24","same","94","urn:cite:phoros:payrec.611"
"urn:cite:phoros:places.197","Naxos","7","4000","urn:cts:phoros:stele1.year7.hc1:front.3.24","same","94","urn:cite:phoros:payrec.573"
"urn:cite:phoros:places.116","Paisos","7","100","urn:cts:phoros:stele1.year7.hc1:front.3.25","same","95","urn:cite:phoros:payrec.612"
"urn:cite:phoros:places.115","Kalchedon","7","5400","urn:cts:phoros:stele1.year7.hc1:front.3.25","up","95","urn:cite:phoros:payrec.574"
"urn:cite:phoros:places.123","Perkote","7","100","urn:cts:phoros:stele1.year7.hc1:front.3.26","same","96","urn:cite:phoros:payrec.613"
"urn:cite:phoros:places.159","Selymbria","7","3600","urn:cts:phoros:stele1.year7.hc1:front.3.26","same","96","urn:cite:phoros:payrec.575"
"urn:cite:phoros:places.35","Assos","7","600","urn:cts:phoros:stele1.year7.hc1:front.3.27","same","97","urn:cite:phoros:payrec.614"
"urn:cite:phoros:places.198","Erythrai","7","5400","urn:cts:phoros:stele1.year7.hc1:front.3.27","up","97","urn:cite:phoros:payrec.576"
"urn:cite:phoros:places.83","Lepsimandos","7","150","urn:cts:phoros:stele1.year7.hc1:front.3.30","same","100","urn:cite:phoros:payrec.617"
"urn:cite:phoros:places.50","Kasolaba","7","250","urn:cts:phoros:stele1.year7.hc1:front.3.31","same","101","urn:cite:phoros:payrec.618"
"urn:cite:phoros:places.60","Singos","7","1200","urn:cts:phoros:stele1.year7.hc1:front.3.32","down","102","urn:cite:phoros:payrec.580"
"urn:cite:phoros:places.156","Phegetioi","7","160","urn:cts:phoros:stele1.year7.hc1:front.3.32","same","102","urn:cite:phoros:payrec.619"
"urn:cite:phoros:places.56","Sermylia","7","1800","urn:cts:phoros:stele1.year7.hc1:front.3.33","down","103","urn:cite:phoros:payrec.620"
"urn:cite:phoros:places.151","Parparos","7","100","urn:cts:phoros:stele1.year7.hc1:front.3.33","same","103","urn:cite:phoros:payrec.581"
"urn:cite:phoros:places.54","Skabla","7","300","urn:cts:phoros:stele1.year7.hc1:front.3.34","same","104","urn:cite:phoros:payrec.621"
"urn:cite:phoros:places.131","Skepsis","7","100","urn:cts:phoros:stele1.year7.hc1:front.3.34","same","104","urn:cite:phoros:payrec.582"
"urn:cite:phoros:places.188","Serme","7","50","urn:cts:phoros:stele1.year7.hc1:front.3.35","same","105","urn:cite:phoros:payrec.583"
"urn:cite:phoros:places.112","Mende","7","9000","urn:cts:phoros:stele1.year7.hc1:front.3.35","up","105","urn:cite:phoros:payrec.622"
"urn:cite:phoros:places.157","Ikos","7","150","urn:cts:phoros:stele1.year7.hc1:front.3.36","same","106","urn:cite:phoros:payrec.584"
"urn:cite:phoros:places.194","Kythnos","7","1800","urn:cts:phoros:stele1.year7.hc1:front.3.36","same","106","urn:cite:phoros:payrec.623"
"urn:cite:phoros:places.149","Karystos","7","3000","urn:cts:phoros:stele1.year7.hc1:front.3.37","down","107","urn:cite:phoros:payrec.624"
"urn:cite:phoros:places.193","Sigeion","7","76","urn:cts:phoros:stele1.year7.hc1:front.3.37","same","107","urn:cite:phoros:payrec.585"
"urn:cite:phoros:places.213","Harpagion","7","30","urn:cts:phoros:stele1.year7.hc1:front.3.38","same","108","urn:cite:phoros:payrec.586"
"urn:cite:phoros:places.166","Keos/Kea","7","2400","urn:cts:phoros:stele1.year7.hc1:front.3.38","same","108","urn:cite:phoros:payrec.625"
"urn:cite:phoros:places.22","Peparethos","7","1800","urn:cts:phoros:stele1.year7.hc1:front.3.39","same","109","urn:cite:phoros:payrec.587"
"urn:cite:phoros:places.146","Seriphos ","7","600","urn:cts:phoros:stele1.year7.hc1:front.3.40","down","110","urn:cite:phoros:payrec.588"
"urn:cite:phoros:places.95","Lampsakos","7","520","urn:cts:phoros:stele1.year7.hc1:front.3.2","down","111","urn:cite:phoros:payrec.589"
"urn:cite:phoros:places.207","Chedrolos","7","50","urn:cts:phoros:stele1.year7.hc1:front.3.2","same","111","urn:cite:phoros:payrec.551"
"urn:cite:phoros:places.148","Rheneia","7","30","urn:cts:phoros:stele1.year7.hc1:front.3.3","down","112","urn:cite:phoros:payrec.552"
"urn:cite:phoros:places.143","Aige","7","300","urn:cts:phoros:stele1.year7.hc1:front.3.3","same","112","urn:cite:phoros:payrec.590"
"urn:cite:phoros:places.127","Priapos","7","50","urn:cts:phoros:stele1.year7.hc1:front.3.4","same","113","urn:cite:phoros:payrec.553"
"urn:cite:phoros:places.190","Tenos","7","1800","urn:cts:phoros:stele1.year7.hc1:front.3.4","same","113","urn:cite:phoros:payrec.591"
"urn:cite:phoros:places.196","Hestiaia","7","100","urn:cts:phoros:stele1.year7.hc1:front.3.5","same","114","urn:cite:phoros:payrec.554"
"urn:cite:phoros:places.152","Teos","7","3600","urn:cts:phoros:stele1.year7.hc1:front.3.5","same","114","urn:cite:phoros:payrec.592"
"urn:cite:phoros:places.145","Andros","7","3600","urn:cts:phoros:stele1.year7.hc1:front.3.6","down","115","urn:cite:phoros:payrec.593"
"urn:cite:phoros:places.153","Palaiperkote","7","50","urn:cts:phoros:stele1.year7.hc1:front.3.6","down","115","urn:cite:phoros:payrec.555"
"urn:cite:phoros:places.208","Galepsos","7","900","urn:cts:phoros:stele1.year7.hc1:front.3.7","same","116","urn:cite:phoros:payrec.556"
"urn:cite:phoros:places.114","Mykonos","7","900","urn:cts:phoros:stele1.year7.hc1:front.3.7","same","116","urn:cite:phoros:payrec.594"
"urn:cite:phoros:places.61","Thasos","7","1470","urn:cts:phoros:stele1.year7.hc1:front.3.8","down","117","urn:cite:phoros:payrec.595"
"urn:cite:phoros:places.138","Phokaia","7","1800","urn:cts:phoros:stele1.year7.hc1:front.3.8","same","117","urn:cite:phoros:payrec.557"
"urn:cite:phoros:places.160","Kos","7","2136","urn:cts:phoros:stele1.year7.hc1:front.3.9","same","118","urn:cite:phoros:payrec.558"
"urn:cite:phoros:places.103","Bargylia","7","100","urn:cts:phoros:stele1.year7.hc1:front.3.10","same","119","urn:cite:phoros:payrec.559"
"urn:cite:phoros:places.214","Eretria","7","3600","urn:cts:phoros:stele1.year7.hc1:front.3.10","same","119","urn:cite:phoros:payrec.597"
"urn:cite:phoros:places.150","Grynche","7","100","urn:cts:phoros:stele1.year7.hc1:front.3.11","same","120","urn:cite:phoros:payrec.598"
"urn:cite:phoros:places.93","Samothraki","7","3600","urn:cts:phoros:stele1.year7.hc1:front.3.11","same","120","urn:cite:phoros:payrec.560"
"urn:cite:phoros:places.55","Asseritis","7","2400","urn:cts:phoros:stele1.year7.hc1:front.3.12","same","121","urn:cite:phoros:payrec.561"
"urn:cite:phoros:places.191","Siphnos","7","1800","urn:cts:phoros:stele1.year7.hc1:front.3.12","same","121","urn:cite:phoros:payrec.599"
"urn:cite:phoros:places.42","Diduma Teichos","7","100","urn:cts:phoros:stele1.year7.hc1:front.3.13","same","122","urn:cite:phoros:payrec.600"
"urn:cite:phoros:places.51","Dikaia by Abdera","7","300","urn:cts:phoros:stele1.year7.hc1:front.3.13","same","122","urn:cite:phoros:payrec.562"
"urn:cite:phoros:places.16","Dion","7","200","urn:cts:phoros:stele1.year7.hc1:front.3.14","down","123","urn:cite:phoros:payrec.563"
"urn:cite:phoros:places.77","Ios","7","100","urn:cts:phoros:stele1.year7.hc1:front.3.14","down","123","urn:cite:phoros:payrec.601"
"urn:cite:phoros:places.13","Torone","7","4744","urn:cts:phoros:stele1.year7.hc1:front.3.15","down","124","urn:cite:phoros:payrec.602"
"urn:cite:phoros:places.209","Eurumaxos","7","100","urn:cts:phoros:stele1.year7.hc1:front.3.15","same","124","urn:cite:phoros:payrec.564"
"urn:cite:phoros:places.158","Dardanos","7","100","urn:cts:phoros:stele1.year7.hc1:front.3.16","down","125","urn:cite:phoros:payrec.603"
"urn:cite:phoros:places.210","Brykous","7","50","urn:cts:phoros:stele1.year7.hc1:front.3.16","same","125","urn:cite:phoros:payrec.565"
"urn:cite:phoros:places.72","Kios","7","100","urn:cts:phoros:stele1.year7.hc1:front.3.17","same","126","urn:cite:phoros:payrec.566"
"urn:cite:phoros:places.101","Priene","7","600","urn:cts:phoros:stele1.year7.hc1:front.3.17","same","126","urn:cite:phoros:payrec.604"
"urn:cite:phoros:places.180","Arkaseia","7","100","urn:cts:phoros:stele1.year7.hc1:front.3.18","same","127","urn:cite:phoros:payrec.567"
"urn:cite:phoros:places.195","Styra","7","600","urn:cts:phoros:stele1.year7.hc1:front.3.18","same","127","urn:cite:phoros:payrec.605"
"urn:cite:phoros:places.121","Athenai Diades","7","100","urn:cts:phoros:stele1.year7.hc1:front.3.19","down","128","urn:cite:phoros:payrec.606"
"urn:cite:phoros:places.161","Humisses","7","120","urn:cts:phoros:stele1.year7.hc1:front.3.19","same","128","urn:cite:phoros:payrec.568"
"urn:cite:phoros:places.75","Berytis below Mt. Ida","7","100","urn:cts:phoros:stele1.year7.hc1:front.3.20","same","129","urn:cite:phoros:payrec.607"
"urn:cite:phoros:places.211","Udissos","7","600","urn:cts:phoros:stele1.year7.hc1:front.3.20","same","129","urn:cite:phoros:payrec.569"
"urn:cite:phoros:places.27","Hairai","7","1800","urn:cts:phoros:stele1.year7.hc1:front.3.21","same","130","urn:cite:phoros:payrec.570"
"urn:cite:phoros:places.215","Chalkis","7","3000","urn:cts:phoros:stele1.year7.hc1:front.3.22","same","131","urn:cite:phoros:payrec.609"
"urn:cite:phoros:places.192","Paros","7","9720","urn:cts:phoros:stele1.year7.hc1:front.3.22","same","131","urn:cite:phoros:payrec.571"
"urn:cite:phoros:places.130","Daunion/Damnion","7","100","urn:cts:phoros:stele1.year7.hc1:front.3.23","same","132","urn:cite:phoros:payrec.572"
"urn:cite:phoros:places.30","Neapolis","7","300","urn:cts:phoros:stele1.year7.hc1:front.3.23","up","132","urn:cite:phoros:payrec.610"
"urn:cite:phoros:places.37","Lamponeia","7","100","urn:cts:phoros:stele1.year7.hc1:front.3.24","same","133","urn:cite:phoros:payrec.611"
"urn:cite:phoros:places.197","Naxos","7","4000","urn:cts:phoros:stele1.year7.hc1:front.3.24","same","133","urn:cite:phoros:payrec.573"
"urn:cite:phoros:places.116","Paisos","7","100","urn:cts:phoros:stele1.year7.hc1:front.3.25","same","134","urn:cite:phoros:payrec.612"
"urn:cite:phoros:places.115","Kalchedon","7","5400","urn:cts:phoros:stele1.year7.hc1:front.3.25","up","134","urn:cite:phoros:payrec.574"
"urn:cite:phoros:places.123","Perkote","7","100","urn:cts:phoros:stele1.year7.hc1:front.3.26","same","135","urn:cite:phoros:payrec.613"
"urn:cite:phoros:places.159","Selymbria","7","3600","urn:cts:phoros:stele1.year7.hc1:front.3.26","same","135","urn:cite:phoros:payrec.575"
"urn:cite:phoros:places.35","Assos","7","600","urn:cts:phoros:stele1.year7.hc1:front.3.27","same","136","urn:cite:phoros:payrec.614"
"urn:cite:phoros:places.198","Erythrai","7","5400","urn:cts:phoros:stele1.year7.hc1:front.3.27","up","136","urn:cite:phoros:payrec.576"
"urn:cite:phoros:places.83","Lepsimandos","7","150","urn:cts:phoros:stele1.year7.hc1:front.3.30","same","139","urn:cite:phoros:payrec.617"
"urn:cite:phoros:places.50","Kasolaba","7","250","urn:cts:phoros:stele1.year7.hc1:front.3.31","same","140","urn:cite:phoros:payrec.618"
"urn:cite:phoros:places.60","Singos","7","1200","urn:cts:phoros:stele1.year7.hc1:front.3.32","down","141","urn:cite:phoros:payrec.580"
"urn:cite:phoros:places.156","Phegetioi","7","160","urn:cts:phoros:stele1.year7.hc1:front.3.32","same","141","urn:cite:phoros:payrec.619"
"urn:cite:phoros:places.56","Sermylia","7","1800","urn:cts:phoros:stele1.year7.hc1:front.3.33","down","142","urn:cite:phoros:payrec.620"
"urn:cite:phoros:places.151","Parparos","7","100","urn:cts:phoros:stele1.year7.hc1:front.3.33","same","142","urn:cite:phoros:payrec.581"
"urn:cite:phoros:places.54","Skabla","7","300","urn:cts:phoros:stele1.year7.hc1:front.3.34","same","143","urn:cite:phoros:payrec.621"
"urn:cite:phoros:places.131","Skepsis","7","100","urn:cts:phoros:stele1.year7.hc1:front.3.34","same","143","urn:cite:phoros:payrec.582"
"urn:cite:phoros:places.188","Serme","7","50","urn:cts:phoros:stele1.year7.hc1:front.3.35","same","144","urn:cite:phoros:payrec.583"
"urn:cite:phoros:places.112","Mende","7","9000","urn:cts:phoros:stele1.year7.hc1:front.3.35","up","144","urn:cite:phoros:payrec.622"
"urn:cite:phoros:places.157","Ikos","7","150","urn:cts:phoros:stele1.year7.hc1:front.3.36","same","145","urn:cite:phoros:payrec.584"
"urn:cite:phoros:places.194","Kythnos","7","1800","urn:cts:phoros:stele1.year7.hc1:front.3.36","same","145","urn:cite:phoros:payrec.623"
"urn:cite:phoros:places.149","Karystos","7","3000","urn:cts:phoros:stele1.year7.hc1:front.3.37","down","146","urn:cite:phoros:payrec.624"
"urn:cite:phoros:places.193","Sigeion","7","76","urn:cts:phoros:stele1.year7.hc1:front.3.37","same","146","urn:cite:phoros:payrec.585"
"urn:cite:phoros:places.213","Harpagion","7","30","urn:cts:phoros:stele1.year7.hc1:front.3.38","same","147","urn:cite:phoros:payrec.586"
"urn:cite:phoros:places.166","Keos/Kea","7","2400","urn:cts:phoros:stele1.year7.hc1:front.3.38","same","147","urn:cite:phoros:payrec.625"
"urn:cite:phoros:places.22","Peparethos","7","1800","urn:cts:phoros:stele1.year7.hc1:front.3.39","same","148","urn:cite:phoros:payrec.587"
"urn:cite:phoros:places.107","Tenedos","8","1728","urn:cts:phoros:stele1.year8.hc1:right.1.4","same","4","urn:cite:phoros:payrec.627"
"urn:cite:phoros:places.1","Stageira","8","100","urn:cts:phoros:stele1.year8.hc1:right.1.5","same","5","urn:cite:phoros:payrec.628"
"urn:cite:phoros:places.186","Gentinos","8","50","urn:cts:phoros:stele1.year8.hc1:right.1.6","same","6","urn:cite:phoros:payrec.629"
"urn:cite:phoros:places.65","Keramos","8","900","urn:cts:phoros:stele1.year8.hc1:right.1.7","same","7","urn:cite:phoros:payrec.630"
"urn:cite:phoros:places.20","Kameiros","8","5400","urn:cts:phoros:stele1.year8.hc1:right.1.8","up","8","urn:cite:phoros:payrec.631"
"urn:cite:phoros:places.38","Halikarnassos","8","1200","urn:cts:phoros:stele1.year8.hc1:right.1.9","same","9","urn:cite:phoros:payrec.632"
"urn:cite:phoros:places.120","Myrina","8","600","urn:cts:phoros:stele1.year8.hc1:right.1.10","same","10","urn:cite:phoros:payrec.633"
"urn:cite:phoros:places.57","Mekyberna","8","600","urn:cts:phoros:stele1.year8.hc1:right.1.11","same","11","urn:cite:phoros:payrec.634"
"urn:cite:phoros:places.202","Pladasa","8","200","urn:cts:phoros:stele1.year8.hc1:right.1.12","same","12","urn:cite:phoros:payrec.635"
"urn:cite:phoros:places.100","Pedasa","8","600","urn:cts:phoros:stele1.year8.hc1:right.1.13","same","13","urn:cite:phoros:payrec.636"
"urn:cite:phoros:places.136","Kyme","8","2400","urn:cts:phoros:stele1.year8.hc1:right.1.14","down","14","urn:cite:phoros:payrec.637"
"urn:cite:phoros:places.11","Pitane","8","100","urn:cts:phoros:stele1.year8.hc1:right.1.15","same","15","urn:cite:phoros:payrec.638"
"urn:cite:phoros:places.97","Gryneion","8","100","urn:cts:phoros:stele1.year8.hc1:right.1.16","same","16","urn:cite:phoros:payrec.639"
"urn:cite:phoros:places.164","Chersonesos","8","1800","urn:cts:phoros:stele1.year8.hc1:right.1.17","same","17","urn:cite:phoros:payrec.640"
"urn:cite:phoros:places.126","Pyrnos","8","100","urn:cts:phoros:stele1.year8.hc1:right.1.18","same","18","urn:cite:phoros:payrec.641"
"urn:cite:phoros:places.30","Neapolis","8","100","urn:cts:phoros:stele1.year8.hc1:right.1.19","down","19","urn:cite:phoros:payrec.642"
"urn:cite:phoros:places.67","Kyllandos","8","1200","urn:cts:phoros:stele1.year8.hc1:right.1.20","same","20","urn:cite:phoros:payrec.643"
"urn:cite:phoros:places.41","Kyrbissos","8","200","urn:cts:phoros:stele1.year8.hc1:right.1.21","up","21","urn:cite:phoros:payrec.644"
"urn:cite:phoros:places.68","Chios in Karia","8","200","urn:cts:phoros:stele1.year8.hc1:right.1.22","up","22","urn:cite:phoros:payrec.645"
"urn:cite:phoros:places.105","Aphytis","8","1800","urn:cts:phoros:stele1.year8.hc1:right.1.23","same","23","urn:cite:phoros:payrec.646"
"urn:cite:phoros:places.203","Syangela","8","600","urn:cts:phoros:stele1.year8.hc1:right.1.24","same","24","urn:cite:phoros:payrec.647"
"urn:cite:phoros:places.48","Termera","8","1500","urn:cts:phoros:stele1.year8.hc1:right.1.25","same","25","urn:cite:phoros:payrec.648"
"urn:cite:phoros:places.32","Maroneia","8","900","urn:cts:phoros:stele1.year8.hc1:right.1.27","same","27","urn:cite:phoros:payrec.650"
"urn:cite:phoros:places.8","Therma in Ikaros","8","300","urn:cts:phoros:stele1.year8.hc1:right.1.28","same","28","urn:cite:phoros:payrec.651"
"urn:cite:phoros:places.34","Oine in Ikaros","8","600","urn:cts:phoros:stele1.year8.hc1:right.1.29","same","29","urn:cite:phoros:payrec.652"
"urn:cite:phoros:places.175","Chalke","8","300","urn:cts:phoros:stele1.year8.hc1:right.1.30","same","30","urn:cite:phoros:payrec.653"
"urn:cite:phoros:places.174","Lebedos","8","1800","urn:cts:phoros:stele1.year8.hc1:right.1.32","same","32","urn:cite:phoros:payrec.655"
"urn:cite:phoros:places.182","Aineia","8","1800","urn:cts:phoros:stele1.year8.hc1:right.1.33","same","33","urn:cite:phoros:payrec.656"
"urn:cite:phoros:places.162","Aison","8","150","urn:cts:phoros:stele1.year8.hc1:right.1.35","same","34","urn:cite:phoros:payrec.657"
"urn:cite:phoros:places.43","Dikaiopolis","8","600","urn:cts:phoros:stele1.year8.hc1:right.1.36","same","35","urn:cite:phoros:payrec.658"
"urn:cite:phoros:places.110","Kaunos","8","300","urn:cts:phoros:stele1.year8.hc1:right.1.39","same","38","urn:cite:phoros:payrec.661"
"urn:cite:phoros:places.163","Thasthara","8","50","urn:cts:phoros:stele1.year8.hc1:right.1.40","same","39","urn:cite:phoros:payrec.662"
"urn:cite:phoros:places.83","Lepsimandos","8","150","urn:cts:phoros:stele1.year8.hc1:right.1.41","same","40","urn:cite:phoros:payrec.663"
"urn:cite:phoros:places.6","Naxia","8","50","urn:cts:phoros:stele1.year8.hc1:right.1.42","same","41","urn:cite:phoros:payrec.664"
"urn:cite:phoros:places.50","Kasolaba","8","250","urn:cts:phoros:stele1.year8.hc1:right.1.43","same","42","urn:cite:phoros:payrec.665"
"urn:cite:phoros:places.71","Mydon","8","150","urn:cts:phoros:stele1.year8.hc1:right.1.44","same","43","urn:cite:phoros:payrec.666"
"urn:cite:phoros:places.173","Telandros","8","150","urn:cts:phoros:stele1.year8.hc1:right.1.45","down","44","urn:cite:phoros:payrec.667"
"urn:cite:phoros:places.156","Phegetioi","8","160","urn:cts:phoros:stele1.year8.hc1:right.1.46","same","45","urn:cite:phoros:payrec.668"
"urn:cite:phoros:places.46","Karbasyanda","8","100","urn:cts:phoros:stele1.year8.hc1:right.1.47","same","46","urn:cite:phoros:payrec.669"
"urn:cite:phoros:places.76","Auliataι Kares","8","50","urn:cts:phoros:stele1.year8.hc1:right.1.48","same","47","urn:cite:phoros:payrec.670"
"urn:cite:phoros:places.21","Krya","8","200","urn:cts:phoros:stele1.year8.hc1:right.1.49","same","48","urn:cite:phoros:payrec.671"
"urn:cite:phoros:places.2","Pharbelos","8","100","urn:cts:phoros:stele1.year8.hc1:right.1.50","same","49","urn:cite:phoros:payrec.672"
"urn:cite:phoros:places.96","Myndos","8","50","urn:cts:phoros:stele1.year8.hc1:right.1.51","same","50","urn:cite:phoros:payrec.673"
"urn:cite:phoros:places.33","Lindos","8","6000","urn:cts:phoros:stele1.year8.hc1:right.1.52","same","51","urn:cite:phoros:payrec.674"
"urn:cite:phoros:places.205","Pedies in Lindos","8","200","urn:cts:phoros:stele1.year8.hc1:right.1.53","same","52","urn:cite:phoros:payrec.675"
"urn:cite:phoros:places.12","Thyssos","8","900","urn:cts:phoros:stele1.year8.hc1:right.1.54","same","53","urn:cite:phoros:payrec.676"
"urn:cite:phoros:places.115","Kalchedon","8","5400","urn:cts:phoros:stele1.year8.hc1:right.1.55","same","54","urn:cite:phoros:payrec.677"
"urn:cite:phoros:places.159","Selymbria","8","3600","urn:cts:phoros:stele1.year8.hc1:right.1.56","same","55","urn:cite:phoros:payrec.678"
"urn:cite:phoros:places.198","Erythrai","8","5260","urn:cts:phoros:stele1.year8.hc1:right.1.57","down","56","urn:cite:phoros:payrec.679"
"urn:cite:phoros:places.60","Singos","8","1200","urn:cts:phoros:stele1.year8.hc1:right.1.64","same","63","urn:cite:phoros:payrec.686"
"urn:cite:phoros:places.151","Parparos","8","100","urn:cts:phoros:stele1.year8.hc1:right.1.65","same","64","urn:cite:phoros:payrec.687"
"urn:cite:phoros:places.131","Skepsis","8","100","urn:cts:phoros:stele1.year8.hc1:right.1.66","same","65","urn:cite:phoros:payrec.688"
"urn:cite:phoros:places.188","Serme","8","50","urn:cts:phoros:stele1.year8.hc1:right.1.67","same","66","urn:cite:phoros:payrec.689"
"urn:cite:phoros:places.157","Ikos","8","150","urn:cts:phoros:stele1.year8.hc1:right.1.68","same","67","urn:cite:phoros:payrec.690"
"urn:cite:phoros:places.193","Sigeion","8","100","urn:cts:phoros:stele1.year8.hc1:right.1.69","up","68","urn:cite:phoros:payrec.691"
"urn:cite:phoros:places.213","Harpagion","8","30","urn:cts:phoros:stele1.year8.hc1:right.1.70","same","69","urn:cite:phoros:payrec.692"
"urn:cite:phoros:places.22","Peparethos","8","1800","urn:cts:phoros:stele1.year8.hc1:right.1.71","same","70","urn:cite:phoros:payrec.693"
"urn:cite:phoros:places.194","Kythnos","8","1800","urn:cts:phoros:stele1.year8.hc1:right.1.72","same","71","urn:cite:phoros:payrec.694"
"urn:cite:phoros:places.158","Dardanos","8","600","urn:cts:phoros:stele1.year8.hc1:right.1.73","up","72","urn:cite:phoros:payrec.695"
"urn:cite:phoros:places.101","Priene","8","600","urn:cts:phoros:stele1.year8.hc1:right.1.74","same","73","urn:cite:phoros:payrec.696"
"urn:cite:phoros:places.195","Styra","8","600","urn:cts:phoros:stele1.year8.hc1:right.1.75","same","74","urn:cite:phoros:payrec.697"
"urn:cite:phoros:places.121","Athenai Diades","8","200","urn:cts:phoros:stele1.year8.hc1:right.1.76","up","75","urn:cite:phoros:payrec.698"
"urn:cite:phoros:places.75","Berytis below Mt. Ida","8","100","urn:cts:phoros:stele1.year8.hc1:right.1.77","same","76","urn:cite:phoros:payrec.699"
"urn:cite:phoros:places.215","Chalkis","8","3000","urn:cts:phoros:stele1.year8.hc1:right.1.79","same","78","urn:cite:phoros:payrec.701"
"urn:cite:phoros:places.30","Neapolis","8","300","urn:cts:phoros:stele1.year8.hc1:right.1.80","up","79","urn:cite:phoros:payrec.702"
"urn:cite:phoros:places.37","Lamponeia","8","100","urn:cts:phoros:stele1.year8.hc1:right.1.81","same","80","urn:cite:phoros:payrec.703"
"urn:cite:phoros:places.116","Paisos","8","100","urn:cts:phoros:stele1.year8.hc1:right.1.82","same","81","urn:cite:phoros:payrec.704"
"urn:cite:phoros:places.123","Perkote","8","100","urn:cts:phoros:stele1.year8.hc1:right.1.83","same","82","urn:cite:phoros:payrec.705"
"urn:cite:phoros:places.35","Assos","8","600","urn:cts:phoros:stele1.year8.hc1:right.1.84","same","83","urn:cite:phoros:payrec.706"
"urn:cite:phoros:places.133","Berge","8","324","urn:cts:phoros:stele1.year8.hc1:right.1.92","up","90","urn:cite:phoros:payrec.713"
"urn:cite:phoros:places.61","Thasos","8","324","urn:cts:phoros:stele1.year8.hc1:right.1.93","down","91","urn:cite:phoros:payrec.714"
"urn:cite:phoros:places.140","Kyzikos","8","432","urn:cts:phoros:stele1.year8.hc1:right.1.94","same","92","urn:cite:phoros:payrec.715"
"urn:cite:phoros:places.94","Hephaistia","8","216","urn:cts:phoros:stele1.year8.hc1:right.1.95","same","93","urn:cite:phoros:payrec.716"
"urn:cite:phoros:places.216","Limnai","8","200","urn:cts:phoros:stele1.year8.hc1:right.1.96","same","94","urn:cite:phoros:payrec.717"
"urn:cite:phoros:places.158","Dardanos","8","324","urn:cts:phoros:stele1.year8.hc1:right.1.98","down","96","urn:cite:phoros:payrec.719"
"urn:cite:phoros:places.212","Elaiousa","8","300","urn:cts:phoros:stele1.year8.hc1:right.1.99","same","97","urn:cite:phoros:payrec.720"
"urn:cite:phoros:places.193","Sigeion","8","24","urn:cts:phoros:stele1.year8.hc1:right.1.100","down","98","urn:cite:phoros:payrec.721"
"urn:cite:phoros:places.107","Tenedos","8","324","urn:cts:phoros:stele1.year8.hc1:right.1.101","down","99","urn:cite:phoros:payrec.722"
"urn:cite:phoros:places.139","Byzantion","8","28802880","urn:cts:phoros:stele1.year8.hc1:right.1.102","up","100","urn:cite:phoros:payrec.723"
"urn:cite:phoros:places.139","Byzantion","8","23842384","urn:cts:phoros:stele1.year8.hc1:right.1.103","down","101","urn:cite:phoros:payrec.724"
"urn:cite:phoros:places.52","Abdera","8","600","urn:cts:phoros:stele1.year8.hc1:right.1.104","down","102","urn:cite:phoros:payrec.725"
"urn:cite:phoros:places.5","Ainos","8","855.5","urn:cts:phoros:stele1.year8.hc1:right.1.105","down","103","urn:cite:phoros:payrec.726"
"urn:cite:phoros:places.117","Miletos","8","6000","urn:cts:phoros:stele1.year8.hc1:right.1.107","same","105","urn:cite:phoros:payrec.728"
"urn:cite:phoros:places.99","Latmos","8","600","urn:cts:phoros:stele1.year8.hc1:right.1.108","same","106","urn:cite:phoros:payrec.729"
"urn:cite:phoros:places.119","Myous","8","600","urn:cts:phoros:stele1.year8.hc1:right.1.109","down","107","urn:cite:phoros:payrec.730"
"urn:cite:phoros:places.4","Ephesos","8","4500","urn:cts:phoros:stele1.year8.hc1:right.1.110","same","108","urn:cite:phoros:payrec.731"
"urn:cite:phoros:places.199","Iasos","8","600","urn:cts:phoros:stele1.year8.hc1:right.1.111","same","109","urn:cite:phoros:payrec.732"
"urn:cite:phoros:places.102","Kindya","8","600","urn:cts:phoros:stele1.year8.hc1:right.1.112","same","110","urn:cite:phoros:payrec.733"
"urn:cite:phoros:places.14","Sane","8","600","urn:cts:phoros:stele1.year8.hc1:right.1.113","up","111","urn:cite:phoros:payrec.734"
"urn:cite:phoros:places.135","Syros","8","100","urn:cts:phoros:stele1.year8.hc1:right.2.6","same","112","urn:cite:phoros:payrec.735"
"urn:cite:phoros:places.206","Othoros","8","50","urn:cts:phoros:stele1.year8.hc1:right.2.7","down","113","urn:cite:phoros:payrec.736"
"urn:cite:phoros:places.49","Kebrene","8","1800","urn:cts:phoros:stele1.year8.hc1:right.2.8","same","114","urn:cite:phoros:payrec.737"
"urn:cite:phoros:places.90","Kodapa","8","100","urn:cts:phoros:stele1.year8.hc1:right.2.10","same","116","urn:cite:phoros:payrec.739"
"urn:cite:phoros:places.168","Kudaies/Hudaies","8","40","urn:cts:phoros:stele1.year8.hc1:right.2.11","same","117","urn:cite:phoros:payrec.740"
"urn:cite:phoros:places.25","Diosera","8","100","urn:cts:phoros:stele1.year8.hc1:right.2.12","same","118","urn:cite:phoros:payrec.741"
"urn:cite:phoros:places.167","Chalketor","8","210","urn:cts:phoros:stele1.year8.hc1:right.2.13","same","119","urn:cite:phoros:payrec.742"
"urn:cite:phoros:places.44","Klazomenia","8","900","urn:cts:phoros:stele1.year8.hc1:right.2.15","same","121","urn:cite:phoros:payrec.744"
"urn:cite:phoros:places.52","Abdera","8","9000","urn:cts:phoros:stele1.year8.hc1:right.2.16","up","122","urn:cite:phoros:payrec.745"
"urn:cite:phoros:places.109","Kalymna","8","900","urn:cts:phoros:stele1.year8.hc1:right.2.17","same","123","urn:cite:phoros:payrec.746"
"urn:cite:phoros:places.24","Notion","8","200","urn:cts:phoros:stele1.year8.hc1:right.2.18","same","124","urn:cite:phoros:payrec.747"
"urn:cite:phoros:places.118","Gargara","8","450","urn:cts:phoros:stele1.year8.hc1:right.2.19","same","125","urn:cite:phoros:payrec.748"
"urn:cite:phoros:places.47","Phaselis","8","1800","urn:cts:phoros:stele1.year8.hc1:right.2.20","same","126","urn:cite:phoros:payrec.749"
"urn:cite:phoros:places.16","Dion","8","600","urn:cts:phoros:stele1.year8.hc1:right.2.21","up","127","urn:cite:phoros:payrec.750"
"urn:cite:phoros:places.125","Knidos","8","300","urn:cts:phoros:stele1.year8.hc1:right.2.22","down","128","urn:cite:phoros:payrec.751"
"urn:cite:phoros:places.26","Spartolos","8","1200","urn:cts:phoros:stele1.year8.hc1:right.2.23","same","129","urn:cite:phoros:payrec.752"
"urn:cite:phoros:places.39","Strepsa","8","600","urn:cts:phoros:stele1.year8.hc1:right.2.24","same","130","urn:cite:phoros:payrec.753"
"urn:cite:phoros:places.64","Kedriai","8","300","urn:cts:phoros:stele1.year8.hc1:right.2.25","up","131","urn:cite:phoros:payrec.754"
"urn:cite:phoros:places.128","Ialysos","8","6000","urn:cts:phoros:stele1.year8.hc1:right.2.26","same","132","urn:cite:phoros:payrec.755"
"urn:cite:phoros:places.92","Astypalaia","8","1200","urn:cts:phoros:stele1.year8.hc1:right.2.27","same","133","urn:cite:phoros:payrec.756"
"urn:cite:phoros:places.56","Sermylia","8","1800","urn:cts:phoros:stele1.year8.hc1:right.2.28","same","134","urn:cite:phoros:payrec.757"
"urn:cite:phoros:places.54","Skabla","8","300","urn:cts:phoros:stele1.year8.hc1:right.2.29","same","135","urn:cite:phoros:payrec.758"
"urn:cite:phoros:places.112","Mende","8","9000","urn:cts:phoros:stele1.year8.hc1:right.2.30","same","136","urn:cite:phoros:payrec.759"
"urn:cite:phoros:places.58","Stolos","8","500","urn:cts:phoros:stele1.year8.hc1:right.2.31","same","137","urn:cite:phoros:payrec.760"
"urn:cite:phoros:places.207","Chedrolos","8","100","urn:cts:phoros:stele1.year8.hc1:right.2.32","up","138","urn:cite:phoros:payrec.761"
"urn:cite:phoros:places.148","Rheneia","8","30","urn:cts:phoros:stele1.year8.hc1:right.2.33","same","139","urn:cite:phoros:payrec.762"
"urn:cite:phoros:places.127","Priapos","8","50","urn:cts:phoros:stele1.year8.hc1:right.2.34","same","140","urn:cite:phoros:payrec.763"
"urn:cite:phoros:places.196","Hestiaia","8","98","urn:cts:phoros:stele1.year8.hc1:right.2.35","down","141","urn:cite:phoros:payrec.764"
"urn:cite:phoros:places.160","Kos","8","2196","urn:cts:phoros:stele1.year8.hc1:right.2.36","up","142","urn:cite:phoros:payrec.765"
"urn:cite:phoros:places.138","Phokaia","8","1800","urn:cts:phoros:stele1.year8.hc1:right.2.37","same","143","urn:cite:phoros:payrec.766"
"urn:cite:phoros:places.153","Palaiperkote","8","100","urn:cts:phoros:stele1.year8.hc1:right.2.38","up","144","urn:cite:phoros:payrec.767"
"urn:cite:phoros:places.208","Galepsos","8","720","urn:cts:phoros:stele1.year8.hc1:right.2.39","down","145","urn:cite:phoros:payrec.768"
"urn:cite:phoros:places.103","Bargylia","8","400","urn:cts:phoros:stele1.year8.hc1:right.2.40","up","146","urn:cite:phoros:payrec.769"
"urn:cite:phoros:places.93","Samothraki","8","3600","urn:cts:phoros:stele1.year8.hc1:right.2.41","same","147","urn:cite:phoros:payrec.770"
"urn:cite:phoros:places.55","Asseritis","8","2400","urn:cts:phoros:stele1.year8.hc1:right.2.42","same","148","urn:cite:phoros:payrec.771"
"urn:cite:phoros:places.51","Dikaia by Abdera","8","300","urn:cts:phoros:stele1.year8.hc1:right.2.43","same","149","urn:cite:phoros:payrec.772"
"urn:cite:phoros:places.16","Dion","8","200","urn:cts:phoros:stele1.year8.hc1:right.2.44","down","150","urn:cite:phoros:payrec.773"
"urn:cite:phoros:places.209","Eurumaxos","8","100","urn:cts:phoros:stele1.year8.hc1:right.2.45","same","151","urn:cite:phoros:payrec.774"
"urn:cite:phoros:places.210","Brykous","8","50","urn:cts:phoros:stele1.year8.hc1:right.2.46","same","152","urn:cite:phoros:payrec.775"
"urn:cite:phoros:places.72","Kios","8","100","urn:cts:phoros:stele1.year8.hc1:right.2.47","same","153","urn:cite:phoros:payrec.776"
"urn:cite:phoros:places.180","Arkaseia","8","100","urn:cts:phoros:stele1.year8.hc1:right.2.48","same","154","urn:cite:phoros:payrec.777"
"urn:cite:phoros:places.161","Humisses","8","120","urn:cts:phoros:stele1.year8.hc1:right.2.49","same","155","urn:cite:phoros:payrec.778"
"urn:cite:phoros:places.211","Udissos","8","600","urn:cts:phoros:stele1.year8.hc1:right.2.50","same","156","urn:cite:phoros:payrec.779"
"urn:cite:phoros:places.27","Hairai","8","1800","urn:cts:phoros:stele1.year8.hc1:right.2.51","same","157","urn:cite:phoros:payrec.780"
"urn:cite:phoros:places.130","Daunion/Damnion","8","100","urn:cts:phoros:stele1.year8.hc1:right.2.52","same","158","urn:cite:phoros:payrec.781"
"urn:cite:phoros:places.192","Paros","8","9720","urn:cts:phoros:stele1.year8.hc1:right.2.53","same","159","urn:cite:phoros:payrec.782"
"urn:cite:phoros:places.197","Naxos","8","4000","urn:cts:phoros:stele1.year8.hc1:right.2.54","same","160","urn:cite:phoros:payrec.783"
"urn:cite:phoros:places.149","Karystos","8","3000","urn:cts:phoros:stele1.year8.hc1:right.2.55","same","161","urn:cite:phoros:payrec.784"
"urn:cite:phoros:places.166","Keos/Kea","8","2400","urn:cts:phoros:stele1.year8.hc1:right.2.56","same","162","urn:cite:phoros:payrec.785"
"urn:cite:phoros:places.146","Seriphos ","8","600","urn:cts:phoros:stele1.year8.hc1:right.2.57","same","163","urn:cite:phoros:payrec.786"
"urn:cite:phoros:places.95","Lampsakos","8","360","urn:cts:phoros:stele1.year8.hc1:right.2.58","down","164","urn:cite:phoros:payrec.787"
"urn:cite:phoros:places.143","Aige","8","300","urn:cts:phoros:stele1.year8.hc1:right.2.59","same","165","urn:cite:phoros:payrec.788"
"urn:cite:phoros:places.190","Tenos","8","1800","urn:cts:phoros:stele1.year8.hc1:right.2.61","same","166","urn:cite:phoros:payrec.789"
"urn:cite:phoros:places.152","Teos","8","3600","urn:cts:phoros:stele1.year8.hc1:right.2.62","same","167","urn:cite:phoros:payrec.790"
"urn:cite:phoros:places.145","Andros","8","3600","urn:cts:phoros:stele1.year8.hc1:right.2.63","same","168","urn:cite:phoros:payrec.791"
"urn:cite:phoros:places.114","Mykonos","8","900","urn:cts:phoros:stele1.year8.hc1:right.2.64","same","169","urn:cite:phoros:payrec.792"
"urn:cite:phoros:places.214","Eretria","8","3600","urn:cts:phoros:stele1.year8.hc1:right.2.67","same","172","urn:cite:phoros:payrec.795"
"urn:cite:phoros:places.150","Grynche","8","100","urn:cts:phoros:stele1.year8.hc1:right.2.68","same","173","urn:cite:phoros:payrec.796"
"urn:cite:phoros:places.191","Siphnos","8","1800","urn:cts:phoros:stele1.year8.hc1:right.2.69","same","174","urn:cite:phoros:payrec.797"
"urn:cite:phoros:places.13","Torone","8","7200","urn:cts:phoros:stele1.year8.hc1:right.2.70","up","175","urn:cite:phoros:payrec.798"
"urn:cite:phoros:places.42","Diduma Teichos","8","100","urn:cts:phoros:stele1.year8.hc1:right.2.72","same","177","urn:cite:phoros:payrec.800"
"urn:cite:phoros:places.14","Sane","8","100","urn:cts:phoros:stele1.year8.hc1:right.2.76","down","181","urn:cite:phoros:payrec.804"
"urn:cite:phoros:places.13","Torone","8","2456","urn:cts:phoros:stele1.year8.hc1:right.2.100","down","182","urn:cite:phoros:payrec.805"
"urn:cite:phoros:places.160","Kos","8","216","urn:cts:phoros:stele1.year8.hc1:right.2.101","down","183","urn:cite:phoros:payrec.806"
"urn:cite:phoros:places.7","Madnasa/Medmassa","8","600","urn:cts:phoros:stele1.year8.hc1:right.2.102","down","184","urn:cite:phoros:payrec.807"
"urn:cite:phoros:places.98","Pelen/Pyli","8","300","urn:cts:phoros:stele1.year8.hc1:right.2.103","down","185","urn:cite:phoros:payrec.808"
"urn:cite:phoros:places.176","Mylasa","8","600","urn:cts:phoros:stele1.year8.hc1:right.2.104","same","186","urn:cite:phoros:payrec.809"
"urn:cite:phoros:places.217","Euromos","8","250","urn:cts:phoros:stele1.year8.hc1:right.2.105","same","187","urn:cite:phoros:payrec.810"
"urn:cite:phoros:places.111","Karyanda","8","50","urn:cts:phoros:stele1.year8.hc1:right.2.106","down","188","urn:cite:phoros:payrec.811"
"urn:cite:phoros:places.107","Tenedos","8","216","urn:cts:phoros:stele1.year8.hc1:right.2.107","down","189","urn:cite:phoros:payrec.812"
"urn:cite:phoros:places.107","Tenedos","8","216","urn:cts:phoros:stele1.year8.hc1:right.2.108","same","190","urn:cite:phoros:payrec.813"
"urn:cite:phoros:places.198","Erythrai","8","200","urn:cts:phoros:stele1.year8.hc1:right.2.109","down","191","urn:cite:phoros:payrec.814"
"urn:cite:phoros:places.218","Imbros","8","1626","urn:cts:phoros:stele1.year8.hc1:right.2.111","same","193","urn:cite:phoros:payrec.816"
"urn:cite:phoros:places.94","Hephaistia","8","1064","urn:cts:phoros:stele1.year8.hc1:right.2.112","up","194","urn:cite:phoros:payrec.817"

