Record,Year,Source,Place,Obols
urn:cite:phoros:payments.0,urn:cite:phoros:documents.stele1_year1,urn:cts:phoros:stele1.year1.hc:front.1.14,urn:cite:phoros:places.1,100
urn:cite:phoros:payments.1,urn:cite:phoros:documents.stele1_year1,urn:cts:phoros:stele1.year1.hc:front.1.15,urn:cite:phoros:places.2,100
urn:cite:phoros:payments.2,urn:cite:phoros:documents.stele1_year1,urn:cts:phoros:stele1.year1.hc:front.1.16,urn:cite:phoros:places.3,100
urn:cite:phoros:payments.3,urn:cite:phoros:documents.stele1_year1,urn:cts:phoros:stele1.year1.hc:front.1.21,,
urn:cite:phoros:payments.4,urn:cite:phoros:documents.stele1_year1,urn:cts:phoros:stele1.year1.hc:front.1.22,urn:cite:phoros:places.4,4500
urn:cite:phoros:payments.5,urn:cite:phoros:documents.stele1_year1,urn:cts:phoros:stele1.year1.hc:front.1.23,urn:cite:phoros:places.5,7200
urn:cite:phoros:payments.6,urn:cite:phoros:documents.stele1_year1,urn:cts:phoros:stele1.year1.hc:front.1.24,,50
urn:cite:phoros:payments.7,urn:cite:phoros:documents.stele1_year1,urn:cts:phoros:stele1.year1.hc:front.1.25,urn:cite:phoros:places.6,100
urn:cite:phoros:payments.8,urn:cite:phoros:documents.stele1_year1,urn:cts:phoros:stele1.year1.hc:front.1.26,urn:cite:phoros:places.7,1200
urn:cite:phoros:payments.9,urn:cite:phoros:documents.stele1_year1,urn:cts:phoros:stele1.year1.hc:front.1.27,,
urn:cite:phoros:payments.10,urn:cite:phoros:documents.stele1_year1,urn:cts:phoros:stele1.year1.hc:front.1.28,,
urn:cite:phoros:payments.11,urn:cite:phoros:documents.stele1_year1,urn:cts:phoros:stele1.year1.hc:front.2.8,urn:cite:phoros:places.8,
urn:cite:phoros:payments.12,urn:cite:phoros:documents.stele1_year1,urn:cts:phoros:stele1.year1.hc:front.2.10,urn:cite:phoros:places.10,3600
urn:cite:phoros:payments.13,urn:cite:phoros:documents.stele1_year1,urn:cts:phoros:stele1.year1.hc:front.2.13,urn:cite:phoros:places.11,100
urn:cite:phoros:payments.14,urn:cite:phoros:documents.stele1_year1,urn:cts:phoros:stele1.year1.hc:front.2.14,urn:cite:phoros:places.12,400
urn:cite:phoros:payments.15,urn:cite:phoros:documents.stele1_year1,urn:cts:phoros:stele1.year1.hc:front.2.15,urn:cite:phoros:places.13,7200
urn:cite:phoros:payments.16,urn:cite:phoros:documents.stele1_year1,urn:cts:phoros:stele1.year1.hc:front.2.26,urn:cite:phoros:places.15,1400
urn:cite:phoros:payments.17,urn:cite:phoros:documents.stele1_year1,urn:cts:phoros:stele1.year1.hc:front.2.27,urn:cite:phoros:places.17,640
urn:cite:phoros:payments.18,urn:cite:phoros:documents.stele1_year1,urn:cts:phoros:stele1.year1.hc:front.2.28,urn:cite:phoros:places.18,10800
urn:cite:phoros:payments.19,urn:cite:phoros:documents.stele1_year1,urn:cts:phoros:stele1.year1.hc:front.2.29,urn:cite:phoros:places.19,2626
urn:cite:phoros:payments.20,urn:cite:phoros:documents.stele1_year1,urn:cts:phoros:stele1.year1.hc:front.3.16,urn:cite:phoros:places.20,5400
urn:cite:phoros:payments.21,urn:cite:phoros:documents.stele1_year1,urn:cts:phoros:stele1.year1.hc:front.3.17,urn:cite:phoros:places.21,200
urn:cite:phoros:payments.22,urn:cite:phoros:documents.stele1_year1,urn:cts:phoros:stele1.year1.hc:front.3.20,urn:cite:phoros:places.22,1800
urn:cite:phoros:payments.23,urn:cite:phoros:documents.stele1_year1,urn:cts:phoros:stele1.year1.hc:front.3.21,urn:cite:phoros:places.23,1800
urn:cite:phoros:payments.24,urn:cite:phoros:documents.stele1_year1,urn:cts:phoros:stele1.year1.hc:front.3.22,urn:cite:phoros:places.24,200
urn:cite:phoros:payments.25,urn:cite:phoros:documents.stele1_year1,urn:cts:phoros:stele1.year1.hc:front.3.23,urn:cite:phoros:places.25,100
urn:cite:phoros:payments.26,urn:cite:phoros:documents.stele1_year1,urn:cts:phoros:stele1.year1.hc:front.3.24,urn:cite:phoros:places.26,1200
urn:cite:phoros:payments.27,urn:cite:phoros:documents.stele1_year1,urn:cts:phoros:stele1.year1.hc:front.3.25,urn:cite:phoros:places.27,1800
urn:cite:phoros:payments.28,urn:cite:phoros:documents.stele1_year1,urn:cts:phoros:stele1.year1.hc:front.3.26,urn:cite:phoros:places.28,330
urn:cite:phoros:payments.29,urn:cite:phoros:documents.stele1_year1,urn:cts:phoros:stele1.year1.hc:front.3.27,urn:cite:phoros:places.29,900
urn:cite:phoros:payments.30,urn:cite:phoros:documents.stele1_year1,urn:cts:phoros:stele1.year1.hc:front.3.28,urn:cite:phoros:places.30,350
urn:cite:phoros:payments.31,urn:cite:phoros:documents.stele1_year1,urn:cts:phoros:stele1.year1.hc:front.3.29,urn:cite:phoros:places.31,400
urn:cite:phoros:payments.32,urn:cite:phoros:documents.stele1_year1,urn:cts:phoros:stele1.year1.hc:front.4.5,urn:cite:phoros:places.32,900
urn:cite:phoros:payments.33,urn:cite:phoros:documents.stele1_year1,urn:cts:phoros:stele1.year1.hc:front.4.6,urn:cite:phoros:places.33,5070
urn:cite:phoros:payments.34,urn:cite:phoros:documents.stele1_year1,urn:cts:phoros:stele1.year1.hc:front.4.8,urn:cite:phoros:places.34,800
urn:cite:phoros:payments.35,urn:cite:phoros:documents.stele1_year1,urn:cts:phoros:stele1.year1.hc:front.4.9,urn:cite:phoros:places.35,600
urn:cite:phoros:payments.36,urn:cite:phoros:documents.stele1_year1,urn:cts:phoros:stele1.year1.hc:front.4.10,urn:cite:phoros:places.36,800
urn:cite:phoros:payments.37,urn:cite:phoros:documents.stele1_year1,urn:cts:phoros:stele1.year1.hc:front.4.11,urn:cite:phoros:places.37,100
urn:cite:phoros:payments.38,urn:cite:phoros:documents.stele1_year1,urn:cts:phoros:stele1.year1.hc:front.4.13,urn:cite:phoros:places.38,1000
urn:cite:phoros:payments.39,urn:cite:phoros:documents.stele1_year1,urn:cts:phoros:stele1.year1.hc:front.4.14,urn:cite:phoros:places.39,600
urn:cite:phoros:payments.40,urn:cite:phoros:documents.stele1_year1,urn:cts:phoros:stele1.year1.hc:front.4.15,urn:cite:phoros:places.40,900
urn:cite:phoros:payments.41,urn:cite:phoros:documents.stele1_year1,urn:cts:phoros:stele1.year1.hc:front.4.16,urn:cite:phoros:places.41,200
urn:cite:phoros:payments.42,urn:cite:phoros:documents.stele1_year1,urn:cts:phoros:stele1.year1.hc:front.4.18,urn:cite:phoros:places.42,100
urn:cite:phoros:payments.43,urn:cite:phoros:documents.stele1_year1,urn:cts:phoros:stele1.year1.hc:front.4.20,urn:cite:phoros:places.43,2400
urn:cite:phoros:payments.44,urn:cite:phoros:documents.stele1_year1,urn:cts:phoros:stele1.year1.hc:front.4.21,urn:cite:phoros:places.44,900
urn:cite:phoros:payments.45,urn:cite:phoros:documents.stele1_year1,urn:cts:phoros:stele1.year1.hc:front.4.22,urn:cite:phoros:places.45,900
urn:cite:phoros:payments.46,urn:cite:phoros:documents.stele1_year1,urn:cts:phoros:stele1.year1.hc:front.4.23,urn:cite:phoros:places.46,100
urn:cite:phoros:payments.47,urn:cite:phoros:documents.stele1_year1,urn:cts:phoros:stele1.year1.hc:front.4.24,urn:cite:phoros:places.47,3600
urn:cite:phoros:payments.48,urn:cite:phoros:documents.stele1_year1,urn:cts:phoros:stele1.year1.hc:front.4.25,urn:cite:phoros:places.48,1500
urn:cite:phoros:payments.49,urn:cite:phoros:documents.stele1_year1,urn:cts:phoros:stele1.year1.hc:front.4.26,urn:cite:phoros:places.49,1800
urn:cite:phoros:payments.50,urn:cite:phoros:documents.stele1_year1,urn:cts:phoros:stele1.year1.hc:front.4.27,urn:cite:phoros:places.50,246
urn:cite:phoros:payments.51,urn:cite:phoros:documents.stele1_year1,urn:cts:phoros:stele1.year1.hc:front.4.29,urn:cite:phoros:places.51,300
urn:cite:phoros:payments.52,urn:cite:phoros:documents.stele1_year1,urn:cts:phoros:stele1.year1.hc:front.5.5,urn:cite:phoros:places.52,7712
urn:cite:phoros:payments.53,urn:cite:phoros:documents.stele1_year1,urn:cts:phoros:stele1.year1.hc:front.5.8,urn:cite:phoros:places.55,1600
urn:cite:phoros:payments.54,urn:cite:phoros:documents.stele1_year1,urn:cts:phoros:stele1.year1.hc:front.5.9,urn:cite:phoros:places.56,4632
urn:cite:phoros:payments.55,urn:cite:phoros:documents.stele1_year1,urn:cts:phoros:stele1.year1.hc:front.5.12,urn:cite:phoros:places.59,1400
urn:cite:phoros:payments.56,urn:cite:phoros:documents.stele1_year1,urn:cts:phoros:stele1.year1.hc:front.5.13,urn:cite:phoros:places.60,
urn:cite:phoros:payments.57,urn:cite:phoros:documents.stele1_year1,urn:cts:phoros:stele1.year1.hc:front.5.14,urn:cite:phoros:places.61,1800
urn:cite:phoros:payments.58,urn:cite:phoros:documents.stele1_year1,urn:cts:phoros:stele1.year1.hc:front.5.15,urn:cite:phoros:places.62,200
urn:cite:phoros:payments.59,urn:cite:phoros:documents.stele1_year1,urn:cts:phoros:stele1.year1.hc:front.5.16,urn:cite:phoros:places.63,300
urn:cite:phoros:payments.60,urn:cite:phoros:documents.stele1_year1,urn:cts:phoros:stele1.year1.hc:front.5.17,urn:cite:phoros:places.64,300
urn:cite:phoros:payments.61,urn:cite:phoros:documents.stele1_year1,urn:cts:phoros:stele1.year1.hc:front.5.18,urn:cite:phoros:places.65,900
urn:cite:phoros:payments.62,urn:cite:phoros:documents.stele1_year1,urn:cts:phoros:stele1.year1.hc:front.5.20,urn:cite:phoros:places.67,1200
urn:cite:phoros:payments.63,urn:cite:phoros:documents.stele1_year1,urn:cts:phoros:stele1.year1.hc:front.5.21,urn:cite:phoros:places.68,200
urn:cite:phoros:payments.64,urn:cite:phoros:documents.stele1_year1,urn:cts:phoros:stele1.year1.hc:front.6.5,urn:cite:phoros:places.70,100
urn:cite:phoros:payments.65,urn:cite:phoros:documents.stele1_year1,urn:cts:phoros:stele1.year1.hc:front.6.6,urn:cite:phoros:places.71,150
urn:cite:phoros:payments.66,urn:cite:phoros:documents.stele1_year1,urn:cts:phoros:stele1.year1.hc:front.6.7,urn:cite:phoros:places.72,100
urn:cite:phoros:payments.67,urn:cite:phoros:documents.stele1_year1,urn:cts:phoros:stele1.year1.hc:front.6.7,urn:cite:phoros:places.73,200
urn:cite:phoros:payments.68,urn:cite:phoros:documents.stele1_year1,urn:cts:phoros:stele1.year1.hc:front.6.10,urn:cite:phoros:places.74,100
urn:cite:phoros:payments.69,urn:cite:phoros:documents.stele1_year1,urn:cts:phoros:stele1.year1.hc:front.6.12,urn:cite:phoros:places.75,100
urn:cite:phoros:payments.70,urn:cite:phoros:documents.stele1_year1,urn:cts:phoros:stele1.year1.hc:front.6.13,urn:cite:phoros:places.76,50
urn:cite:phoros:payments.71,urn:cite:phoros:documents.stele1_year1,urn:cts:phoros:stele1.year1.hc:front.6.14,urn:cite:phoros:places.77,600
urn:cite:phoros:payments.72,urn:cite:phoros:documents.stele1_year1,urn:cts:phoros:stele1.year1.hc:front.6.15,urn:cite:phoros:places.78,600
urn:cite:phoros:payments.73,urn:cite:phoros:documents.stele1_year1,urn:cts:phoros:stele1.year1.hc:front.6.17,urn:cite:phoros:places.79,50
urn:cite:phoros:payments.74,urn:cite:phoros:documents.stele1_year1,urn:cts:phoros:stele1.year1.hc:front.6.18,urn:cite:phoros:places.80,3000
urn:cite:phoros:payments.75,urn:cite:phoros:documents.stele1_year1,urn:cts:phoros:stele1.year1.hc:front.6.20,urn:cite:phoros:places.81,1800
urn:cite:phoros:payments.76,urn:cite:phoros:documents.stele1_year2,urn:cts:phoros:stele1.year2.hc:header.1.11,urn:cite:phoros:places.69,103
urn:cite:phoros:payments.77,urn:cite:phoros:documents.stele1_year2,urn:cts:phoros:stele1.year2.hc:header.1.12,urn:cite:phoros:places.83,103
urn:cite:phoros:payments.78,urn:cite:phoros:documents.stele1_year2,urn:cts:phoros:stele1.year2.hc:header.1.13,urn:cite:phoros:places.84,413
urn:cite:phoros:payments.79,urn:cite:phoros:documents.stele1_year2,urn:cts:phoros:stele1.year2.hc:header.1.14,urn:cite:phoros:places.85,305
urn:cite:phoros:payments.80,urn:cite:phoros:documents.stele1_year2,urn:cts:phoros:stele1.year2.hc:header.1.15,urn:cite:phoros:places.86,689
urn:cite:phoros:payments.81,urn:cite:phoros:documents.stele1_year2,urn:cts:phoros:stele1.year2.hc:header.1.16,urn:cite:phoros:places.87,103
urn:cite:phoros:payments.82,urn:cite:phoros:documents.stele1_year2,urn:cts:phoros:stele1.year2.hc:header.1.17,urn:cite:phoros:places.88,103
urn:cite:phoros:payments.83,urn:cite:phoros:documents.stele1_year2,urn:cts:phoros:stele1.year2.hc:header.1.18,urn:cite:phoros:places.89,103
urn:cite:phoros:payments.84,urn:cite:phoros:documents.stele1_year2,urn:cts:phoros:stele1.year2.hc:header.2.2,urn:cite:phoros:places.90,100
urn:cite:phoros:payments.85,urn:cite:phoros:documents.stele1_year2,urn:cts:phoros:stele1.year2.hc:header.3.2,urn:cite:phoros:places.56,
urn:cite:phoros:payments.86,urn:cite:phoros:documents.stele1_year2,urn:cts:phoros:stele1.year2.hc:header.4.15,urn:cite:phoros:places.91,1200
urn:cite:phoros:payments.87,urn:cite:phoros:documents.stele1_year2,urn:cts:phoros:stele1.year2.hc:header.4.16,urn:cite:phoros:places.80,18000
urn:cite:phoros:payments.88,urn:cite:phoros:documents.stele1_year2,urn:cts:phoros:stele1.year2.hc:header.4.17,urn:cite:phoros:places.9,3600
urn:cite:phoros:payments.89,urn:cite:phoros:documents.stele1_year2,urn:cts:phoros:stele1.year2.hc:header.5.11,urn:cite:phoros:places.92,1200
urn:cite:phoros:payments.90,urn:cite:phoros:documents.stele1_year2,urn:cts:phoros:stele1.year2.hc:header.5.12,urn:cite:phoros:places.93,1800
urn:cite:phoros:payments.91,urn:cite:phoros:documents.stele1_year2,urn:cts:phoros:stele1.year2.hc:header.5.16,urn:cite:phoros:places.95,7200
urn:cite:phoros:payments.92,urn:cite:phoros:documents.stele1_year2,urn:cts:phoros:stele1.year2.hc:header.6.7,urn:cite:phoros:places.34,800
urn:cite:phoros:payments.93,urn:cite:phoros:documents.stele1_year2,urn:cts:phoros:stele1.year2.hc:header.6.8,urn:cite:phoros:places.34,
urn:cite:phoros:payments.94,urn:cite:phoros:documents.stele1_year2,urn:cts:phoros:stele1.year2.hc:header.6.9,urn:cite:phoros:places.23,1800
urn:cite:phoros:payments.95,urn:cite:phoros:documents.stele1_year2,urn:cts:phoros:stele1.year2.hc:header.6.10,urn:cite:phoros:places.24,200
urn:cite:phoros:payments.96,urn:cite:phoros:documents.stele1_year2,urn:cts:phoros:stele1.year2.hc:header.6.11,urn:cite:phoros:places.25,100
urn:cite:phoros:payments.97,urn:cite:phoros:documents.stele1_year2,urn:cts:phoros:stele1.year2.hc:header.6.12,urn:cite:phoros:places.4,4500
urn:cite:phoros:payments.98,urn:cite:phoros:documents.stele1_year2,urn:cts:phoros:stele1.year2.hc:header.6.13,urn:cite:phoros:places.77,600
urn:cite:phoros:payments.99,urn:cite:phoros:documents.stele1_year2,urn:cts:phoros:stele1.year2.hc:header.6.14,urn:cite:phoros:places.5,7200
urn:cite:phoros:payments.100,urn:cite:phoros:documents.stele1_year2,urn:cts:phoros:stele1.year2.hc:header.6.15,urn:cite:phoros:places.96,50
urn:cite:phoros:payments.101,urn:cite:phoros:documents.stele1_year2,urn:cts:phoros:stele1.year2.hc:header.6.16,urn:cite:phoros:places.76,50
urn:cite:phoros:payments.102,urn:cite:phoros:documents.stele1_year2,urn:cts:phoros:stele1.year2.hc:header.6.17,urn:cite:phoros:places.46,100
urn:cite:phoros:payments.103,urn:cite:phoros:documents.stele1_year2,urn:cts:phoros:stele1.year2.hc:header.6.18,urn:cite:phoros:places.32,900
urn:cite:phoros:payments.104,urn:cite:phoros:documents.stele1_year2,urn:cts:phoros:stele1.year2.hc:header.7.14,,50
urn:cite:phoros:payments.105,urn:cite:phoros:documents.stele1_year2,urn:cts:phoros:stele1.year2.hc:header.7.15,urn:cite:phoros:places.97,100
urn:cite:phoros:payments.106,urn:cite:phoros:documents.stele1_year2,urn:cts:phoros:stele1.year2.hc:header.7.16,urn:cite:phoros:places.11,100
urn:cite:phoros:payments.107,urn:cite:phoros:documents.stele1_year2,urn:cts:phoros:stele1.year2.hc:header.7.17,urn:cite:phoros:places.29,900
urn:cite:phoros:payments.108,urn:cite:phoros:documents.stele1_year2,urn:cts:phoros:stele1.year2.hc:header.7.18,urn:cite:phoros:places.26,1200
urn:cite:phoros:payments.109,urn:cite:phoros:documents.stele1_year2,urn:cts:phoros:stele1.year2.hc:right.8.14,urn:cite:phoros:places.50,250
urn:cite:phoros:payments.110,urn:cite:phoros:documents.stele1_year2,urn:cts:phoros:stele1.year2.hc:right.8.18,urn:cite:phoros:places.14,600
urn:cite:phoros:payments.111,urn:cite:phoros:documents.stele1_year2,urn:cts:phoros:stele1.year2.hc:right.9.2,urn:cite:phoros:places.27,1800
urn:cite:phoros:payments.112,urn:cite:phoros:documents.stele1_year2,urn:cts:phoros:stele1.year2.hc:right.9.3,urn:cite:phoros:places.30,300
urn:cite:phoros:payments.113,urn:cite:phoros:documents.stele1_year2,urn:cts:phoros:stele1.year2.hc:right.9.4,urn:cite:phoros:places.53,1200
urn:cite:phoros:payments.114,urn:cite:phoros:documents.stele1_year2,urn:cts:phoros:stele1.year2.hc:right.9.5,urn:cite:phoros:places.57,600
urn:cite:phoros:payments.115,urn:cite:phoros:documents.stele1_year2,urn:cts:phoros:stele1.year2.hc:right.9.7,urn:cite:phoros:places.40,900
urn:cite:phoros:payments.116,urn:cite:phoros:documents.stele1_year2,urn:cts:phoros:stele1.year2.hc:right.9.9,urn:cite:phoros:places.44,900
urn:cite:phoros:payments.117,urn:cite:phoros:documents.stele1_year2,urn:cts:phoros:stele1.year2.hc:right.10.2,urn:cite:phoros:places.98,400
urn:cite:phoros:payments.118,urn:cite:phoros:documents.stele1_year2,urn:cts:phoros:stele1.year2.hc:right.10.3,urn:cite:phoros:places.99,600
urn:cite:phoros:payments.119,urn:cite:phoros:documents.stele1_year2,urn:cts:phoros:stele1.year2.hc:right.10.4,urn:cite:phoros:places.78,600
urn:cite:phoros:payments.120,urn:cite:phoros:documents.stele1_year2,urn:cts:phoros:stele1.year2.hc:right.10.5,urn:cite:phoros:places.66,1800
urn:cite:phoros:payments.121,urn:cite:phoros:documents.stele1_year2,urn:cts:phoros:stele1.year2.hc:right.10.6,urn:cite:phoros:places.18,10800
urn:cite:phoros:payments.122,urn:cite:phoros:documents.stele1_year2,urn:cts:phoros:stele1.year2.hc:right.10.7,urn:cite:phoros:places.100,1200
urn:cite:phoros:payments.123,urn:cite:phoros:documents.stele1_year2,urn:cts:phoros:stele1.year2.hc:right.10.8,urn:cite:phoros:places.101,600
urn:cite:phoros:payments.124,urn:cite:phoros:documents.stele1_year2,urn:cts:phoros:stele1.year2.hc:right.10.9,urn:cite:phoros:places.102,600
urn:cite:phoros:payments.125,urn:cite:phoros:documents.stele1_year2,urn:cts:phoros:stele1.year2.hc:right.10.10,urn:cite:phoros:places.103,100
urn:cite:phoros:payments.126,urn:cite:phoros:documents.stele1_year2,urn:cts:phoros:stele1.year2.hc:right.10.11,urn:cite:phoros:places.42,100
urn:cite:phoros:payments.127,urn:cite:phoros:documents.stele1_year3,urn:cts:phoros:stele1.year3.hc:front.1.2,urn:cite:phoros:places.105,1800
urn:cite:phoros:payments.128,urn:cite:phoros:documents.stele1_year3,urn:cts:phoros:stele1.year3.hc:front.1.3,urn:cite:phoros:places.106,5400
urn:cite:phoros:payments.129,urn:cite:phoros:documents.stele1_year3,urn:cts:phoros:stele1.year3.hc:front.1.4,urn:cite:phoros:places.65,900
urn:cite:phoros:payments.130,urn:cite:phoros:documents.stele1_year3,urn:cts:phoros:stele1.year3.hc:front.1.5,urn:cite:phoros:places.71,150
urn:cite:phoros:payments.131,urn:cite:phoros:documents.stele1_year3,urn:cts:phoros:stele1.year3.hc:front.1.6,urn:cite:phoros:places.107,2700
urn:cite:phoros:payments.132,urn:cite:phoros:documents.stele1_year3,urn:cts:phoros:stele1.year3.hc:front.1.7,urn:cite:phoros:places.40,900
urn:cite:phoros:payments.133,urn:cite:phoros:documents.stele1_year3,urn:cts:phoros:stele1.year3.hc:front.1.8,urn:cite:phoros:places.108,50
urn:cite:phoros:payments.134,urn:cite:phoros:documents.stele1_year3,urn:cts:phoros:stele1.year3.hc:front.1.9,urn:cite:phoros:places.47,3600
urn:cite:phoros:payments.135,urn:cite:phoros:documents.stele1_year3,urn:cts:phoros:stele1.year3.hc:front.1.10,urn:cite:phoros:places.109,900
urn:cite:phoros:payments.136,urn:cite:phoros:documents.stele1_year3,urn:cts:phoros:stele1.year3.hc:front.1.11,urn:cite:phoros:places.44,900
urn:cite:phoros:payments.137,urn:cite:phoros:documents.stele1_year3,urn:cts:phoros:stele1.year3.hc:front.1.12,urn:cite:phoros:places.64,300
urn:cite:phoros:payments.138,urn:cite:phoros:documents.stele1_year3,urn:cts:phoros:stele1.year3.hc:front.1.13,urn:cite:phoros:places.77,600
urn:cite:phoros:payments.139,urn:cite:phoros:documents.stele1_year3,urn:cts:phoros:stele1.year3.hc:front.1.14,urn:cite:phoros:places.73,200
urn:cite:phoros:payments.140,urn:cite:phoros:documents.stele1_year3,urn:cts:phoros:stele1.year3.hc:front.1.15,urn:cite:phoros:places.51,300
urn:cite:phoros:payments.141,urn:cite:phoros:documents.stele1_year3,urn:cts:phoros:stele1.year3.hc:front.1.17,urn:cite:phoros:places.92,1200
urn:cite:phoros:payments.142,urn:cite:phoros:documents.stele1_year3,urn:cts:phoros:stele1.year3.hc:front.1.31,urn:cite:phoros:places.111,100
urn:cite:phoros:payments.143,urn:cite:phoros:documents.stele1_year3,urn:cts:phoros:stele1.year3.hc:front.1.32,urn:cite:phoros:places.7,1200
urn:cite:phoros:payments.144,urn:cite:phoros:documents.stele1_year3,urn:cts:phoros:stele1.year3.hc:front.2.2,,600
urn:cite:phoros:payments.145,urn:cite:phoros:documents.stele1_year3,urn:cts:phoros:stele1.year3.hc:front.2.5,urn:cite:phoros:places.112,4800
urn:cite:phoros:payments.146,urn:cite:phoros:documents.stele1_year3,urn:cts:phoros:stele1.year3.hc:front.2.6,urn:cite:phoros:places.113,100
urn:cite:phoros:payments.147,urn:cite:phoros:documents.stele1_year3,urn:cts:phoros:stele1.year3.hc:front.2.7,urn:cite:phoros:places.114,900
urn:cite:phoros:payments.148,urn:cite:phoros:documents.stele1_year3,urn:cts:phoros:stele1.year3.hc:front.2.8,urn:cite:phoros:places.9,3600
urn:cite:phoros:payments.149,urn:cite:phoros:documents.stele1_year3,urn:cts:phoros:stele1.year3.hc:front.2.11,urn:cite:phoros:places.32,900
urn:cite:phoros:payments.150,urn:cite:phoros:documents.stele1_year3,urn:cts:phoros:stele1.year3.hc:front.2.12,urn:cite:phoros:places.93,4800
urn:cite:phoros:payments.151,urn:cite:phoros:documents.stele1_year3,urn:cts:phoros:stele1.year3.hc:front.2.29,urn:cite:phoros:places.99,600
urn:cite:phoros:payments.152,urn:cite:phoros:documents.stele1_year3,urn:cts:phoros:stele1.year3.hc:front.2.30,urn:cite:phoros:places.119,900
urn:cite:phoros:payments.153,urn:cite:phoros:documents.stele1_year3,urn:cts:phoros:stele1.year3.hc:front.2.31,urn:cite:phoros:places.164,1080
urn:cite:phoros:payments.154,urn:cite:phoros:documents.stele1_year3,urn:cts:phoros:stele1.year3.hc:front.3.2,urn:cite:phoros:places.75,100
urn:cite:phoros:payments.155,urn:cite:phoros:documents.stele1_year3,urn:cts:phoros:stele1.year3.hc:front.3.4,urn:cite:phoros:places.3,100
urn:cite:phoros:payments.156,urn:cite:phoros:documents.stele1_year3,urn:cts:phoros:stele1.year3.hc:front.3.5,urn:cite:phoros:places.22,1800
urn:cite:phoros:payments.157,urn:cite:phoros:documents.stele1_year3,urn:cts:phoros:stele1.year3.hc:front.3.6,urn:cite:phoros:places.36,200
urn:cite:phoros:payments.158,urn:cite:phoros:documents.stele1_year3,urn:cts:phoros:stele1.year3.hc:front.3.7,urn:cite:phoros:places.120,600
urn:cite:phoros:payments.159,urn:cite:phoros:documents.stele1_year3,urn:cts:phoros:stele1.year3.hc:front.3.8,urn:cite:phoros:places.38,1000
urn:cite:phoros:payments.160,urn:cite:phoros:documents.stele1_year3,urn:cts:phoros:stele1.year3.hc:front.3.9,urn:cite:phoros:places.67,1200
urn:cite:phoros:payments.161,urn:cite:phoros:documents.stele1_year3,urn:cts:phoros:stele1.year3.hc:front.3.10,urn:cite:phoros:places.41,200
urn:cite:phoros:payments.162,urn:cite:phoros:documents.stele1_year3,urn:cts:phoros:stele1.year3.hc:front.3.24,urn:cite:phoros:places.79,50
urn:cite:phoros:payments.163,urn:cite:phoros:documents.stele1_year3,urn:cts:phoros:stele1.year3.hc:front.3.26,urn:cite:phoros:places.121,200
urn:cite:phoros:payments.164,urn:cite:phoros:documents.stele1_year3,urn:cts:phoros:stele1.year3.hc:front.3.28,urn:cite:phoros:places.28,330
urn:cite:phoros:payments.165,urn:cite:phoros:documents.stele1_year3,urn:cts:phoros:stele1.year3.hc:front.3.31,urn:cite:phoros:places.76,50
urn:cite:phoros:payments.166,urn:cite:phoros:documents.stele1_year3,urn:cts:phoros:stele1.year3.hc:front.4.2,urn:cite:phoros:places.123,100
urn:cite:phoros:payments.167,urn:cite:phoros:documents.stele1_year3,urn:cts:phoros:stele1.year3.hc:front.4.3,urn:cite:phoros:places.5,7200
urn:cite:phoros:payments.168,urn:cite:phoros:documents.stele1_year3,urn:cts:phoros:stele1.year3.hc:front.4.4,urn:cite:phoros:places.124,900
urn:cite:phoros:payments.169,urn:cite:phoros:documents.stele1_year3,urn:cts:phoros:stele1.year3.hc:front.4.5,urn:cite:phoros:places.31,400
urn:cite:phoros:payments.170,urn:cite:phoros:documents.stele1_year3,urn:cts:phoros:stele1.year3.hc:front.4.6,,
urn:cite:phoros:payments.171,urn:cite:phoros:documents.stele1_year3,urn:cts:phoros:stele1.year3.hc:front.4.7,urn:cite:phoros:places.12,400
urn:cite:phoros:payments.172,urn:cite:phoros:documents.stele1_year3,urn:cts:phoros:stele1.year3.hc:front.4.8,urn:cite:phoros:places.125,1800
urn:cite:phoros:payments.173,urn:cite:phoros:documents.stele1_year3,urn:cts:phoros:stele1.year3.hc:front.4.9,urn:cite:phoros:places.18,1800
urn:cite:phoros:payments.174,urn:cite:phoros:documents.stele1_year3,urn:cts:phoros:stele1.year3.hc:front.4.10,urn:cite:phoros:places.126,100
urn:cite:phoros:payments.175,urn:cite:phoros:documents.stele1_year3,urn:cts:phoros:stele1.year3.hc:front.4.11,urn:cite:phoros:places.127,50
urn:cite:phoros:payments.176,urn:cite:phoros:documents.stele1_year3,urn:cts:phoros:stele1.year3.hc:front.4.12,urn:cite:phoros:places.20,5400
urn:cite:phoros:payments.177,urn:cite:phoros:documents.stele1_year3,urn:cts:phoros:stele1.year3.hc:front.4.13,urn:cite:phoros:places.128,6000
urn:cite:phoros:payments.178,urn:cite:phoros:documents.stele1_year3,urn:cts:phoros:stele1.year3.hc:front.4.14,urn:cite:phoros:places.133,5070
urn:cite:phoros:payments.179,urn:cite:phoros:documents.stele1_year3,urn:cts:phoros:stele1.year3.hc:front.4.24,urn:cite:phoros:places.50,250
urn:cite:phoros:payments.180,urn:cite:phoros:documents.stele1_year3,urn:cts:phoros:stele1.year3.hc:front.4.25,urn:cite:phoros:places.83,150
urn:cite:phoros:payments.181,urn:cite:phoros:documents.stele1_year3,urn:cts:phoros:stele1.year3.hc:front.4.26,urn:cite:phoros:places.26,1200
urn:cite:phoros:payments.182,urn:cite:phoros:documents.stele1_year3,urn:cts:phoros:stele1.year3.hc:front.4.27,urn:cite:phoros:places.131,600
urn:cite:phoros:payments.183,urn:cite:phoros:documents.stele1_year3,urn:cts:phoros:stele1.year3.hc:front.4.28,urn:cite:phoros:places.132,40
urn:cite:phoros:payments.184,urn:cite:phoros:documents.stele1_year3,urn:cts:phoros:stele1.year3.hc:front.4.29,urn:cite:phoros:places.133,288
urn:cite:phoros:payments.185,urn:cite:phoros:documents.stele1_year3,urn:cts:phoros:stele1.year3.hc:front.4.30,urn:cite:phoros:places.134,100
urn:cite:phoros:payments.186,urn:cite:phoros:documents.stele1_year3,urn:cts:phoros:stele1.year3.hc:front.4.31,urn:cite:phoros:places.135,150
urn:cite:phoros:payments.187,urn:cite:phoros:documents.stele1_year3,urn:cts:phoros:stele1.year3.hc:front.5.2,urn:cite:phoros:places.136,7200
urn:cite:phoros:payments.188,urn:cite:phoros:documents.stele1_year3,urn:cts:phoros:stele1.year3.hc:front.5.3,urn:cite:phoros:places.137,100
urn:cite:phoros:payments.189,urn:cite:phoros:documents.stele1_year3,urn:cts:phoros:stele1.year3.hc:front.5.4,urn:cite:phoros:places.138,1800
urn:cite:phoros:payments.190,urn:cite:phoros:documents.stele1_year3,urn:cts:phoros:stele1.year3.hc:front.5.5,urn:cite:phoros:places.80,18000
urn:cite:phoros:payments.191,urn:cite:phoros:documents.stele1_year3,urn:cts:phoros:stele1.year3.hc:front.5.6,urn:cite:phoros:places.8,50
urn:cite:phoros:payments.192,urn:cite:phoros:documents.stele1_year3,urn:cts:phoros:stele1.year3.hc:front.5.8,urn:cite:phoros:places.6,100
urn:cite:phoros:payments.193,urn:cite:phoros:documents.stele1_year3,urn:cts:phoros:stele1.year3.hc:front.5.9,urn:cite:phoros:places.48,1500
urn:cite:phoros:payments.194,urn:cite:phoros:documents.stele1_year3,urn:cts:phoros:stele1.year3.hc:front.5.10,urn:cite:phoros:places.23,1800
urn:cite:phoros:payments.195,urn:cite:phoros:documents.stele1_year3,urn:cts:phoros:stele1.year3.hc:front.5.11,urn:cite:phoros:places.24,200
urn:cite:phoros:payments.196,urn:cite:phoros:documents.stele1_year3,urn:cts:phoros:stele1.year3.hc:front.5.12,urn:cite:phoros:places.17,600
urn:cite:phoros:payments.197,urn:cite:phoros:documents.stele1_year3,urn:cts:phoros:stele1.year3.hc:front.5.13,urn:cite:phoros:places.4,4500
urn:cite:phoros:payments.198,urn:cite:phoros:documents.stele1_year3,urn:cts:phoros:stele1.year3.hc:front.5.14,urn:cite:phoros:places.46,100
urn:cite:phoros:payments.199,urn:cite:phoros:documents.stele1_year3,urn:cts:phoros:stele1.year3.hc:front.5.15,urn:cite:phoros:places.110,300
urn:cite:phoros:payments.200,urn:cite:phoros:documents.stele1_year3,urn:cts:phoros:stele1.year3.hc:front.5.16,urn:cite:phoros:places.21,200
urn:cite:phoros:payments.201,urn:cite:phoros:documents.stele1_year3,urn:cts:phoros:stele1.year3.hc:front.5.17,urn:cite:phoros:places.52,9000
urn:cite:phoros:payments.202,urn:cite:phoros:documents.stele1_year3,urn:cts:phoros:stele1.year3.hc:front.5.18,urn:cite:phoros:places.96,50
urn:cite:phoros:payments.203,urn:cite:phoros:documents.stele1_year3,urn:cts:phoros:stele1.year3.hc:front.5.19,urn:cite:phoros:places.115,4501
urn:cite:phoros:payments.204,urn:cite:phoros:documents.stele1_year3,urn:cts:phoros:stele1.year3.hc:front.5.20,urn:cite:phoros:places.61,1800
urn:cite:phoros:payments.205,urn:cite:phoros:documents.stele1_year3,urn:cts:phoros:stele1.year3.hc:front.5.21,urn:cite:phoros:places.116,100
urn:cite:phoros:payments.206,urn:cite:phoros:documents.stele1_year3,urn:cts:phoros:stele1.year3.hc:front.5.22,urn:cite:phoros:places.118,450
urn:cite:phoros:payments.207,urn:cite:phoros:documents.stele1_year3,urn:cts:phoros:stele1.year3.hc:front.5.23,urn:cite:phoros:places.60,2400
urn:cite:phoros:payments.208,urn:cite:phoros:documents.stele1_year3,urn:cts:phoros:stele1.year3.hc:front.5.24,,
urn:cite:phoros:payments.209,urn:cite:phoros:documents.stele1_year3,urn:cts:phoros:stele1.year3.hc:front.5.25,urn:cite:phoros:places.5,1800
urn:cite:phoros:payments.210,urn:cite:phoros:documents.stele1_year3,urn:cts:phoros:stele1.year3.hc:front.5.26,urn:cite:phoros:places.11,100
urn:cite:phoros:payments.211,urn:cite:phoros:documents.stele1_year3,urn:cts:phoros:stele1.year3.hc:front.5.27,urn:cite:phoros:places.97,100
urn:cite:phoros:payments.212,urn:cite:phoros:documents.stele1_year3,urn:cts:phoros:stele1.year3.hc:front.5.28,urn:cite:phoros:places.130,100
urn:cite:phoros:payments.213,urn:cite:phoros:documents.stele1_year3,urn:cts:phoros:stele1.year3.hc:front.5.29,urn:cite:phoros:places.139,9000
urn:cite:phoros:payments.214,urn:cite:phoros:documents.stele1_year4,urn:cts:phoros:stele1.year4.hc:front.1.2,urn:cite:phoros:places.47,3600
urn:cite:phoros:payments.215,urn:cite:phoros:documents.stele1_year4,urn:cts:phoros:stele1.year4.hc:front.1.3,urn:cite:phoros:places.9,3600
urn:cite:phoros:payments.216,urn:cite:phoros:documents.stele1_year4,urn:cts:phoros:stele1.year4.hc:front.1.5,urn:cite:phoros:places.105,1800
urn:cite:phoros:payments.217,urn:cite:phoros:documents.stele1_year4,urn:cts:phoros:stele1.year4.hc:front.1.6,urn:cite:phoros:places.143,300
urn:cite:phoros:payments.218,urn:cite:phoros:documents.stele1_year4,urn:cts:phoros:stele1.year4.hc:front.1.7,urn:cite:phoros:places.112,4800
urn:cite:phoros:payments.219,urn:cite:phoros:documents.stele1_year4,urn:cts:phoros:stele1.year4.hc:front.1.8,urn:cite:phoros:places.131,100
urn:cite:phoros:payments.220,urn:cite:phoros:documents.stele1_year4,urn:cts:phoros:stele1.year4.hc:front.1.9,urn:cite:phoros:places.144,300
urn:cite:phoros:payments.221,urn:cite:phoros:documents.stele1_year4,urn:cts:phoros:stele1.year4.hc:front.1.11,urn:cite:phoros:places.114,900
urn:cite:phoros:payments.222,urn:cite:phoros:documents.stele1_year4,urn:cts:phoros:stele1.year4.hc:front.1.12,urn:cite:phoros:places.50,250
urn:cite:phoros:payments.223,urn:cite:phoros:documents.stele1_year4,urn:cts:phoros:stele1.year4.hc:front.1.13,urn:cite:phoros:places.83,150
urn:cite:phoros:payments.224,urn:cite:phoros:documents.stele1_year4,urn:cts:phoros:stele1.year4.hc:front.1.14,urn:cite:phoros:places.64,300
urn:cite:phoros:payments.225,urn:cite:phoros:documents.stele1_year4,urn:cts:phoros:stele1.year4.hc:front.1.15,urn:cite:phoros:places.125,1800
urn:cite:phoros:payments.226,urn:cite:phoros:documents.stele1_year4,urn:cts:phoros:stele1.year4.hc:front.1.16,urn:cite:phoros:places.18,1800
urn:cite:phoros:payments.227,urn:cite:phoros:documents.stele1_year4,urn:cts:phoros:stele1.year4.hc:front.1.17,urn:cite:phoros:places.126,100
urn:cite:phoros:payments.228,urn:cite:phoros:documents.stele1_year4,urn:cts:phoros:stele1.year4.hc:front.1.18,urn:cite:phoros:places.110,300
urn:cite:phoros:payments.229,urn:cite:phoros:documents.stele1_year4,urn:cts:phoros:stele1.year4.hc:front.1.19,urn:cite:phoros:places.145,7200
urn:cite:phoros:payments.230,urn:cite:phoros:documents.stele1_year4,urn:cts:phoros:stele1.year4.hc:front.1.20,urn:cite:phoros:places.146,1200
urn:cite:phoros:payments.231,urn:cite:phoros:documents.stele1_year4,urn:cts:phoros:stele1.year4.hc:front.1.21,urn:cite:phoros:places.147,1350
urn:cite:phoros:payments.232,urn:cite:phoros:documents.stele1_year4,urn:cts:phoros:stele1.year4.hc:front.1.22,urn:cite:phoros:places.148,100
urn:cite:phoros:payments.233,urn:cite:phoros:documents.stele1_year4,urn:cts:phoros:stele1.year4.hc:front.1.23,urn:cite:phoros:places.149,4500
urn:cite:phoros:payments.234,urn:cite:phoros:documents.stele1_year4,urn:cts:phoros:stele1.year4.hc:front.1.24,urn:cite:phoros:places.150,100
urn:cite:phoros:payments.235,urn:cite:phoros:documents.stele1_year4,urn:cts:phoros:stele1.year4.hc:front.1.25,urn:cite:phoros:places.51,300
urn:cite:phoros:payments.236,urn:cite:phoros:documents.stele1_year4,urn:cts:phoros:stele1.year4.hc:front.1.26,urn:cite:phoros:places.15,200
urn:cite:phoros:payments.237,urn:cite:phoros:documents.stele1_year4,urn:cts:phoros:stele1.year4.hc:front.1.27,urn:cite:phoros:places.16,600
urn:cite:phoros:payments.238,urn:cite:phoros:documents.stele1_year4,urn:cts:phoros:stele1.year4.hc:front.1.28,urn:cite:phoros:places.16,100
urn:cite:phoros:payments.239,urn:cite:phoros:documents.stele1_year4,urn:cts:phoros:stele1.year4.hc:front.1.29,urn:cite:phoros:places.90,100
urn:cite:phoros:payments.240,urn:cite:phoros:documents.stele1_year4,urn:cts:phoros:stele1.year4.hc:front.1.30,urn:cite:phoros:places.100,1200
urn:cite:phoros:payments.241,urn:cite:phoros:documents.stele1_year4,urn:cts:phoros:stele1.year4.hc:front.1.31,urn:cite:phoros:places.38,1000
urn:cite:phoros:payments.242,urn:cite:phoros:documents.stele1_year4,urn:cts:phoros:stele1.year4.hc:front.1.32,urn:cite:phoros:places.67,1200
urn:cite:phoros:payments.243,urn:cite:phoros:documents.stele1_year4,urn:cts:phoros:stele1.year4.hc:front.1.33,urn:cite:phoros:places.41,200
urn:cite:phoros:payments.244,urn:cite:phoros:documents.stele1_year4,urn:cts:phoros:stele1.year4.hc:front.2.2,urn:cite:phoros:places.8,300
urn:cite:phoros:payments.245,urn:cite:phoros:documents.stele1_year4,urn:cts:phoros:stele1.year4.hc:front.2.4,urn:cite:phoros:places.46,100
urn:cite:phoros:payments.246,urn:cite:phoros:documents.stele1_year4,urn:cts:phoros:stele1.year4.hc:front.2.5,urn:cite:phoros:places.21,200
urn:cite:phoros:payments.247,urn:cite:phoros:documents.stele1_year4,urn:cts:phoros:stele1.year4.hc:front.2.6,urn:cite:phoros:places.76,50
urn:cite:phoros:payments.248,urn:cite:phoros:documents.stele1_year4,urn:cts:phoros:stele1.year4.hc:front.2.7,urn:cite:phoros:places.44,900
urn:cite:phoros:payments.249,urn:cite:phoros:documents.stele1_year4,urn:cts:phoros:stele1.year4.hc:front.2.8,urn:cite:phoros:places.151,100
urn:cite:phoros:payments.250,urn:cite:phoros:documents.stele1_year4,urn:cts:phoros:stele1.year4.hc:front.2.9,urn:cite:phoros:places.34,800
urn:cite:phoros:payments.251,urn:cite:phoros:documents.stele1_year4,urn:cts:phoros:stele1.year4.hc:front.2.11,urn:cite:phoros:places.48,1500
urn:cite:phoros:payments.252,urn:cite:phoros:documents.stele1_year4,urn:cts:phoros:stele1.year4.hc:front.2.12,urn:cite:phoros:places.152,3600
urn:cite:phoros:payments.253,urn:cite:phoros:documents.stele1_year4,urn:cts:phoros:stele1.year4.hc:front.2.13,urn:cite:phoros:places.148,1800
urn:cite:phoros:payments.254,urn:cite:phoros:documents.stele1_year4,urn:cts:phoros:stele1.year4.hc:front.2.14,urn:cite:phoros:places.153,100
urn:cite:phoros:payments.255,urn:cite:phoros:documents.stele1_year4,urn:cts:phoros:stele1.year4.hc:front.2.15,urn:cite:phoros:places.20,5400
urn:cite:phoros:payments.256,urn:cite:phoros:documents.stele1_year4,urn:cts:phoros:stele1.year4.hc:front.2.16,urn:cite:phoros:places.99,600
urn:cite:phoros:payments.257,urn:cite:phoros:documents.stele1_year4,urn:cts:phoros:stele1.year4.hc:front.2.26,urn:cite:phoros:places.60,2400
urn:cite:phoros:payments.258,urn:cite:phoros:documents.stele1_year4,urn:cts:phoros:stele1.year4.hc:front.2.27,urn:cite:phoros:places.32,300
urn:cite:phoros:payments.259,urn:cite:phoros:documents.stele1_year4,urn:cts:phoros:stele1.year4.hc:front.2.28,urn:cite:phoros:places.56,3550
urn:cite:phoros:payments.260,urn:cite:phoros:documents.stele1_year4,urn:cts:phoros:stele1.year4.hc:front.2.29,urn:cite:phoros:places.12,400
urn:cite:phoros:payments.261,urn:cite:phoros:documents.stele1_year4,urn:cts:phoros:stele1.year4.hc:front.2.30,urn:cite:phoros:places.136,7200
urn:cite:phoros:payments.262,urn:cite:phoros:documents.stele1_year4,urn:cts:phoros:stele1.year4.hc:front.2.31,urn:cite:phoros:places.109,900
urn:cite:phoros:payments.263,urn:cite:phoros:documents.stele1_year4,urn:cts:phoros:stele1.year4.hc:front.2.32,3,1800
urn:cite:phoros:payments.264,urn:cite:phoros:documents.stele1_year4,urn:cts:phoros:stele1.year4.hc:front.2.33,urn:cite:phoros:places.154,100
urn:cite:phoros:payments.265,urn:cite:phoros:documents.stele1_year4,urn:cts:phoros:stele1.year4.hc:front.3.22,urn:cite:phoros:places.55,2400
urn:cite:phoros:payments.266,urn:cite:phoros:documents.stele1_year4,urn:cts:phoros:stele1.year4.hc:front.3.23,urn:cite:phoros:places.155,300
urn:cite:phoros:payments.267,urn:cite:phoros:documents.stele1_year4,urn:cts:phoros:stele1.year4.hc:front.3.24,urn:cite:phoros:places.11,100
urn:cite:phoros:payments.268,urn:cite:phoros:documents.stele1_year4,urn:cts:phoros:stele1.year4.hc:front.3.25,urn:cite:phoros:places.103,100
urn:cite:phoros:payments.269,urn:cite:phoros:documents.stele1_year4,urn:cts:phoros:stele1.year4.hc:front.3.26,urn:cite:phoros:places.96,50
urn:cite:phoros:payments.270,urn:cite:phoros:documents.stele1_year4,urn:cts:phoros:stele1.year4.hc:front.3.27,urn:cite:phoros:places.93,3600
urn:cite:phoros:payments.271,urn:cite:phoros:documents.stele1_year4,urn:cts:phoros:stele1.year4.hc:front.3.29,urn:cite:phoros:places.156,160
urn:cite:phoros:payments.272,urn:cite:phoros:documents.stele1_year4,urn:cts:phoros:stele1.year4.hc:front.4.2,urn:cite:phoros:places.157,150
urn:cite:phoros:payments.273,urn:cite:phoros:documents.stele1_year4,urn:cts:phoros:stele1.year4.hc:front.4.3,urn:cite:phoros:places.22,1800
urn:cite:phoros:payments.274,urn:cite:phoros:documents.stele1_year4,urn:cts:phoros:stele1.year4.hc:front.4.4,urn:cite:phoros:places.61,1800
urn:cite:phoros:payments.275,urn:cite:phoros:documents.stele1_year4,urn:cts:phoros:stele1.year4.hc:front.4.5,urn:cite:phoros:places.95,7200
urn:cite:phoros:payments.276,urn:cite:phoros:documents.stele1_year4,urn:cts:phoros:stele1.year4.hc:front.4.6,urn:cite:phoros:places.24,200
urn:cite:phoros:payments.277,urn:cite:phoros:documents.stele1_year4,urn:cts:phoros:stele1.year4.hc:front.4.7,urn:cite:phoros:places.3,100
urn:cite:phoros:payments.278,urn:cite:phoros:documents.stele1_year4,urn:cts:phoros:stele1.year4.hc:front.4.8,urn:cite:phoros:places.116,100
urn:cite:phoros:payments.279,urn:cite:phoros:documents.stele1_year4,urn:cts:phoros:stele1.year4.hc:front.4.9,urn:cite:phoros:places.123,100
urn:cite:phoros:payments.280,urn:cite:phoros:documents.stele1_year4,urn:cts:phoros:stele1.year4.hc:front.4.10,urn:cite:phoros:places.158,900
urn:cite:phoros:payments.281,urn:cite:phoros:documents.stele1_year4,urn:cts:phoros:stele1.year4.hc:front.4.11,urn:cite:phoros:places.23,1800
urn:cite:phoros:payments.282,urn:cite:phoros:documents.stele1_year4,urn:cts:phoros:stele1.year4.hc:front.4.12,urn:cite:phoros:places.5,1800
urn:cite:phoros:payments.283,urn:cite:phoros:documents.stele1_year4,urn:cts:phoros:stele1.year4.hc:front.4.13,urn:cite:phoros:places.6,100
urn:cite:phoros:payments.284,urn:cite:phoros:documents.stele1_year4,urn:cts:phoros:stele1.year4.hc:front.4.14,urn:cite:phoros:places.159,3600
urn:cite:phoros:payments.285,urn:cite:phoros:documents.stele1_year4,urn:cts:phoros:stele1.year4.hc:front.4.15,urn:cite:phoros:places.160,3000
urn:cite:phoros:payments.286,urn:cite:phoros:documents.stele1_year4,urn:cts:phoros:stele1.year4.hc:front.4.16,urn:cite:phoros:places.53,1200
urn:cite:phoros:payments.287,urn:cite:phoros:documents.stele1_year4,urn:cts:phoros:stele1.year4.hc:front.4.17,urn:cite:phoros:places.54,300
urn:cite:phoros:payments.288,urn:cite:phoros:documents.stele1_year4,urn:cts:phoros:stele1.year4.hc:front.4.18,urn:cite:phoros:places.39,600
urn:cite:phoros:payments.289,urn:cite:phoros:documents.stele1_year4,urn:cts:phoros:stele1.year4.hc:front.4.19,urn:cite:phoros:places.161,120
urn:cite:phoros:payments.290,urn:cite:phoros:documents.stele1_year4,urn:cts:phoros:stele1.year4.hc:front.4.21,urn:cite:phoros:places.35,600
urn:cite:phoros:payments.291,urn:cite:phoros:documents.stele1_year4,urn:cts:phoros:stele1.year4.hc:front.4.22,urn:cite:phoros:places.36,200
urn:cite:phoros:payments.292,urn:cite:phoros:documents.stele1_year4,urn:cts:phoros:stele1.year4.hc:front.4.23,urn:cite:phoros:places.37,100
urn:cite:phoros:payments.293,urn:cite:phoros:documents.stele1_year4,urn:cts:phoros:stele1.year4.hc:front.4.26,urn:cite:phoros:places.65,900
urn:cite:phoros:payments.294,urn:cite:phoros:documents.stele1_year4,urn:cts:phoros:stele1.year4.hc:front.4.27,urn:cite:phoros:places.162,150
urn:cite:phoros:payments.295,urn:cite:phoros:documents.stele1_year4,urn:cts:phoros:stele1.year4.hc:front.4.28,urn:cite:phoros:places.70,100
urn:cite:phoros:payments.296,urn:cite:phoros:documents.stele1_year4,urn:cts:phoros:stele1.year4.hc:front.4.29,urn:cite:phoros:places.163,50
urn:cite:phoros:payments.297,urn:cite:phoros:documents.stele1_year4,urn:cts:phoros:stele1.year4.hc:front.4.30,urn:cite:phoros:places.120,600
urn:cite:phoros:payments.298,urn:cite:phoros:documents.stele1_year4,urn:cts:phoros:stele1.year4.hc:front.4.32,urn:cite:phoros:places.132,40
urn:cite:phoros:payments.299,urn:cite:phoros:documents.stele1_year4,urn:cts:phoros:stele1.year4.hc:front.5.2,urn:cite:phoros:places.128,6000
urn:cite:phoros:payments.300,urn:cite:phoros:documents.stele1_year4,urn:cts:phoros:stele1.year4.hc:front.5.3,urn:cite:phoros:places.26,1200
urn:cite:phoros:payments.301,urn:cite:phoros:documents.stele1_year4,urn:cts:phoros:stele1.year4.hc:front.5.4,,300
urn:cite:phoros:payments.302,urn:cite:phoros:documents.stele1_year4,urn:cts:phoros:stele1.year4.hc:front.5.21,urn:cite:phoros:places.165,
urn:cite:phoros:payments.303,urn:cite:phoros:documents.stele1_year4,urn:cts:phoros:stele1.year4.hc:front.5.22,urn:cite:phoros:places.166,
urn:cite:phoros:payments.304,urn:cite:phoros:documents.stele1_year4,urn:cts:phoros:stele1.year4.hc:front.5.23,,100
urn:cite:phoros:payments.305,urn:cite:phoros:documents.stele1_year4,urn:cts:phoros:stele1.year4.hc:front.5.24,urn:cite:phoros:places.167,200
urn:cite:phoros:payments.306,urn:cite:phoros:documents.stele1_year4,urn:cts:phoros:stele1.year4.hc:front.5.25,urn:cite:phoros:places.168,40
urn:cite:phoros:payments.307,urn:cite:phoros:documents.stele1_year4,urn:cts:phoros:stele1.year4.hc:front.5.26,urn:cite:phoros:places.169,106
urn:cite:phoros:payments.308,urn:cite:phoros:documents.stele1_year4,urn:cts:phoros:stele1.year4.hc:front.5.27,urn:cite:phoros:places.87,50
urn:cite:phoros:payments.309,urn:cite:phoros:documents.stele1_year4,urn:cts:phoros:stele1.year4.hc:front.5.28,urn:cite:phoros:places.170,100
urn:cite:phoros:payments.310,urn:cite:phoros:documents.stele1_year4,urn:cts:phoros:stele1.year4.hc:front.5.29,urn:cite:phoros:places.171,100
urn:cite:phoros:payments.311,urn:cite:phoros:documents.stele1_year4,urn:cts:phoros:stele1.year4.hc:front.5.30,urn:cite:phoros:places.172,150
urn:cite:phoros:payments.312,urn:cite:phoros:documents.stele1_year4,urn:cts:phoros:stele1.year4.hc:front.5.31,urn:cite:phoros:places.173,600
urn:cite:phoros:payments.313,urn:cite:phoros:documents.stele1_year5,urn:cts:phoros:stele1.year5.hc:front.1.2,urn:cite:phoros:places.164,1800
urn:cite:phoros:payments.314,urn:cite:phoros:documents.stele1_year5,urn:cts:phoros:stele1.year5.hc:front.1.3,urn:cite:phoros:places.126,100
urn:cite:phoros:payments.315,urn:cite:phoros:documents.stele1_year5,urn:cts:phoros:stele1.year5.hc:front.1.4,urn:cite:phoros:places.125,3000
urn:cite:phoros:payments.316,urn:cite:phoros:documents.stele1_year5,urn:cts:phoros:stele1.year5.hc:front.1.5,urn:cite:phoros:places.46,100
urn:cite:phoros:payments.317,urn:cite:phoros:documents.stele1_year5,urn:cts:phoros:stele1.year5.hc:front.1.6,urn:cite:phoros:places.21,200
urn:cite:phoros:payments.318,urn:cite:phoros:documents.stele1_year5,urn:cts:phoros:stele1.year5.hc:front.1.7,urn:cite:phoros:places.160,2136
urn:cite:phoros:payments.319,urn:cite:phoros:documents.stele1_year5,urn:cts:phoros:stele1.year5.hc:front.1.8,urn:cite:phoros:places.155,300
urn:cite:phoros:payments.320,urn:cite:phoros:documents.stele1_year5,urn:cts:phoros:stele1.year5.hc:front.1.9,urn:cite:phoros:places.76,50
urn:cite:phoros:payments.321,urn:cite:phoros:documents.stele1_year5,urn:cts:phoros:stele1.year5.hc:front.1.10,urn:cite:phoros:places.175,300
urn:cite:phoros:payments.322,urn:cite:phoros:documents.stele1_year5,urn:cts:phoros:stele1.year5.hc:front.1.11,urn:cite:phoros:places.128,6000
urn:cite:phoros:payments.323,urn:cite:phoros:documents.stele1_year5,urn:cts:phoros:stele1.year5.hc:front.1.12,urn:cite:phoros:places.176,600
urn:cite:phoros:payments.324,urn:cite:phoros:documents.stele1_year5,urn:cts:phoros:stele1.year5.hc:front.1.13,urn:cite:phoros:places.20,5400
urn:cite:phoros:payments.325,urn:cite:phoros:documents.stele1_year5,urn:cts:phoros:stele1.year5.hc:front.1.14,urn:cite:phoros:places.63,600
urn:cite:phoros:payments.326,urn:cite:phoros:documents.stele1_year5,urn:cts:phoros:stele1.year5.hc:front.2.2,urn:cite:phoros:places.34,600
urn:cite:phoros:payments.327,urn:cite:phoros:documents.stele1_year5,urn:cts:phoros:stele1.year5.hc:front.2.4,urn:cite:phoros:places.44,900
urn:cite:phoros:payments.328,urn:cite:phoros:documents.stele1_year5,urn:cts:phoros:stele1.year5.hc:front.2.5,urn:cite:phoros:places.27,1800
urn:cite:phoros:payments.329,urn:cite:phoros:documents.stele1_year5,urn:cts:phoros:stele1.year5.hc:front.2.6,urn:cite:phoros:places.174,1800
urn:cite:phoros:payments.330,urn:cite:phoros:documents.stele1_year5,urn:cts:phoros:stele1.year5.hc:front.2.7,urn:cite:phoros:places.109,900
urn:cite:phoros:payments.331,urn:cite:phoros:documents.stele1_year5,urn:cts:phoros:stele1.year5.hc:front.2.8,urn:cite:phoros:places.151,100
urn:cite:phoros:payments.332,urn:cite:phoros:documents.stele1_year5,urn:cts:phoros:stele1.year5.hc:front.2.9,urn:cite:phoros:places.44,200
urn:cite:phoros:payments.333,urn:cite:phoros:documents.stele1_year5,urn:cts:phoros:stele1.year5.hc:front.2.10,urn:cite:phoros:places.152,3600
urn:cite:phoros:payments.334,urn:cite:phoros:documents.stele1_year5,urn:cts:phoros:stele1.year5.hc:front.2.11,urn:cite:phoros:places.96,50
urn:cite:phoros:payments.335,urn:cite:phoros:documents.stele1_year5,urn:cts:phoros:stele1.year5.hc:front.2.13,,270
urn:cite:phoros:payments.336,urn:cite:phoros:documents.stele1_year5,urn:cts:phoros:stele1.year5.hc:front.2.26,urn:cite:phoros:places.179,100
urn:cite:phoros:payments.337,urn:cite:phoros:documents.stele1_year5,urn:cts:phoros:stele1.year5.hc:front.2.28,urn:cite:phoros:places.120,600
urn:cite:phoros:payments.338,urn:cite:phoros:documents.stele1_year5,urn:cts:phoros:stele1.year5.hc:front.2.29,urn:cite:phoros:places.35,600
urn:cite:phoros:payments.339,urn:cite:phoros:documents.stele1_year5,urn:cts:phoros:stele1.year5.hc:front.2.30,urn:cite:phoros:places.25,100
urn:cite:phoros:payments.340,urn:cite:phoros:documents.stele1_year5,urn:cts:phoros:stele1.year5.hc:front.2.31,urn:cite:phoros:places.24,200
urn:cite:phoros:payments.341,urn:cite:phoros:documents.stele1_year5,urn:cts:phoros:stele1.year5.hc:front.2.32,urn:cite:phoros:places.50,250
urn:cite:phoros:payments.342,urn:cite:phoros:documents.stele1_year5,urn:cts:phoros:stele1.year5.hc:front.2.33,urn:cite:phoros:places.49,870
urn:cite:phoros:payments.343,urn:cite:phoros:documents.stele1_year5,urn:cts:phoros:stele1.year5.hc:front.2.34,urn:cite:phoros:places.36,200
urn:cite:phoros:payments.344,urn:cite:phoros:documents.stele1_year5,urn:cts:phoros:stele1.year5.hc:front.2.35,urn:cite:phoros:places.47,1800
urn:cite:phoros:payments.345,urn:cite:phoros:documents.stele1_year5,urn:cts:phoros:stele1.year5.hc:front.2.36,urn:cite:phoros:places.8,300
urn:cite:phoros:payments.346,urn:cite:phoros:documents.stele1_year5,urn:cts:phoros:stele1.year5.hc:front.2.38,urn:cite:phoros:places.167,210
urn:cite:phoros:payments.347,urn:cite:phoros:documents.stele1_year5,urn:cts:phoros:stele1.year5.hc:front.2.40,urn:cite:phoros:places.168,40
urn:cite:phoros:payments.348,urn:cite:phoros:documents.stele1_year5,urn:cts:phoros:stele1.year5.hc:front.2.41,urn:cite:phoros:places.38,1200
urn:cite:phoros:payments.349,urn:cite:phoros:documents.stele1_year5,urn:cts:phoros:stele1.year5.hc:front.3.8,urn:cite:phoros:places.182,1800
urn:cite:phoros:payments.350,urn:cite:phoros:documents.stele1_year5,urn:cts:phoros:stele1.year5.hc:front.3.9,urn:cite:phoros:places.40,900
urn:cite:phoros:payments.351,urn:cite:phoros:documents.stele1_year5,urn:cts:phoros:stele1.year5.hc:front.3.10,urn:cite:phoros:places.43,600
urn:cite:phoros:payments.352,urn:cite:phoros:documents.stele1_year5,urn:cts:phoros:stele1.year5.hc:front.3.12,urn:cite:phoros:places.14,600
urn:cite:phoros:payments.353,urn:cite:phoros:documents.stele1_year5,urn:cts:phoros:stele1.year5.hc:front.3.13,urn:cite:phoros:places.183,100
urn:cite:phoros:payments.354,urn:cite:phoros:documents.stele1_year5,urn:cts:phoros:stele1.year5.hc:front.3.15,urn:cite:phoros:places.57,600
urn:cite:phoros:payments.355,urn:cite:phoros:documents.stele1_year5,urn:cts:phoros:stele1.year5.hc:front.3.16,urn:cite:phoros:places.54,300
urn:cite:phoros:payments.356,urn:cite:phoros:documents.stele1_year5,urn:cts:phoros:stele1.year5.hc:front.3.17,urn:cite:phoros:places.55,2400
urn:cite:phoros:payments.357,urn:cite:phoros:documents.stele1_year5,urn:cts:phoros:stele1.year5.hc:front.3.18,urn:cite:phoros:places.156,160
urn:cite:phoros:payments.358,urn:cite:phoros:documents.stele1_year5,urn:cts:phoros:stele1.year5.hc:front.3.19,urn:cite:phoros:places.51,300
urn:cite:phoros:payments.359,urn:cite:phoros:documents.stele1_year5,urn:cts:phoros:stele1.year5.hc:front.3.21,urn:cite:phoros:places.52,9000
urn:cite:phoros:payments.360,urn:cite:phoros:documents.stele1_year5,urn:cts:phoros:stele1.year5.hc:front.3.22,urn:cite:phoros:places.32,900
urn:cite:phoros:payments.361,urn:cite:phoros:documents.stele1_year5,urn:cts:phoros:stele1.year5.hc:front.3.23,urn:cite:phoros:places.12,900
urn:cite:phoros:payments.362,urn:cite:phoros:documents.stele1_year5,urn:cts:phoros:stele1.year5.hc:front.3.24,urn:cite:phoros:places.5,7200
urn:cite:phoros:payments.363,urn:cite:phoros:documents.stele1_year5,urn:cts:phoros:stele1.year5.hc:front.3.25,urn:cite:phoros:places.93,3600
urn:cite:phoros:payments.364,urn:cite:phoros:documents.stele1_year5,urn:cts:phoros:stele1.year5.hc:front.3.26,,300
urn:cite:phoros:payments.365,urn:cite:phoros:documents.stele1_year5,urn:cts:phoros:stele1.year5.hc:front.3.28,urn:cite:phoros:places.75,100
urn:cite:phoros:payments.366,urn:cite:phoros:documents.stele1_year5,urn:cts:phoros:stele1.year5.hc:front.3.30,urn:cite:phoros:places.53,1200
urn:cite:phoros:payments.367,urn:cite:phoros:documents.stele1_year5,urn:cts:phoros:stele1.year5.hc:front.3.31,urn:cite:phoros:places.39,600
urn:cite:phoros:payments.368,urn:cite:phoros:documents.stele1_year5,urn:cts:phoros:stele1.year5.hc:front.3.32,urn:cite:phoros:places.162,150
urn:cite:phoros:payments.369,urn:cite:phoros:documents.stele1_year5,urn:cts:phoros:stele1.year5.hc:front.3.33,urn:cite:phoros:places.158,100
urn:cite:phoros:payments.370,urn:cite:phoros:documents.stele1_year5,urn:cts:phoros:stele1.year5.hc:front.3.34,urn:cite:phoros:places.184,3000
urn:cite:phoros:payments.371,urn:cite:phoros:documents.stele1_year5,urn:cts:phoros:stele1.year5.hc:front.3.35,urn:cite:phoros:places.48,1500
urn:cite:phoros:payments.372,urn:cite:phoros:documents.stele1_year5,urn:cts:phoros:stele1.year5.hc:front.3.36,urn:cite:phoros:places.185,100
urn:cite:phoros:payments.373,urn:cite:phoros:documents.stele1_year5,urn:cts:phoros:stele1.year5.hc:front.3.37,urn:cite:phoros:places.137,2293
urn:cite:phoros:payments.374,urn:cite:phoros:documents.stele1_year5,urn:cts:phoros:stele1.year5.hc:front.3.38,urn:cite:phoros:places.186,50
urn:cite:phoros:payments.375,urn:cite:phoros:documents.stele1_year5,urn:cts:phoros:stele1.year5.hc:front.3.39,urn:cite:phoros:places.107,1728
urn:cite:phoros:payments.376,urn:cite:phoros:documents.stele1_year5,urn:cts:phoros:stele1.year5.hc:front.3.40,urn:cite:phoros:places.187,100
urn:cite:phoros:payments.377,urn:cite:phoros:documents.stele1_year5,urn:cts:phoros:stele1.year5.hc:front.3.41,urn:cite:phoros:places.131,100
urn:cite:phoros:payments.378,urn:cite:phoros:documents.stele1_year7,urn:cts:phoros:stele1.year7.hc:front.1.2,urn:cite:phoros:places.70,100
urn:cite:phoros:payments.379,urn:cite:phoros:documents.stele1_year7,urn:cts:phoros:stele1.year7.hc:front.1.3,urn:cite:phoros:places.107,
urn:cite:phoros:payments.380,urn:cite:phoros:documents.stele1_year7,urn:cts:phoros:stele1.year7.hc:front.1.4,urn:cite:phoros:places.186,50
urn:cite:phoros:payments.381,urn:cite:phoros:documents.stele1_year7,urn:cts:phoros:stele1.year7.hc:front.1.5,urn:cite:phoros:places.1,100
urn:cite:phoros:payments.382,urn:cite:phoros:documents.stele1_year7,urn:cts:phoros:stele1.year7.hc:front.1.6,urn:cite:phoros:places.65,900
urn:cite:phoros:payments.383,urn:cite:phoros:documents.stele1_year7,urn:cts:phoros:stele1.year7.hc:front.1.7,urn:cite:phoros:places.20,4500
urn:cite:phoros:payments.384,urn:cite:phoros:documents.stele1_year7,urn:cts:phoros:stele1.year7.hc:front.1.8,urn:cite:phoros:places.38,1200
urn:cite:phoros:payments.385,urn:cite:phoros:documents.stele1_year7,urn:cts:phoros:stele1.year7.hc:front.1.9,urn:cite:phoros:places.120,600
urn:cite:phoros:payments.386,urn:cite:phoros:documents.stele1_year7,urn:cts:phoros:stele1.year7.hc:front.1.10,urn:cite:phoros:places.57,600
urn:cite:phoros:payments.387,urn:cite:phoros:documents.stele1_year7,urn:cts:phoros:stele1.year7.hc:front.1.11,urn:cite:phoros:places.202,200
urn:cite:phoros:payments.388,urn:cite:phoros:documents.stele1_year7,urn:cts:phoros:stele1.year7.hc:front.1.12,urn:cite:phoros:places.100,600
urn:cite:phoros:payments.389,urn:cite:phoros:documents.stele1_year7,urn:cts:phoros:stele1.year7.hc:front.1.13,urn:cite:phoros:places.136,5400
urn:cite:phoros:payments.390,urn:cite:phoros:documents.stele1_year7,urn:cts:phoros:stele1.year7.hc:front.1.14,urn:cite:phoros:places.11,100
urn:cite:phoros:payments.391,urn:cite:phoros:documents.stele1_year7,urn:cts:phoros:stele1.year7.hc:front.1.15,urn:cite:phoros:places.97,100
urn:cite:phoros:payments.392,urn:cite:phoros:documents.stele1_year7,urn:cts:phoros:stele1.year7.hc:front.1.16,urn:cite:phoros:places.164,1800
urn:cite:phoros:payments.393,urn:cite:phoros:documents.stele1_year7,urn:cts:phoros:stele1.year7.hc:front.1.17,urn:cite:phoros:places.126,100
urn:cite:phoros:payments.394,urn:cite:phoros:documents.stele1_year7,urn:cts:phoros:stele1.year7.hc:front.1.18,urn:cite:phoros:places.30,100
urn:cite:phoros:payments.395,urn:cite:phoros:documents.stele1_year7,urn:cts:phoros:stele1.year7.hc:front.1.19,urn:cite:phoros:places.67,1200
urn:cite:phoros:payments.396,urn:cite:phoros:documents.stele1_year7,urn:cts:phoros:stele1.year7.hc:front.1.20,urn:cite:phoros:places.41,100
urn:cite:phoros:payments.397,urn:cite:phoros:documents.stele1_year7,urn:cts:phoros:stele1.year7.hc:front.1.21,urn:cite:phoros:places.68,100
urn:cite:phoros:payments.398,urn:cite:phoros:documents.stele1_year7,urn:cts:phoros:stele1.year7.hc:front.1.22,urn:cite:phoros:places.105,1800
urn:cite:phoros:payments.399,urn:cite:phoros:documents.stele1_year7,urn:cts:phoros:stele1.year7.hc:front.1.23,urn:cite:phoros:places.203,600
urn:cite:phoros:payments.400,urn:cite:phoros:documents.stele1_year7,urn:cts:phoros:stele1.year7.hc:front.1.24,urn:cite:phoros:places.48,1500
urn:cite:phoros:payments.401,urn:cite:phoros:documents.stele1_year7,urn:cts:phoros:stele1.year7.hc:front.1.25,urn:cite:phoros:places.204,520
urn:cite:phoros:payments.402,urn:cite:phoros:documents.stele1_year7,urn:cts:phoros:stele1.year7.hc:front.1.26,urn:cite:phoros:places.32,900
urn:cite:phoros:payments.403,urn:cite:phoros:documents.stele1_year7,urn:cts:phoros:stele1.year7.hc:front.1.27,urn:cite:phoros:places.8,300
urn:cite:phoros:payments.404,urn:cite:phoros:documents.stele1_year7,urn:cts:phoros:stele1.year7.hc:front.1.28,urn:cite:phoros:places.34,600
urn:cite:phoros:payments.405,urn:cite:phoros:documents.stele1_year7,urn:cts:phoros:stele1.year7.hc:front.1.29,urn:cite:phoros:places.175,300
urn:cite:phoros:payments.406,urn:cite:phoros:documents.stele1_year7,urn:cts:phoros:stele1.year7.hc:front.1.30,,
urn:cite:phoros:payments.407,urn:cite:phoros:documents.stele1_year7,urn:cts:phoros:stele1.year7.hc:front.1.31,urn:cite:phoros:places.174,1800
urn:cite:phoros:payments.408,urn:cite:phoros:documents.stele1_year7,urn:cts:phoros:stele1.year7.hc:front.1.33,urn:cite:phoros:places.182,1800
urn:cite:phoros:payments.409,urn:cite:phoros:documents.stele1_year7,urn:cts:phoros:stele1.year7.hc:front.1.34,urn:cite:phoros:places.162,150
urn:cite:phoros:payments.410,urn:cite:phoros:documents.stele1_year7,urn:cts:phoros:stele1.year7.hc:front.1.35,urn:cite:phoros:places.43,600
urn:cite:phoros:payments.411,urn:cite:phoros:documents.stele1_year7,urn:cts:phoros:stele1.year7.hc:front.1.36,urn:cite:phoros:places.5,7200
urn:cite:phoros:payments.412,urn:cite:phoros:documents.stele1_year7,urn:cts:phoros:stele1.year7.hc:front.1.37,urn:cite:phoros:places.110,300
urn:cite:phoros:payments.413,urn:cite:phoros:documents.stele1_year7,urn:cts:phoros:stele1.year7.hc:front.2.2,urn:cite:phoros:places.6,50
urn:cite:phoros:payments.414,urn:cite:phoros:documents.stele1_year7,urn:cts:phoros:stele1.year7.hc:front.2.3,urn:cite:phoros:places.163,50
urn:cite:phoros:payments.415,urn:cite:phoros:documents.stele1_year7,urn:cts:phoros:stele1.year7.hc:front.2.4,urn:cite:phoros:places.71,150
urn:cite:phoros:payments.416,urn:cite:phoros:documents.stele1_year7,urn:cts:phoros:stele1.year7.hc:front.2.5,urn:cite:phoros:places.173,300
urn:cite:phoros:payments.417,urn:cite:phoros:documents.stele1_year7,urn:cts:phoros:stele1.year7.hc:front.2.6,urn:cite:phoros:places.46,100
urn:cite:phoros:payments.418,urn:cite:phoros:documents.stele1_year7,urn:cts:phoros:stele1.year7.hc:front.2.7,urn:cite:phoros:places.76,50
urn:cite:phoros:payments.419,urn:cite:phoros:documents.stele1_year7,urn:cts:phoros:stele1.year7.hc:front.2.8,urn:cite:phoros:places.21,200
urn:cite:phoros:payments.420,urn:cite:phoros:documents.stele1_year7,urn:cts:phoros:stele1.year7.hc:front.2.9,urn:cite:phoros:places.2,100
urn:cite:phoros:payments.421,urn:cite:phoros:documents.stele1_year7,urn:cts:phoros:stele1.year7.hc:front.2.10,urn:cite:phoros:places.96,50
urn:cite:phoros:payments.422,urn:cite:phoros:documents.stele1_year7,urn:cts:phoros:stele1.year7.hc:front.2.11,urn:cite:phoros:places.33,6000
urn:cite:phoros:payments.423,urn:cite:phoros:documents.stele1_year7,urn:cts:phoros:stele1.year7.hc:front.2.12,urn:cite:phoros:places.205,200
urn:cite:phoros:payments.424,urn:cite:phoros:documents.stele1_year7,urn:cts:phoros:stele1.year7.hc:front.2.13,urn:cite:phoros:places.12,900
urn:cite:phoros:payments.425,urn:cite:phoros:documents.stele1_year7,urn:cts:phoros:stele1.year7.hc:front.2.16,urn:cite:phoros:places.14,200
urn:cite:phoros:payments.426,urn:cite:phoros:documents.stele1_year7,urn:cts:phoros:stele1.year7.hc:front.2.17,urn:cite:phoros:places.135,100
urn:cite:phoros:payments.427,urn:cite:phoros:documents.stele1_year7,urn:cts:phoros:stele1.year7.hc:front.2.18,urn:cite:phoros:places.206,100
urn:cite:phoros:payments.428,urn:cite:phoros:documents.stele1_year7,urn:cts:phoros:stele1.year7.hc:front.2.20,urn:cite:phoros:places.49,1800
urn:cite:phoros:payments.429,urn:cite:phoros:documents.stele1_year7,urn:cts:phoros:stele1.year7.hc:front.2.21,urn:cite:phoros:places.90,100
urn:cite:phoros:payments.430,urn:cite:phoros:documents.stele1_year7,urn:cts:phoros:stele1.year7.hc:front.2.22,urn:cite:phoros:places.168,40
urn:cite:phoros:payments.431,urn:cite:phoros:documents.stele1_year7,urn:cts:phoros:stele1.year7.hc:front.2.23,urn:cite:phoros:places.25,100
urn:cite:phoros:payments.432,urn:cite:phoros:documents.stele1_year7,urn:cts:phoros:stele1.year7.hc:front.2.24,urn:cite:phoros:places.167,210
urn:cite:phoros:payments.433,urn:cite:phoros:documents.stele1_year7,urn:cts:phoros:stele1.year7.hc:front.2.25,urn:cite:phoros:places.15,150
urn:cite:phoros:payments.434,urn:cite:phoros:documents.stele1_year7,urn:cts:phoros:stele1.year7.hc:front.2.26,urn:cite:phoros:places.44,900
urn:cite:phoros:payments.435,urn:cite:phoros:documents.stele1_year7,urn:cts:phoros:stele1.year7.hc:front.2.27,urn:cite:phoros:places.52,8400
urn:cite:phoros:payments.436,urn:cite:phoros:documents.stele1_year7,urn:cts:phoros:stele1.year7.hc:front.2.28,urn:cite:phoros:places.109,900
urn:cite:phoros:payments.437,urn:cite:phoros:documents.stele1_year7,urn:cts:phoros:stele1.year7.hc:front.2.29,urn:cite:phoros:places.24,200
urn:cite:phoros:payments.438,urn:cite:phoros:documents.stele1_year7,urn:cts:phoros:stele1.year7.hc:front.2.30,urn:cite:phoros:places.118,450
urn:cite:phoros:payments.439,urn:cite:phoros:documents.stele1_year7,urn:cts:phoros:stele1.year7.hc:front.2.31,urn:cite:phoros:places.47,1800
urn:cite:phoros:payments.440,urn:cite:phoros:documents.stele1_year7,urn:cts:phoros:stele1.year7.hc:front.2.32,urn:cite:phoros:places.16,600
urn:cite:phoros:payments.441,urn:cite:phoros:documents.stele1_year7,urn:cts:phoros:stele1.year7.hc:front.2.33,urn:cite:phoros:places.125,3000
urn:cite:phoros:payments.442,urn:cite:phoros:documents.stele1_year7,urn:cts:phoros:stele1.year7.hc:front.2.34,urn:cite:phoros:places.26,1200
urn:cite:phoros:payments.443,urn:cite:phoros:documents.stele1_year7,urn:cts:phoros:stele1.year7.hc:front.2.35,urn:cite:phoros:places.39,600
urn:cite:phoros:payments.444,urn:cite:phoros:documents.stele1_year7,urn:cts:phoros:stele1.year7.hc:front.2.36,urn:cite:phoros:places.64,50
urn:cite:phoros:payments.445,urn:cite:phoros:documents.stele1_year7,urn:cts:phoros:stele1.year7.hc:front.2.37,urn:cite:phoros:places.128,6000
urn:cite:phoros:payments.446,urn:cite:phoros:documents.stele1_year7,urn:cts:phoros:stele1.year7.hc:front.2.38,urn:cite:phoros:places.92,1200
urn:cite:phoros:payments.447,urn:cite:phoros:documents.stele1_year7,urn:cts:phoros:stele1.year7.hc:front.3.2,urn:cite:phoros:places.58,500
urn:cite:phoros:payments.448,urn:cite:phoros:documents.stele1_year7,urn:cts:phoros:stele1.year7.hc:front.3.3,urn:cite:phoros:places.207,50
urn:cite:phoros:payments.449,urn:cite:phoros:documents.stele1_year7,urn:cts:phoros:stele1.year7.hc:front.3.4,urn:cite:phoros:places.148,30
urn:cite:phoros:payments.450,urn:cite:phoros:documents.stele1_year7,urn:cts:phoros:stele1.year7.hc:front.3.5,urn:cite:phoros:places.127,50
urn:cite:phoros:payments.451,urn:cite:phoros:documents.stele1_year7,urn:cts:phoros:stele1.year7.hc:front.3.6,urn:cite:phoros:places.196,100
urn:cite:phoros:payments.452,urn:cite:phoros:documents.stele1_year7,urn:cts:phoros:stele1.year7.hc:front.3.7,urn:cite:phoros:places.153,50
urn:cite:phoros:payments.453,urn:cite:phoros:documents.stele1_year7,urn:cts:phoros:stele1.year7.hc:front.3.8,urn:cite:phoros:places.208,900
urn:cite:phoros:payments.454,urn:cite:phoros:documents.stele1_year7,urn:cts:phoros:stele1.year7.hc:front.3.9,urn:cite:phoros:places.138,1800
urn:cite:phoros:payments.455,urn:cite:phoros:documents.stele1_year7,urn:cts:phoros:stele1.year7.hc:front.3.10,urn:cite:phoros:places.160,2136
urn:cite:phoros:payments.456,urn:cite:phoros:documents.stele1_year7,urn:cts:phoros:stele1.year7.hc:front.3.11,urn:cite:phoros:places.103,100
urn:cite:phoros:payments.457,urn:cite:phoros:documents.stele1_year7,urn:cts:phoros:stele1.year7.hc:front.3.12,urn:cite:phoros:places.93,3600
urn:cite:phoros:payments.458,urn:cite:phoros:documents.stele1_year7,urn:cts:phoros:stele1.year7.hc:front.3.13,urn:cite:phoros:places.55,2400
urn:cite:phoros:payments.459,urn:cite:phoros:documents.stele1_year7,urn:cts:phoros:stele1.year7.hc:front.3.14,urn:cite:phoros:places.51,300
urn:cite:phoros:payments.460,urn:cite:phoros:documents.stele1_year7,urn:cts:phoros:stele1.year7.hc:front.3.15,urn:cite:phoros:places.16,200
urn:cite:phoros:payments.461,urn:cite:phoros:documents.stele1_year7,urn:cts:phoros:stele1.year7.hc:front.3.16,urn:cite:phoros:places.209,100
urn:cite:phoros:payments.462,urn:cite:phoros:documents.stele1_year7,urn:cts:phoros:stele1.year7.hc:front.3.17,urn:cite:phoros:places.210,50
urn:cite:phoros:payments.463,urn:cite:phoros:documents.stele1_year7,urn:cts:phoros:stele1.year7.hc:front.3.18,urn:cite:phoros:places.72,100
urn:cite:phoros:payments.464,urn:cite:phoros:documents.stele1_year7,urn:cts:phoros:stele1.year7.hc:front.3.19,urn:cite:phoros:places.180,100
urn:cite:phoros:payments.465,urn:cite:phoros:documents.stele1_year7,urn:cts:phoros:stele1.year7.hc:front.3.20,urn:cite:phoros:places.161,120
urn:cite:phoros:payments.466,urn:cite:phoros:documents.stele1_year7,urn:cts:phoros:stele1.year7.hc:front.3.21,urn:cite:phoros:places.211,600
urn:cite:phoros:payments.467,urn:cite:phoros:documents.stele1_year7,urn:cts:phoros:stele1.year7.hc:front.3.22,urn:cite:phoros:places.27,1800
urn:cite:phoros:payments.468,urn:cite:phoros:documents.stele1_year7,urn:cts:phoros:stele1.year7.hc:front.3.23,urn:cite:phoros:places.192,9720
urn:cite:phoros:payments.469,urn:cite:phoros:documents.stele1_year7,urn:cts:phoros:stele1.year7.hc:front.3.24,urn:cite:phoros:places.130,100
urn:cite:phoros:payments.470,urn:cite:phoros:documents.stele1_year7,urn:cts:phoros:stele1.year7.hc:front.3.25,urn:cite:phoros:places.197,4000
urn:cite:phoros:payments.471,urn:cite:phoros:documents.stele1_year7,urn:cts:phoros:stele1.year7.hc:front.3.26,urn:cite:phoros:places.115,5400
urn:cite:phoros:payments.472,urn:cite:phoros:documents.stele1_year7,urn:cts:phoros:stele1.year7.hc:front.3.27,urn:cite:phoros:places.159,3600
urn:cite:phoros:payments.473,urn:cite:phoros:documents.stele1_year7,urn:cts:phoros:stele1.year7.hc:front.3.28,urn:cite:phoros:places.198,5400
urn:cite:phoros:payments.474,urn:cite:phoros:documents.stele1_year7,urn:cts:phoros:stele1.year7.hc:front.3.33,urn:cite:phoros:places.60,1200
urn:cite:phoros:payments.475,urn:cite:phoros:documents.stele1_year7,urn:cts:phoros:stele1.year7.hc:front.3.34,urn:cite:phoros:places.151,100
urn:cite:phoros:payments.476,urn:cite:phoros:documents.stele1_year7,urn:cts:phoros:stele1.year7.hc:front.3.35,urn:cite:phoros:places.131,100
urn:cite:phoros:payments.477,urn:cite:phoros:documents.stele1_year7,urn:cts:phoros:stele1.year7.hc:front.3.36,urn:cite:phoros:places.188,50
urn:cite:phoros:payments.478,urn:cite:phoros:documents.stele1_year7,urn:cts:phoros:stele1.year7.hc:front.3.37,urn:cite:phoros:places.157,150
urn:cite:phoros:payments.479,urn:cite:phoros:documents.stele1_year7,urn:cts:phoros:stele1.year7.hc:front.3.38,urn:cite:phoros:places.193,76
urn:cite:phoros:payments.480,urn:cite:phoros:documents.stele1_year7,urn:cts:phoros:stele1.year7.hc:front.3.39,urn:cite:phoros:places.213,30
urn:cite:phoros:payments.481,urn:cite:phoros:documents.stele1_year7,urn:cts:phoros:stele1.year7.hc:front.3.40,urn:cite:phoros:places.22,1800
urn:cite:phoros:payments.482,urn:cite:phoros:documents.stele1_year7,urn:cts:phoros:stele1.year7.hc:front.3.2,urn:cite:phoros:places.146,600
urn:cite:phoros:payments.483,urn:cite:phoros:documents.stele1_year7,urn:cts:phoros:stele1.year7.hc:front.3.3,urn:cite:phoros:places.95,520
urn:cite:phoros:payments.484,urn:cite:phoros:documents.stele1_year7,urn:cts:phoros:stele1.year7.hc:front.3.4,urn:cite:phoros:places.143,300
urn:cite:phoros:payments.485,urn:cite:phoros:documents.stele1_year7,urn:cts:phoros:stele1.year7.hc:front.3.5,urn:cite:phoros:places.190,1800
urn:cite:phoros:payments.486,urn:cite:phoros:documents.stele1_year7,urn:cts:phoros:stele1.year7.hc:front.3.6,urn:cite:phoros:places.152,3600
urn:cite:phoros:payments.487,urn:cite:phoros:documents.stele1_year7,urn:cts:phoros:stele1.year7.hc:front.3.7,urn:cite:phoros:places.145,3600
urn:cite:phoros:payments.488,urn:cite:phoros:documents.stele1_year7,urn:cts:phoros:stele1.year7.hc:front.3.8,urn:cite:phoros:places.114,900
urn:cite:phoros:payments.489,urn:cite:phoros:documents.stele1_year7,urn:cts:phoros:stele1.year7.hc:front.3.9,urn:cite:phoros:places.61,1470
urn:cite:phoros:payments.490,urn:cite:phoros:documents.stele1_year7,urn:cts:phoros:stele1.year7.hc:front.3.10,urn:cite:phoros:places.19,
urn:cite:phoros:payments.491,urn:cite:phoros:documents.stele1_year7,urn:cts:phoros:stele1.year7.hc:front.3.11,urn:cite:phoros:places.214,3600
urn:cite:phoros:payments.492,urn:cite:phoros:documents.stele1_year7,urn:cts:phoros:stele1.year7.hc:front.3.12,urn:cite:phoros:places.150,100
urn:cite:phoros:payments.493,urn:cite:phoros:documents.stele1_year7,urn:cts:phoros:stele1.year7.hc:front.3.13,urn:cite:phoros:places.191,1800
urn:cite:phoros:payments.494,urn:cite:phoros:documents.stele1_year7,urn:cts:phoros:stele1.year7.hc:front.3.14,urn:cite:phoros:places.42,100
urn:cite:phoros:payments.495,urn:cite:phoros:documents.stele1_year7,urn:cts:phoros:stele1.year7.hc:front.3.15,urn:cite:phoros:places.77,100
urn:cite:phoros:payments.496,urn:cite:phoros:documents.stele1_year7,urn:cts:phoros:stele1.year7.hc:front.3.16,urn:cite:phoros:places.13,4744
urn:cite:phoros:payments.497,urn:cite:phoros:documents.stele1_year7,urn:cts:phoros:stele1.year7.hc:front.3.17,urn:cite:phoros:places.158,100
urn:cite:phoros:payments.498,urn:cite:phoros:documents.stele1_year7,urn:cts:phoros:stele1.year7.hc:front.3.18,urn:cite:phoros:places.101,600
urn:cite:phoros:payments.499,urn:cite:phoros:documents.stele1_year7,urn:cts:phoros:stele1.year7.hc:front.3.19,urn:cite:phoros:places.195,600
urn:cite:phoros:payments.500,urn:cite:phoros:documents.stele1_year7,urn:cts:phoros:stele1.year7.hc:front.3.20,urn:cite:phoros:places.121,100
urn:cite:phoros:payments.501,urn:cite:phoros:documents.stele1_year7,urn:cts:phoros:stele1.year7.hc:front.3.21,urn:cite:phoros:places.75,100
urn:cite:phoros:payments.502,urn:cite:phoros:documents.stele1_year7,urn:cts:phoros:stele1.year7.hc:front.3.22,urn:cite:phoros:places.139,
urn:cite:phoros:payments.503,urn:cite:phoros:documents.stele1_year7,urn:cts:phoros:stele1.year7.hc:front.3.23,urn:cite:phoros:places.215,3000
urn:cite:phoros:payments.504,urn:cite:phoros:documents.stele1_year7,urn:cts:phoros:stele1.year7.hc:front.3.24,urn:cite:phoros:places.30,300
urn:cite:phoros:payments.505,urn:cite:phoros:documents.stele1_year7,urn:cts:phoros:stele1.year7.hc:front.3.25,urn:cite:phoros:places.37,100
urn:cite:phoros:payments.506,urn:cite:phoros:documents.stele1_year7,urn:cts:phoros:stele1.year7.hc:front.3.26,urn:cite:phoros:places.116,100
urn:cite:phoros:payments.507,urn:cite:phoros:documents.stele1_year7,urn:cts:phoros:stele1.year7.hc:front.3.27,urn:cite:phoros:places.123,100
urn:cite:phoros:payments.508,urn:cite:phoros:documents.stele1_year7,urn:cts:phoros:stele1.year7.hc:front.3.28,urn:cite:phoros:places.35,600
urn:cite:phoros:payments.509,urn:cite:phoros:documents.stele1_year7,urn:cts:phoros:stele1.year7.hc:front.3.31,urn:cite:phoros:places.83,150
urn:cite:phoros:payments.510,urn:cite:phoros:documents.stele1_year7,urn:cts:phoros:stele1.year7.hc:front.3.32,urn:cite:phoros:places.50,250
urn:cite:phoros:payments.511,urn:cite:phoros:documents.stele1_year7,urn:cts:phoros:stele1.year7.hc:front.3.33,urn:cite:phoros:places.156,160
urn:cite:phoros:payments.512,urn:cite:phoros:documents.stele1_year7,urn:cts:phoros:stele1.year7.hc:front.3.34,urn:cite:phoros:places.56,1800
urn:cite:phoros:payments.513,urn:cite:phoros:documents.stele1_year7,urn:cts:phoros:stele1.year7.hc:front.3.35,urn:cite:phoros:places.54,300
urn:cite:phoros:payments.514,urn:cite:phoros:documents.stele1_year7,urn:cts:phoros:stele1.year7.hc:front.3.36,urn:cite:phoros:places.112,9000
urn:cite:phoros:payments.515,urn:cite:phoros:documents.stele1_year7,urn:cts:phoros:stele1.year7.hc:front.3.37,urn:cite:phoros:places.194,1800
urn:cite:phoros:payments.516,urn:cite:phoros:documents.stele1_year7,urn:cts:phoros:stele1.year7.hc:front.3.38,urn:cite:phoros:places.149,3000
urn:cite:phoros:payments.517,urn:cite:phoros:documents.stele1_year7,urn:cts:phoros:stele1.year7.hc:front.3.39,urn:cite:phoros:places.166,2400
urn:cite:phoros:payments.518,urn:cite:phoros:documents.stele1_year8,urn:cts:phoros:stele1.year8.hc:right.1.4,urn:cite:phoros:places.70,100
urn:cite:phoros:payments.519,urn:cite:phoros:documents.stele1_year8,urn:cts:phoros:stele1.year8.hc:right.1.5,urn:cite:phoros:places.107,1728
urn:cite:phoros:payments.520,urn:cite:phoros:documents.stele1_year8,urn:cts:phoros:stele1.year8.hc:right.1.6,urn:cite:phoros:places.1,100
urn:cite:phoros:payments.521,urn:cite:phoros:documents.stele1_year8,urn:cts:phoros:stele1.year8.hc:right.1.7,urn:cite:phoros:places.186,50
urn:cite:phoros:payments.522,urn:cite:phoros:documents.stele1_year8,urn:cts:phoros:stele1.year8.hc:right.1.8,urn:cite:phoros:places.65,900
urn:cite:phoros:payments.523,urn:cite:phoros:documents.stele1_year8,urn:cts:phoros:stele1.year8.hc:right.1.9,urn:cite:phoros:places.20,5400
urn:cite:phoros:payments.524,urn:cite:phoros:documents.stele1_year8,urn:cts:phoros:stele1.year8.hc:right.1.10,urn:cite:phoros:places.38,1200
urn:cite:phoros:payments.525,urn:cite:phoros:documents.stele1_year8,urn:cts:phoros:stele1.year8.hc:right.1.11,urn:cite:phoros:places.120,600
urn:cite:phoros:payments.526,urn:cite:phoros:documents.stele1_year8,urn:cts:phoros:stele1.year8.hc:right.1.12,urn:cite:phoros:places.57,600
urn:cite:phoros:payments.527,urn:cite:phoros:documents.stele1_year8,urn:cts:phoros:stele1.year8.hc:right.1.13,urn:cite:phoros:places.202,200
urn:cite:phoros:payments.528,urn:cite:phoros:documents.stele1_year8,urn:cts:phoros:stele1.year8.hc:right.1.14,urn:cite:phoros:places.100,600
urn:cite:phoros:payments.529,urn:cite:phoros:documents.stele1_year8,urn:cts:phoros:stele1.year8.hc:right.1.15,urn:cite:phoros:places.136,2400
urn:cite:phoros:payments.530,urn:cite:phoros:documents.stele1_year8,urn:cts:phoros:stele1.year8.hc:right.1.16,urn:cite:phoros:places.11,100
urn:cite:phoros:payments.531,urn:cite:phoros:documents.stele1_year8,urn:cts:phoros:stele1.year8.hc:right.1.17,urn:cite:phoros:places.97,100
urn:cite:phoros:payments.532,urn:cite:phoros:documents.stele1_year8,urn:cts:phoros:stele1.year8.hc:right.1.18,urn:cite:phoros:places.164,1800
urn:cite:phoros:payments.533,urn:cite:phoros:documents.stele1_year8,urn:cts:phoros:stele1.year8.hc:right.1.19,urn:cite:phoros:places.126,100
urn:cite:phoros:payments.534,urn:cite:phoros:documents.stele1_year8,urn:cts:phoros:stele1.year8.hc:right.1.20,urn:cite:phoros:places.30,100
urn:cite:phoros:payments.535,urn:cite:phoros:documents.stele1_year8,urn:cts:phoros:stele1.year8.hc:right.1.21,urn:cite:phoros:places.67,1200
urn:cite:phoros:payments.536,urn:cite:phoros:documents.stele1_year8,urn:cts:phoros:stele1.year8.hc:right.1.22,urn:cite:phoros:places.41,200
urn:cite:phoros:payments.537,urn:cite:phoros:documents.stele1_year8,urn:cts:phoros:stele1.year8.hc:right.1.23,urn:cite:phoros:places.68,200
urn:cite:phoros:payments.538,urn:cite:phoros:documents.stele1_year8,urn:cts:phoros:stele1.year8.hc:right.1.24,urn:cite:phoros:places.105,1800
urn:cite:phoros:payments.539,urn:cite:phoros:documents.stele1_year8,urn:cts:phoros:stele1.year8.hc:right.1.25,urn:cite:phoros:places.203,600
urn:cite:phoros:payments.540,urn:cite:phoros:documents.stele1_year8,urn:cts:phoros:stele1.year8.hc:right.1.26,urn:cite:phoros:places.48,1500
urn:cite:phoros:payments.541,urn:cite:phoros:documents.stele1_year8,urn:cts:phoros:stele1.year8.hc:right.1.28,urn:cite:phoros:places.32,900
urn:cite:phoros:payments.542,urn:cite:phoros:documents.stele1_year8,urn:cts:phoros:stele1.year8.hc:right.1.29,urn:cite:phoros:places.8,300
urn:cite:phoros:payments.543,urn:cite:phoros:documents.stele1_year8,urn:cts:phoros:stele1.year8.hc:right.1.30,urn:cite:phoros:places.34,600
urn:cite:phoros:payments.544,urn:cite:phoros:documents.stele1_year8,urn:cts:phoros:stele1.year8.hc:right.1.31,urn:cite:phoros:places.175,300
urn:cite:phoros:payments.545,urn:cite:phoros:documents.stele1_year8,urn:cts:phoros:stele1.year8.hc:right.1.32,,
urn:cite:phoros:payments.546,urn:cite:phoros:documents.stele1_year8,urn:cts:phoros:stele1.year8.hc:right.1.33,urn:cite:phoros:places.174,1800
urn:cite:phoros:payments.547,urn:cite:phoros:documents.stele1_year8,urn:cts:phoros:stele1.year8.hc:right.1.35,urn:cite:phoros:places.182,1800
urn:cite:phoros:payments.548,urn:cite:phoros:documents.stele1_year8,urn:cts:phoros:stele1.year8.hc:right.1.36,urn:cite:phoros:places.162,150
urn:cite:phoros:payments.549,urn:cite:phoros:documents.stele1_year8,urn:cts:phoros:stele1.year8.hc:right.1.37,urn:cite:phoros:places.43,600
urn:cite:phoros:payments.550,urn:cite:phoros:documents.stele1_year8,urn:cts:phoros:stele1.year8.hc:right.1.40,urn:cite:phoros:places.110,300
urn:cite:phoros:payments.551,urn:cite:phoros:documents.stele1_year8,urn:cts:phoros:stele1.year8.hc:right.1.41,urn:cite:phoros:places.163,50
urn:cite:phoros:payments.552,urn:cite:phoros:documents.stele1_year8,urn:cts:phoros:stele1.year8.hc:right.1.42,urn:cite:phoros:places.83,150
urn:cite:phoros:payments.553,urn:cite:phoros:documents.stele1_year8,urn:cts:phoros:stele1.year8.hc:right.1.43,urn:cite:phoros:places.6,50
urn:cite:phoros:payments.554,urn:cite:phoros:documents.stele1_year8,urn:cts:phoros:stele1.year8.hc:right.1.44,urn:cite:phoros:places.50,250
urn:cite:phoros:payments.555,urn:cite:phoros:documents.stele1_year8,urn:cts:phoros:stele1.year8.hc:right.1.45,urn:cite:phoros:places.71,150
urn:cite:phoros:payments.556,urn:cite:phoros:documents.stele1_year8,urn:cts:phoros:stele1.year8.hc:right.1.46,urn:cite:phoros:places.173,150
urn:cite:phoros:payments.557,urn:cite:phoros:documents.stele1_year8,urn:cts:phoros:stele1.year8.hc:right.1.47,urn:cite:phoros:places.156,160
urn:cite:phoros:payments.558,urn:cite:phoros:documents.stele1_year8,urn:cts:phoros:stele1.year8.hc:right.1.48,urn:cite:phoros:places.46,100
urn:cite:phoros:payments.559,urn:cite:phoros:documents.stele1_year8,urn:cts:phoros:stele1.year8.hc:right.1.49,urn:cite:phoros:places.76,50
urn:cite:phoros:payments.560,urn:cite:phoros:documents.stele1_year8,urn:cts:phoros:stele1.year8.hc:right.1.50,urn:cite:phoros:places.21,200
urn:cite:phoros:payments.561,urn:cite:phoros:documents.stele1_year8,urn:cts:phoros:stele1.year8.hc:right.1.51,urn:cite:phoros:places.2,100
urn:cite:phoros:payments.562,urn:cite:phoros:documents.stele1_year8,urn:cts:phoros:stele1.year8.hc:right.1.52,urn:cite:phoros:places.96,50
urn:cite:phoros:payments.563,urn:cite:phoros:documents.stele1_year8,urn:cts:phoros:stele1.year8.hc:right.1.53,urn:cite:phoros:places.33,6000
urn:cite:phoros:payments.564,urn:cite:phoros:documents.stele1_year8,urn:cts:phoros:stele1.year8.hc:right.1.54,urn:cite:phoros:places.205,200
urn:cite:phoros:payments.565,urn:cite:phoros:documents.stele1_year8,urn:cts:phoros:stele1.year8.hc:right.1.55,urn:cite:phoros:places.12,900
urn:cite:phoros:payments.566,urn:cite:phoros:documents.stele1_year8,urn:cts:phoros:stele1.year8.hc:right.1.56,urn:cite:phoros:places.115,5400
urn:cite:phoros:payments.567,urn:cite:phoros:documents.stele1_year8,urn:cts:phoros:stele1.year8.hc:right.1.57,urn:cite:phoros:places.159,3600
urn:cite:phoros:payments.568,urn:cite:phoros:documents.stele1_year8,urn:cts:phoros:stele1.year8.hc:right.1.58,urn:cite:phoros:places.198,5260
urn:cite:phoros:payments.569,urn:cite:phoros:documents.stele1_year8,urn:cts:phoros:stele1.year8.hc:right.1.60,urn:cite:phoros:places.154,
urn:cite:phoros:payments.570,urn:cite:phoros:documents.stele1_year8,urn:cts:phoros:stele1.year8.hc:right.1.61,urn:cite:phoros:places.177,
urn:cite:phoros:payments.571,urn:cite:phoros:documents.stele1_year8,urn:cts:phoros:stele1.year8.hc:right.1.62,urn:cite:phoros:places.66,
urn:cite:phoros:payments.572,urn:cite:phoros:documents.stele1_year8,urn:cts:phoros:stele1.year8.hc:right.1.63,urn:cite:phoros:places.212,
urn:cite:phoros:payments.573,urn:cite:phoros:documents.stele1_year8,urn:cts:phoros:stele1.year8.hc:right.1.64,urn:cite:phoros:places.178,
urn:cite:phoros:payments.574,urn:cite:phoros:documents.stele1_year8,urn:cts:phoros:stele1.year8.hc:right.1.65,urn:cite:phoros:places.60,1200
urn:cite:phoros:payments.575,urn:cite:phoros:documents.stele1_year8,urn:cts:phoros:stele1.year8.hc:right.1.66,urn:cite:phoros:places.151,100
urn:cite:phoros:payments.576,urn:cite:phoros:documents.stele1_year8,urn:cts:phoros:stele1.year8.hc:right.1.67,urn:cite:phoros:places.131,100
urn:cite:phoros:payments.577,urn:cite:phoros:documents.stele1_year8,urn:cts:phoros:stele1.year8.hc:right.1.68,urn:cite:phoros:places.188,50
urn:cite:phoros:payments.578,urn:cite:phoros:documents.stele1_year8,urn:cts:phoros:stele1.year8.hc:right.1.69,urn:cite:phoros:places.157,150
urn:cite:phoros:payments.579,urn:cite:phoros:documents.stele1_year8,urn:cts:phoros:stele1.year8.hc:right.1.70,urn:cite:phoros:places.193,100
urn:cite:phoros:payments.580,urn:cite:phoros:documents.stele1_year8,urn:cts:phoros:stele1.year8.hc:right.1.71,urn:cite:phoros:places.213,30
urn:cite:phoros:payments.581,urn:cite:phoros:documents.stele1_year8,urn:cts:phoros:stele1.year8.hc:right.1.72,urn:cite:phoros:places.22,1800
urn:cite:phoros:payments.582,urn:cite:phoros:documents.stele1_year8,urn:cts:phoros:stele1.year8.hc:right.1.73,urn:cite:phoros:places.194,1800
urn:cite:phoros:payments.583,urn:cite:phoros:documents.stele1_year8,urn:cts:phoros:stele1.year8.hc:right.1.74,urn:cite:phoros:places.158,600
urn:cite:phoros:payments.584,urn:cite:phoros:documents.stele1_year8,urn:cts:phoros:stele1.year8.hc:right.1.75,urn:cite:phoros:places.101,600
urn:cite:phoros:payments.585,urn:cite:phoros:documents.stele1_year8,urn:cts:phoros:stele1.year8.hc:right.1.76,urn:cite:phoros:places.195,600
urn:cite:phoros:payments.586,urn:cite:phoros:documents.stele1_year8,urn:cts:phoros:stele1.year8.hc:right.1.77,urn:cite:phoros:places.121,200
urn:cite:phoros:payments.587,urn:cite:phoros:documents.stele1_year8,urn:cts:phoros:stele1.year8.hc:right.1.78,urn:cite:phoros:places.75,100
urn:cite:phoros:payments.588,urn:cite:phoros:documents.stele1_year8,urn:cts:phoros:stele1.year8.hc:right.1.80,urn:cite:phoros:places.215,3000
urn:cite:phoros:payments.589,urn:cite:phoros:documents.stele1_year8,urn:cts:phoros:stele1.year8.hc:right.1.81,urn:cite:phoros:places.30,300
urn:cite:phoros:payments.590,urn:cite:phoros:documents.stele1_year8,urn:cts:phoros:stele1.year8.hc:right.1.82,urn:cite:phoros:places.37,100
urn:cite:phoros:payments.591,urn:cite:phoros:documents.stele1_year8,urn:cts:phoros:stele1.year8.hc:right.1.83,urn:cite:phoros:places.116,100
urn:cite:phoros:payments.592,urn:cite:phoros:documents.stele1_year8,urn:cts:phoros:stele1.year8.hc:right.1.84,urn:cite:phoros:places.123,100
urn:cite:phoros:payments.593,urn:cite:phoros:documents.stele1_year8,urn:cts:phoros:stele1.year8.hc:right.1.85,urn:cite:phoros:places.35,600
urn:cite:phoros:payments.594,urn:cite:phoros:documents.stele1_year8,urn:cts:phoros:stele1.year8.hc:right.1.93,urn:cite:phoros:places.133,324
urn:cite:phoros:payments.595,urn:cite:phoros:documents.stele1_year8,urn:cts:phoros:stele1.year8.hc:right.1.94,urn:cite:phoros:places.61,324
urn:cite:phoros:payments.596,urn:cite:phoros:documents.stele1_year8,urn:cts:phoros:stele1.year8.hc:right.1.95,urn:cite:phoros:places.140,432
urn:cite:phoros:payments.597,urn:cite:phoros:documents.stele1_year8,urn:cts:phoros:stele1.year8.hc:right.1.96,urn:cite:phoros:places.94,216
urn:cite:phoros:payments.598,urn:cite:phoros:documents.stele1_year8,urn:cts:phoros:stele1.year8.hc:right.1.97,urn:cite:phoros:places.216,200
urn:cite:phoros:payments.599,urn:cite:phoros:documents.stele1_year8,urn:cts:phoros:stele1.year8.hc:right.1.98,urn:cite:phoros:places.19,
urn:cite:phoros:payments.600,urn:cite:phoros:documents.stele1_year8,urn:cts:phoros:stele1.year8.hc:right.1.99,urn:cite:phoros:places.158,324
urn:cite:phoros:payments.601,urn:cite:phoros:documents.stele1_year8,urn:cts:phoros:stele1.year8.hc:right.1.100,urn:cite:phoros:places.212,300
urn:cite:phoros:payments.602,urn:cite:phoros:documents.stele1_year8,urn:cts:phoros:stele1.year8.hc:right.1.101,urn:cite:phoros:places.193,24
urn:cite:phoros:payments.603,urn:cite:phoros:documents.stele1_year8,urn:cts:phoros:stele1.year8.hc:right.1.102,urn:cite:phoros:places.107,324
urn:cite:phoros:payments.604,urn:cite:phoros:documents.stele1_year8,urn:cts:phoros:stele1.year8.hc:right.1.103,urn:cite:phoros:places.139,2880
urn:cite:phoros:payments.605,urn:cite:phoros:documents.stele1_year8,urn:cts:phoros:stele1.year8.hc:right.1.104,urn:cite:phoros:places.139,2384
urn:cite:phoros:payments.606,urn:cite:phoros:documents.stele1_year8,urn:cts:phoros:stele1.year8.hc:right.1.105,urn:cite:phoros:places.52,600
urn:cite:phoros:payments.607,urn:cite:phoros:documents.stele1_year8,urn:cts:phoros:stele1.year8.hc:right.1.106,urn:cite:phoros:places.5,855.5
urn:cite:phoros:payments.608,urn:cite:phoros:documents.stele1_year8,urn:cts:phoros:stele1.year8.hc:right.1.108,urn:cite:phoros:places.117,6000
urn:cite:phoros:payments.609,urn:cite:phoros:documents.stele1_year8,urn:cts:phoros:stele1.year8.hc:right.1.109,urn:cite:phoros:places.99,600
urn:cite:phoros:payments.610,urn:cite:phoros:documents.stele1_year8,urn:cts:phoros:stele1.year8.hc:right.1.110,urn:cite:phoros:places.119,600
urn:cite:phoros:payments.611,urn:cite:phoros:documents.stele1_year8,urn:cts:phoros:stele1.year8.hc:right.1.111,urn:cite:phoros:places.4,4500
urn:cite:phoros:payments.612,urn:cite:phoros:documents.stele1_year8,urn:cts:phoros:stele1.year8.hc:right.1.112,urn:cite:phoros:places.199,600
urn:cite:phoros:payments.613,urn:cite:phoros:documents.stele1_year8,urn:cts:phoros:stele1.year8.hc:right.1.113,urn:cite:phoros:places.102,600
urn:cite:phoros:payments.614,urn:cite:phoros:documents.stele1_year8,urn:cts:phoros:stele1.year8.hc:right.2.6,urn:cite:phoros:places.14,600
urn:cite:phoros:payments.615,urn:cite:phoros:documents.stele1_year8,urn:cts:phoros:stele1.year8.hc:right.2.7,urn:cite:phoros:places.135,100
urn:cite:phoros:payments.616,urn:cite:phoros:documents.stele1_year8,urn:cts:phoros:stele1.year8.hc:right.2.8,urn:cite:phoros:places.206,50
urn:cite:phoros:payments.617,urn:cite:phoros:documents.stele1_year8,urn:cts:phoros:stele1.year8.hc:right.2.9,urn:cite:phoros:places.49,1800
urn:cite:phoros:payments.618,urn:cite:phoros:documents.stele1_year8,urn:cts:phoros:stele1.year8.hc:right.2.10,,
urn:cite:phoros:payments.619,urn:cite:phoros:documents.stele1_year8,urn:cts:phoros:stele1.year8.hc:right.2.11,urn:cite:phoros:places.90,100
urn:cite:phoros:payments.620,urn:cite:phoros:documents.stele1_year8,urn:cts:phoros:stele1.year8.hc:right.2.12,urn:cite:phoros:places.168,40
urn:cite:phoros:payments.621,urn:cite:phoros:documents.stele1_year8,urn:cts:phoros:stele1.year8.hc:right.2.13,urn:cite:phoros:places.25,100
urn:cite:phoros:payments.622,urn:cite:phoros:documents.stele1_year8,urn:cts:phoros:stele1.year8.hc:right.2.14,urn:cite:phoros:places.167,210
urn:cite:phoros:payments.623,urn:cite:phoros:documents.stele1_year8,urn:cts:phoros:stele1.year8.hc:right.2.16,urn:cite:phoros:places.44,900
urn:cite:phoros:payments.624,urn:cite:phoros:documents.stele1_year8,urn:cts:phoros:stele1.year8.hc:right.2.17,urn:cite:phoros:places.52,9000
urn:cite:phoros:payments.625,urn:cite:phoros:documents.stele1_year8,urn:cts:phoros:stele1.year8.hc:right.2.18,urn:cite:phoros:places.109,900
urn:cite:phoros:payments.626,urn:cite:phoros:documents.stele1_year8,urn:cts:phoros:stele1.year8.hc:right.2.19,urn:cite:phoros:places.24,200
urn:cite:phoros:payments.627,urn:cite:phoros:documents.stele1_year8,urn:cts:phoros:stele1.year8.hc:right.2.20,urn:cite:phoros:places.118,450
urn:cite:phoros:payments.628,urn:cite:phoros:documents.stele1_year8,urn:cts:phoros:stele1.year8.hc:right.2.21,urn:cite:phoros:places.47,1800
urn:cite:phoros:payments.629,urn:cite:phoros:documents.stele1_year8,urn:cts:phoros:stele1.year8.hc:right.2.22,urn:cite:phoros:places.16,600
urn:cite:phoros:payments.630,urn:cite:phoros:documents.stele1_year8,urn:cts:phoros:stele1.year8.hc:right.2.23,urn:cite:phoros:places.125,300
urn:cite:phoros:payments.631,urn:cite:phoros:documents.stele1_year8,urn:cts:phoros:stele1.year8.hc:right.2.24,urn:cite:phoros:places.26,1200
urn:cite:phoros:payments.632,urn:cite:phoros:documents.stele1_year8,urn:cts:phoros:stele1.year8.hc:right.2.25,urn:cite:phoros:places.39,600
urn:cite:phoros:payments.633,urn:cite:phoros:documents.stele1_year8,urn:cts:phoros:stele1.year8.hc:right.2.26,urn:cite:phoros:places.64,300
urn:cite:phoros:payments.634,urn:cite:phoros:documents.stele1_year8,urn:cts:phoros:stele1.year8.hc:right.2.27,urn:cite:phoros:places.128,6000
urn:cite:phoros:payments.635,urn:cite:phoros:documents.stele1_year8,urn:cts:phoros:stele1.year8.hc:right.2.28,urn:cite:phoros:places.92,1200
urn:cite:phoros:payments.636,urn:cite:phoros:documents.stele1_year8,urn:cts:phoros:stele1.year8.hc:right.2.29,urn:cite:phoros:places.56,1800
urn:cite:phoros:payments.637,urn:cite:phoros:documents.stele1_year8,urn:cts:phoros:stele1.year8.hc:right.2.30,urn:cite:phoros:places.54,300
urn:cite:phoros:payments.638,urn:cite:phoros:documents.stele1_year8,urn:cts:phoros:stele1.year8.hc:right.2.31,urn:cite:phoros:places.112,9000
urn:cite:phoros:payments.639,urn:cite:phoros:documents.stele1_year8,urn:cts:phoros:stele1.year8.hc:right.2.32,urn:cite:phoros:places.58,500
urn:cite:phoros:payments.640,urn:cite:phoros:documents.stele1_year8,urn:cts:phoros:stele1.year8.hc:right.2.33,urn:cite:phoros:places.207,100
urn:cite:phoros:payments.641,urn:cite:phoros:documents.stele1_year8,urn:cts:phoros:stele1.year8.hc:right.2.34,urn:cite:phoros:places.148,30
urn:cite:phoros:payments.642,urn:cite:phoros:documents.stele1_year8,urn:cts:phoros:stele1.year8.hc:right.2.35,urn:cite:phoros:places.127,50
urn:cite:phoros:payments.643,urn:cite:phoros:documents.stele1_year8,urn:cts:phoros:stele1.year8.hc:right.2.36,urn:cite:phoros:places.196,98
urn:cite:phoros:payments.644,urn:cite:phoros:documents.stele1_year8,urn:cts:phoros:stele1.year8.hc:right.2.37,urn:cite:phoros:places.160,2196
urn:cite:phoros:payments.645,urn:cite:phoros:documents.stele1_year8,urn:cts:phoros:stele1.year8.hc:right.2.38,urn:cite:phoros:places.38,1800
urn:cite:phoros:payments.646,urn:cite:phoros:documents.stele1_year8,urn:cts:phoros:stele1.year8.hc:right.2.39,urn:cite:phoros:places.153,100
urn:cite:phoros:payments.647,urn:cite:phoros:documents.stele1_year8,urn:cts:phoros:stele1.year8.hc:right.2.40,urn:cite:phoros:places.208,720
urn:cite:phoros:payments.648,urn:cite:phoros:documents.stele1_year8,urn:cts:phoros:stele1.year8.hc:right.2.41,urn:cite:phoros:places.103,400
urn:cite:phoros:payments.649,urn:cite:phoros:documents.stele1_year8,urn:cts:phoros:stele1.year8.hc:right.2.42,urn:cite:phoros:places.93,3600
urn:cite:phoros:payments.650,urn:cite:phoros:documents.stele1_year8,urn:cts:phoros:stele1.year8.hc:right.2.43,urn:cite:phoros:places.55,2400
urn:cite:phoros:payments.651,urn:cite:phoros:documents.stele1_year8,urn:cts:phoros:stele1.year8.hc:right.2.44,urn:cite:phoros:places.51,300
urn:cite:phoros:payments.652,urn:cite:phoros:documents.stele1_year8,urn:cts:phoros:stele1.year8.hc:right.2.45,urn:cite:phoros:places.16,200
urn:cite:phoros:payments.653,urn:cite:phoros:documents.stele1_year8,urn:cts:phoros:stele1.year8.hc:right.2.46,urn:cite:phoros:places.209,100
urn:cite:phoros:payments.654,urn:cite:phoros:documents.stele1_year8,urn:cts:phoros:stele1.year8.hc:right.2.47,urn:cite:phoros:places.210,50
urn:cite:phoros:payments.655,urn:cite:phoros:documents.stele1_year8,urn:cts:phoros:stele1.year8.hc:right.2.48,urn:cite:phoros:places.72,100
urn:cite:phoros:payments.656,urn:cite:phoros:documents.stele1_year8,urn:cts:phoros:stele1.year8.hc:right.2.49,urn:cite:phoros:places.180,100
urn:cite:phoros:payments.657,urn:cite:phoros:documents.stele1_year8,urn:cts:phoros:stele1.year8.hc:right.2.50,urn:cite:phoros:places.161,120
urn:cite:phoros:payments.658,urn:cite:phoros:documents.stele1_year8,urn:cts:phoros:stele1.year8.hc:right.2.51,urn:cite:phoros:places.211,600
urn:cite:phoros:payments.659,urn:cite:phoros:documents.stele1_year8,urn:cts:phoros:stele1.year8.hc:right.2.52,urn:cite:phoros:places.27,1800
urn:cite:phoros:payments.660,urn:cite:phoros:documents.stele1_year8,urn:cts:phoros:stele1.year8.hc:right.2.53,urn:cite:phoros:places.130,100
urn:cite:phoros:payments.661,urn:cite:phoros:documents.stele1_year8,urn:cts:phoros:stele1.year8.hc:right.2.54,urn:cite:phoros:places.192,9720
urn:cite:phoros:payments.662,urn:cite:phoros:documents.stele1_year8,urn:cts:phoros:stele1.year8.hc:right.2.55,urn:cite:phoros:places.197,4000
urn:cite:phoros:payments.663,urn:cite:phoros:documents.stele1_year8,urn:cts:phoros:stele1.year8.hc:right.2.56,urn:cite:phoros:places.149,3000
urn:cite:phoros:payments.664,urn:cite:phoros:documents.stele1_year8,urn:cts:phoros:stele1.year8.hc:right.2.57,urn:cite:phoros:places.166,2400
urn:cite:phoros:payments.665,urn:cite:phoros:documents.stele1_year8,urn:cts:phoros:stele1.year8.hc:right.2.58,urn:cite:phoros:places.146,600
urn:cite:phoros:payments.666,urn:cite:phoros:documents.stele1_year8,urn:cts:phoros:stele1.year8.hc:right.2.59,urn:cite:phoros:places.95,360
urn:cite:phoros:payments.667,urn:cite:phoros:documents.stele1_year8,urn:cts:phoros:stele1.year8.hc:right.2.61,urn:cite:phoros:places.143,300
urn:cite:phoros:payments.668,urn:cite:phoros:documents.stele1_year8,urn:cts:phoros:stele1.year8.hc:right.2.62,urn:cite:phoros:places.190,1800
urn:cite:phoros:payments.669,urn:cite:phoros:documents.stele1_year8,urn:cts:phoros:stele1.year8.hc:right.2.63,urn:cite:phoros:places.152,3600
urn:cite:phoros:payments.670,urn:cite:phoros:documents.stele1_year8,urn:cts:phoros:stele1.year8.hc:right.2.64,urn:cite:phoros:places.145,3600
urn:cite:phoros:payments.671,urn:cite:phoros:documents.stele1_year8,urn:cts:phoros:stele1.year8.hc:right.2.65,urn:cite:phoros:places.114,900
urn:cite:phoros:payments.672,urn:cite:phoros:documents.stele1_year8,urn:cts:phoros:stele1.year8.hc:right.2.68,urn:cite:phoros:places.214,3600
urn:cite:phoros:payments.673,urn:cite:phoros:documents.stele1_year8,urn:cts:phoros:stele1.year8.hc:right.2.69,urn:cite:phoros:places.150,100
urn:cite:phoros:payments.674,urn:cite:phoros:documents.stele1_year8,urn:cts:phoros:stele1.year8.hc:right.2.70,urn:cite:phoros:places.191,1800
urn:cite:phoros:payments.675,urn:cite:phoros:documents.stele1_year8,urn:cts:phoros:stele1.year8.hc:right.2.71,urn:cite:phoros:places.13,7200
urn:cite:phoros:payments.676,urn:cite:phoros:documents.stele1_year8,urn:cts:phoros:stele1.year8.hc:right.2.73,urn:cite:phoros:places.42,100
urn:cite:phoros:payments.677,urn:cite:phoros:documents.stele1_year8,urn:cts:phoros:stele1.year8.hc:right.2.100,urn:cite:phoros:places.14,100
urn:cite:phoros:payments.678,urn:cite:phoros:documents.stele1_year8,urn:cts:phoros:stele1.year8.hc:right.2.101,urn:cite:phoros:places.13,2456
urn:cite:phoros:payments.679,urn:cite:phoros:documents.stele1_year8,urn:cts:phoros:stele1.year8.hc:right.2.102,urn:cite:phoros:places.160,216
urn:cite:phoros:payments.680,urn:cite:phoros:documents.stele1_year8,urn:cts:phoros:stele1.year8.hc:right.2.103,urn:cite:phoros:places.7,600
urn:cite:phoros:payments.681,urn:cite:phoros:documents.stele1_year8,urn:cts:phoros:stele1.year8.hc:right.2.104,urn:cite:phoros:places.98,300
urn:cite:phoros:payments.682,urn:cite:phoros:documents.stele1_year8,urn:cts:phoros:stele1.year8.hc:right.2.105,urn:cite:phoros:places.176,600
urn:cite:phoros:payments.683,urn:cite:phoros:documents.stele1_year8,urn:cts:phoros:stele1.year8.hc:right.2.106,urn:cite:phoros:places.217,250
urn:cite:phoros:payments.684,urn:cite:phoros:documents.stele1_year8,urn:cts:phoros:stele1.year8.hc:right.2.107,urn:cite:phoros:places.111,50
urn:cite:phoros:payments.685,urn:cite:phoros:documents.stele1_year8,urn:cts:phoros:stele1.year8.hc:right.2.108,urn:cite:phoros:places.107,216
urn:cite:phoros:payments.686,urn:cite:phoros:documents.stele1_year8,urn:cts:phoros:stele1.year8.hc:right.2.109,urn:cite:phoros:places.107,216
urn:cite:phoros:payments.687,urn:cite:phoros:documents.stele1_year8,urn:cts:phoros:stele1.year8.hc:right.2.110,urn:cite:phoros:places.198,200
urn:cite:phoros:payments.688,urn:cite:phoros:documents.stele1_year8,urn:cts:phoros:stele1.year8.hc:right.2.111,urn:cite:phoros:places.120,
urn:cite:phoros:payments.689,urn:cite:phoros:documents.stele1_year8,urn:cts:phoros:stele1.year8.hc:right.2.112,urn:cite:phoros:places.218,1626
urn:cite:phoros:payments.690,urn:cite:phoros:documents.stele1_year8,urn:cts:phoros:stele1.year8.hc:right.2.113,urn:cite:phoros:places.94,1064
urn:cite:phoros:payments.691,urn:cite:phoros:documents.stele1_year9,urn:cts:phoros:stele1.year9.hc:reverse.1.2,urn:cite:phoros:places.35,600
urn:cite:phoros:payments.692,urn:cite:phoros:documents.stele1_year9,urn:cts:phoros:stele1.year9.hc:reverse.1.3,urn:cite:phoros:places.97,100
urn:cite:phoros:payments.693,urn:cite:phoros:documents.stele1_year9,urn:cts:phoros:stele1.year9.hc:reverse.1.4,urn:cite:phoros:places.24,200
urn:cite:phoros:payments.694,urn:cite:phoros:documents.stele1_year9,urn:cts:phoros:stele1.year9.hc:reverse.1.6,urn:cite:phoros:places.44,900
urn:cite:phoros:payments.695,urn:cite:phoros:documents.stele1_year9,urn:cts:phoros:stele1.year9.hc:reverse.1.7,urn:cite:phoros:places.219,600
urn:cite:phoros:payments.696,urn:cite:phoros:documents.stele1_year9,urn:cts:phoros:stele1.year9.hc:reverse.1.8,urn:cite:phoros:places.11,100
