Payment,TextPassage,TextContent,Year,Place,Obols
urn:cite:phoros:payrec.2,urn:cts:phoros:stele1.year:front.1.1, ÏƒÏ„Î±Î³Î¹Ïá½·Ï„ Î±Î¹ Î‡ Î” ğ…ƒ ğ…‚ Î™Î™Î™Î™ Î‡,1,urn:cite:phoros:places.1,100
urn:cite:phoros:payrec.3,urn:cts:phoros:stele1.year:front.1.14, Ï†Î±ÏÎ²Îµ Î» á½· Î¿ Î¹ Î‡ Î”ğ…ƒğ…‚ Î™Î™Î™Î™ Î‡,1,urn:cite:phoros:places.2,100
urn:cite:phoros:payrec.4,urn:cts:phoros:stele1.year:front.1.15, ÎµÎ»Î±á½»Ï„ Î±Î¹ Î‡ Î”ğ…ƒğ…‚Î™Î™ Î™Î™,1,urn:cite:phoros:places.3,100
urn:cite:phoros:payrec.5,urn:cts:phoros:stele1.year:front.1.16, Ïƒ,1,,
urn:cite:phoros:payrec.6,urn:cts:phoros:stele1.year:front.1.17, Î¿,1,,
urn:cite:phoros:payrec.7,urn:cts:phoros:stele1.year:front.1.18, Î¹,1,,
urn:cite:phoros:payrec.8,urn:cts:phoros:stele1.year:front.1.19, Î¿ Î‡ Î—,1,,
urn:cite:phoros:payrec.9,urn:cts:phoros:stele1.year:front.1.21, á¼Ï†á½³ÏƒÎ¹Î¿Î¹ Î¹ Î‡ ğ……Î—Î— ğ…„,1,urn:cite:phoros:places.4,4500
urn:cite:phoros:payrec.10,urn:cts:phoros:stele1.year:front.1.22, Î±á¼´Î½Î¹Î¿Î¹ Î‡ Î§Î—Î—,1,urn:cite:phoros:places.5,7200
urn:cite:phoros:payrec.11,urn:cts:phoros:stele1.year:front.1.23, Î¿Î¹ Î‡ ğ…ƒğ…‚ ğ…‚ğ…‚Î™Î™,1,,50
urn:cite:phoros:payrec.12,urn:cts:phoros:stele1.year:front.1.24, Î½Î±Î¾Î¹á¾¶ Ï„Î±Î¹ Î‡ Î” ğ…ƒğ…‚Î™Î™Î™Î™,1,urn:cite:phoros:places.6,100
urn:cite:phoros:payrec.13,urn:cts:phoros:stele1.year:front.1.25, Î¼Î±Î´Î½Î±Ïƒ Îµá¿–Ï‚ Î‡ Î—Î—,1,urn:cite:phoros:places.7,1200
urn:cite:phoros:payrec.14,urn:cts:phoros:stele1.year:front.1.26, Î¿Î¹ Î‡ Î—,1,,
urn:cite:phoros:payrec.15,urn:cts:phoros:stele1.year:front.1.27, ÎµÏ„Î±Î¹ Î‡ ğ…„Î”,1,,
urn:cite:phoros:payrec.16,urn:cts:phoros:stele1.year:front.1.28, Î¸ÎµÏÎ¼Î±á¿–Î¿Î¹,1,urn:cite:phoros:places.8,
urn:cite:phoros:payrec.17,urn:cts:phoros:stele1.year:front.2.7, á¼ Î½ á¼±Îºá½±ÏÎ¿Î¹ Î‡ ğ…„,1,urn:cite:phoros:places.8,
urn:cite:phoros:payrec.18,urn:cts:phoros:stele1.year:front.2.8, Ïƒ ÎºÎ¹Î¿Î½Î±á¿–Î¿Î¹ ÎºÎ±á½¶,1,urn:cite:phoros:places.9,
urn:cite:phoros:payrec.19,urn:cts:phoros:stele1.year:front.2.9, Î¸ ÏÎ±Î¼Î²Î±á¿–Î¿Î¹ Î‡ ğ……Î—,1,urn:cite:phoros:places.10,3600
urn:cite:phoros:payrec.20,urn:cts:phoros:stele1.year:front.2.10, > Ï€,1,,
urn:cite:phoros:payrec.21,urn:cts:phoros:stele1.year:front.2.11, Îº,1,,
urn:cite:phoros:payrec.22,urn:cts:phoros:stele1.year:front.2.12, Ï€Î¹ Ï„Î±Î½Î±á¿–Î¿Î¹ Î‡ Î”ğ…ƒğ…‚Î™Î™Î™Î™,1,urn:cite:phoros:places.11,100
urn:cite:phoros:payrec.23,urn:cts:phoros:stele1.year:front.2.13, Î¸ á½»ÏƒÏƒÎ¹Î¿Î¹ Î‡ ğ…„Î”ğ…ƒğ…‚Î™Î™Î™Î™,1,urn:cite:phoros:places.12,400
urn:cite:phoros:payrec.24,urn:cts:phoros:stele1.year:front.2.14, Ï„Î¿ ÏÎ¿Î½Î±á¿–Î¿Î¹ Î‡ Î§Î—Î—,1,urn:cite:phoros:places.13,7200
urn:cite:phoros:payrec.25,urn:cts:phoros:stele1.year:front.2.15, ÎºÎ±,1,,
urn:cite:phoros:payrec.26,urn:cts:phoros:stele1.year:front.2.16, Ï€Îµ,1,,
urn:cite:phoros:payrec.27,urn:cts:phoros:stele1.year:front.2.17, Îµ,1,,
urn:cite:phoros:payrec.28,urn:cts:phoros:stele1.year:front.2.18, Î±,1,,
urn:cite:phoros:payrec.29,urn:cts:phoros:stele1.year:front.2.19, ÏƒÎ±Î½Î±á¿–Î¿Î¹ Î‡ á½€Î»Î¿Ï†á½» Î¾,1,urn:cite:phoros:places.14urn:cite:phoros:places.15,
urn:cite:phoros:payrec.30,urn:cts:phoros:stele1.year:front.2.25, Î¹Î¿Î¹ Î‡ Î´Î¹á¿†Ï‚ Î‡ Î—Î—Î” Î”Î”ğ…‚ğ…‚ğ…‚Î™Î™,1,urn:cite:phoros:places.15urn:cite:phoros:places.16,1400
urn:cite:phoros:payrec.31,urn:cts:phoros:stele1.year:front.2.26, ÏƒÎ±Î¼Î²Î±ÎºÏ„á½» Ï‚ Î‡ Î—ğ…ƒğ…‚Î™Î™Î™Î™,1,17,640
urn:cite:phoros:payrec.32,urn:cts:phoros:stele1.year:front.2.27, Ï‡ÎµÏÏÎ¿Î½ÎµÏƒ á¿–Ï„Î±Î¹ Î‡ Î§ğ……Î—Î—Î—,1,urn:cite:phoros:places.18,10800
urn:cite:phoros:payrec.33,urn:cts:phoros:stele1.year:front.2.28, á¼€Î²Ï…Î´ÎµÎ½Î¿á½· Î‡ Î—Î—Î—Î—Î”Î”Î”ğ…ƒğ…‚ğ…‚Î™Î™Î™Î™,1,urn:cite:phoros:places.19,2626
urn:cite:phoros:payrec.34,urn:cts:phoros:stele1.year:front.2.29, Î™ Î™ Î™ Î™,1,,
urn:cite:phoros:payrec.35,urn:cts:phoros:stele1.year:front.3.12, ğ……Î—,1,,
urn:cite:phoros:payrec.36,urn:cts:phoros:stele1.year:front.3.13, Î‡ ğ…ƒğ…‚ğ…‚ğ…‚Î™Î™,1,,50
urn:cite:phoros:payrec.37,urn:cts:phoros:stele1.year:front.3.14, Î—,1,,
urn:cite:phoros:payrec.38,urn:cts:phoros:stele1.year:front.3.15, ÎºÎ±Î¼ÎµÏÎµá¿–Ï‚ Î‡ ğ……Î—Î—Î—Î—,1,urn:cite:phoros:places.20,5400
urn:cite:phoros:payrec.39,urn:cts:phoros:stele1.year:front.3.16, ÎºÏÏ…Îµá¿–Ï‚ Î‡ Î”Î” Î”ğ…‚ğ…‚ğ…‚Î™Î™,1,urn:cite:phoros:places.21,200
urn:cite:phoros:payrec.40,urn:cts:phoros:stele1.year:front.3.17, Ï€ÎµÏ€Î±Ïá½³Î¸Î¹Î¿ Î¹ Î‡ Î—Î—Î—,1,urn:cite:phoros:places.22,1800
urn:cite:phoros:payrec.41,urn:cts:phoros:stele1.year:front.3.20, ÎºÎ¿Î»Î¿Ï†á½¹Î½ Î¹Î¿Î¹ Î‡ Î—Î—Î—,1,urn:cite:phoros:places.23,1800
urn:cite:phoros:payrec.42,urn:cts:phoros:stele1.year:front.3.21, Î½ Î¿ Ï„ Î¹ Îµá¿–Ï‚ Î‡ Î”Î”Î”ğ…‚ğ…‚ğ…‚Î™Î™,1,urn:cite:phoros:places.24,200
urn:cite:phoros:payrec.43,urn:cts:phoros:stele1.year:front.3.22, Î´Î¹Î¿ÏƒÎµÏá¿–Ï„Î±Î¹ Î‡ Î”ğ…ƒğ…‚Î™Î™Î™Î™,1,urn:cite:phoros:places.25,100
urn:cite:phoros:payrec.44,urn:cts:phoros:stele1.year:front.3.23, ÏƒÏ€Î±Ï Ï„ á½¹Î»Î¹Î¿Î¹ Î‡ Î—Î—,1,urn:cite:phoros:places.26,1200
urn:cite:phoros:payrec.45,urn:cts:phoros:stele1.year:front.3.24, Î±á¼°ÏÎ±á¿–Î¿Î¹ Î‡ Î—Î—Î—,1,urn:cite:phoros:places.27,1800
urn:cite:phoros:payrec.46,urn:cts:phoros:stele1.year:front.3.25, Î»Î¹Î½Î´á½·Î¿Î½ Î¿á¼°á¾¶Ï„Î±Î¹ Î‡ ğ…„ğ…ƒ,1,urn:cite:phoros:places.28,330
urn:cite:phoros:payrec.47,urn:cts:phoros:stele1.year:front.3.26, á¼€ÏƒÏ„Î±ÎºÎµÎ½Î¿á½· Î‡ Î— ğ…„,1,urn:cite:phoros:places.29,900
urn:cite:phoros:payrec.48,urn:cts:phoros:stele1.year:front.3.27, Î½ÎµÎ¿Ï€Î¿Î»á¿–Ï„Î±Î¹ Î‡ ğ…„,1,urn:cite:phoros:places.30,350
urn:cite:phoros:payrec.49,urn:cts:phoros:stele1.year:front.3.28, Î¼Î±Î¹á½±Î½Î´ÏÎ¹Î¿Î¹ Î‡ ğ…„Î”ğ…ƒğ…‚ Î™ Î™ Î™ Î™,1,31,400
urn:cite:phoros:payrec.50,urn:cts:phoros:stele1.year:front.3.29, Î¼Î±Ï Î¿Î½á¿–Ï„Î±Î¹ Î‡ Î—ğ…„,1,32,900
urn:cite:phoros:payrec.51,urn:cts:phoros:stele1.year:front.4.5, Î»á½· Î½Î´Î¹Î¿Î¹ Î‡ ğ……Î—Î—Î—Î”Î”Î”Î”ğ…ƒ,1,urn:cite:phoros:places.33,5070
urn:cite:phoros:payrec.52,urn:cts:phoros:stele1.year:front.4.6, Î¿á¼° Î½Î±á¿–Î¿Î¹ á¼Î½ á¼°,1,urn:cite:phoros:places.34,
urn:cite:phoros:payrec.53,urn:cts:phoros:stele1.year:front.4.7, Îºá½±ÏÎ¿Î¹ Î‡ Î—Î”Î”Î”ğ…‚ğ…‚ğ…‚Î™Î™,1,urn:cite:phoros:places.34,800
urn:cite:phoros:payrec.54,urn:cts:phoros:stele1.year:front.4.8, ÏƒÏƒÎ¹Î¿Î¹ Î‡ Î—,1,urn:cite:phoros:places.35,600
urn:cite:phoros:payrec.55,urn:cts:phoros:stele1.year:front.4.9, Î½Îµá½±Î½Î´ÏÎµÎ¹Î± Î‡ Î”Î”Î”ğ…‚ğ…‚ğ…‚ Î™Î™,1,urn:cite:phoros:places.36,800
urn:cite:phoros:payrec.56,urn:cts:phoros:stele1.year:front.4.10, Î»Î±Î¼Ï€á½¹Î½ÎµÎ¹Î± Î‡ Î”ğ…ƒğ…‚Î™Î™Î™ Î™,1,urn:cite:phoros:places.37,100
urn:cite:phoros:payrec.57,urn:cts:phoros:stele1.year:front.4.11, á¼Î»Î¹ÎºÎ±Ï,1,urn:cite:phoros:places.38,
urn:cite:phoros:payrec.58,urn:cts:phoros:stele1.year:front.4.12, Î½Î±ÏƒÏƒÎµÌƒÏ‚ Î‡ Î—ğ…„Î”ğ…ƒğ…‚Î™Î™Î™Î™,1,urn:cite:phoros:places.38,1000
urn:cite:phoros:payrec.59,urn:cts:phoros:stele1.year:front.4.13, ÏƒÏ„ÏÎµÏˆÎ±á¿–Î¿Î¹ Î‡ Î—,1,urn:cite:phoros:places.39,600
urn:cite:phoros:payrec.60,urn:cts:phoros:stele1.year:front.4.14, Ï€Î±Î»á½³ÏˆÎ¹Î¿Î¹ Î‡ Î—ğ…„,1,urn:cite:phoros:places.40,900
urn:cite:phoros:payrec.61,urn:cts:phoros:stele1.year:front.4.15, ÎºÏ…ÏÎ²Î¹ÏƒÏƒá½¹Ï‚ Î‡ Î”Î”Î”ğ…‚ğ…‚ğ…‚Î™Î™,1,urn:cite:phoros:places.41,200
urn:cite:phoros:payrec.62,urn:cts:phoros:stele1.year:front.4.16, Î´Î¹Î´Ï…Î¼Î¿Ï„ÎµÎ¹,1,urn:cite:phoros:places.42,
urn:cite:phoros:payrec.63,urn:cts:phoros:stele1.year:front.4.17, Ï‡á¿–Ï„Î±Î¹ Î‡ Î”ğ…ƒğ…‚ Î™ Î™ Î™ Î™,1,urn:cite:phoros:places.42,100
urn:cite:phoros:payrec.64,urn:cts:phoros:stele1.year:front.4.18, Î´ Î¹Îº Î±Î¹Î¿Ï€Î¿,1,urn:cite:phoros:places.43,
urn:cite:phoros:payrec.65,urn:cts:phoros:stele1.year:front.4.19, Î»á¿– Ï„Î± Î¹ Î‡ Î— Î—Î—Î—,1,urn:cite:phoros:places.43,2400
urn:cite:phoros:payrec.66,urn:cts:phoros:stele1.year:front.4.20, ÎºÎ»Î±Î¶Î¿Î¼á½³ Î½Î¹Î¿Î¹ Î‡ Î— ğ…„,1,urn:cite:phoros:places.44,900
urn:cite:phoros:payrec.67,urn:cts:phoros:stele1.year:front.4.21, á¼€ÏÎ³á½·Î»Î¹Î¿Î¹ Î‡ Î— ğ…„,1,urn:cite:phoros:places.45',900
urn:cite:phoros:payrec.68,urn:cts:phoros:stele1.year:front.4.22, ÎºÎ±ÏÎ²Î±ÏƒÏ…Î±Î½Î´Îµá¿–Ï‚ Î‡ Î”ğ…ƒğ…‚Î™Î™Î™Î™,1,urn:cite:phoros:places.46,100
urn:cite:phoros:payrec.69,urn:cts:phoros:stele1.year:front.4.23, Ï†Î±ÏƒÎµÎ»á¿–Ï„Î±Î¹ Î‡ ğ……Î—,1,urn:cite:phoros:places.47,3600
urn:cite:phoros:payrec.70,urn:cts:phoros:stele1.year:front.4.24, Ï„ÎµÏÎ¼ÎµÏÎµá¿–Ï‚ Î‡ Î—Î—ğ…„,1,urn:cite:phoros:places.48,1500
urn:cite:phoros:payrec.71,urn:cts:phoros:stele1.year:front.4.25, ÎºÎµÎ²Ïá½³Î½Î¹Î¿Î¹ Î‡ Î—Î—Î—,1,urn:cite:phoros:places.49,1800
urn:cite:phoros:payrec.72,urn:cts:phoros:stele1.year:front.4.26, ÎºÎ±ÏƒÏ‰ Î»Î±Î²Îµá¿–Ï‚ Î‡ Î”Î”Î”Î”ğ…‚Î™Î™Î™Î™,1,urn:cite:phoros:places.50,246
urn:cite:phoros:payrec.73,urn:cts:phoros:stele1.year:front.4.27, Î´á½· ÎºÎ±Î¹Î±,1,urn:cite:phoros:places.51,
urn:cite:phoros:payrec.74,urn:cts:phoros:stele1.year:front.4.28, Ï€ Î± Ïá¾½ á¼„Î²Î´Î·ÏÎ± Î‡ ğ…„,1,urn:cite:phoros:places.51,300
urn:cite:phoros:payrec.75,urn:cts:phoros:stele1.year:front.4.29, á¼Î² Î´Î·Ïá¿– Ï„Î±Î¹ Î‡ Î§Î—Î—ğ…„ Î” Î” Î”ğ…ƒÎ™Î™,1,urn:cite:phoros:places.52,7712
urn:cite:phoros:payrec.76,urn:cts:phoros:stele1.year:front.5.5, á½€Î»á½»Î½Î¸ Î¹Î¿Î¹ Î‡ ÏƒÎºÎ±,1,urn:cite:phoros:places.53urn:cite:phoros:places.54,
urn:cite:phoros:payrec.77,urn:cts:phoros:stele1.year:front.5.6, Î²Î»Î±á¿–Î¿ Î¹ Î‡ á¼€Ïƒ ÏƒÎ·,1,urn:cite:phoros:places.54urn:cite:phoros:places.55,
urn:cite:phoros:payrec.78,urn:cts:phoros:stele1.year:front.5.7, Ïá¿–Ï„Î±Î¹ Î— Î—ğ…„Î”ğ…ƒ ğ…‚Î™Î™Î™Î™,1,urn:cite:phoros:places.55,1600
urn:cite:phoros:payrec.79,urn:cts:phoros:stele1.year:front.5.8, ÏƒÎµÏÎ¼Ï…Î» Î¹Îµá¿–Ï‚ Î‡ ğ……Î—Î—ğ…„Î”Î”ğ…‚ğ…‚>,1,urn:cite:phoros:places.56,4632
urn:cite:phoros:payrec.80,urn:cts:phoros:stele1.year:front.5.9, Î¼Î·ÎºÏ…Î²ÎµÏ Î½Î± á¿–Î¿Î¹,1,urn:cite:phoros:places.57,
urn:cite:phoros:payrec.81,urn:cts:phoros:stele1.year:front.5.10, ÏƒÏ„á½½Î»Î¹Î¿Î¹ Î‡ Ï€ Î¿Î» Î¹,1,urn:cite:phoros:places.58urn:cite:phoros:places.59,
urn:cite:phoros:payrec.82,urn:cts:phoros:stele1.year:front.5.11, Ï‡Î½á¿–Ï„Î±Î¹ Î‡ Î—Î—Î” Î” Î”ğ…‚Î™Î™,1,urn:cite:phoros:places.59,1400
urn:cite:phoros:payrec.83,urn:cts:phoros:stele1.year:front.5.12, Ïƒá½·Î³Î³Î¹Î¿Î¹ Î‡ Î—Î— ğ…‚ğ…‚Î™Î™,1,urn:cite:phoros:places.60,
urn:cite:phoros:payrec.84,urn:cts:phoros:stele1.year:front.5.13, Î¸á½±ÏƒÎ¹Î¿Î¹ Î‡ Î—Î—Î—,1,urn:cite:phoros:places.61,1800
urn:cite:phoros:payrec.85,urn:cts:phoros:stele1.year:front.5.14, Î¼Ï…ÏƒÎ¿á½· Î‡ Î”Î”Î”ğ…‚ ğ…‚ğ…‚Î™Î™,1,urn:cite:phoros:places.62,200
urn:cite:phoros:payrec.86,urn:cts:phoros:stele1.year:front.5.15, Ï€á½·ÎºÏÎµÏ‚ ÏƒÏ…Î±Î³ Î³ÎµÎ»Îµá½»Ï‚ Î‡ ğ…„,1,urn:cite:phoros:places.63,300
urn:cite:phoros:payrec.87,urn:cts:phoros:stele1.year:front.5.16, ÎºÎµÎ´ÏÎ¹á¿†Ï„Î±Î¹ Î‡ ğ…„,1,urn:cite:phoros:places.64,300
urn:cite:phoros:payrec.88,urn:cts:phoros:stele1.year:front.5.17, ÎºÎµÏá½±Î¼Î¹Î¿Î¹ Î‡ Î—ğ…„,1,urn:cite:phoros:places.65,900
urn:cite:phoros:payrec.89,urn:cts:phoros:stele1.year:front.5.18, Î²Î¿Ï…Î¸ÎµÎ¹Îµá¿–Ï‚,1,urn:cite:phoros:places.66,
urn:cite:phoros:payrec.90,urn:cts:phoros:stele1.year:front.5.19, Îº Ï…Î»Î»á½±Î½Î´Î¹ Î¿Î¹ Î—Î—,1,urn:cite:phoros:places.67,1200
urn:cite:phoros:payrec.91,urn:cts:phoros:stele1.year:front.5.20, Ï‡ á¿–Î¿Î¹ Îºá¾¶ÏÎµÏ‚ Î‡ Î”Î”Î”ğ…‚ğ…‚ğ…‚Î™Î™,1,urn:cite:phoros:places.68,200
urn:cite:phoros:payrec.92,urn:cts:phoros:stele1.year:front.5.21, Î½Î± Ï Î¹ Ï‚ Î²Î±ÏÎµá¿–Ï‚ Î‡ Î”ğ…ƒğ…‚ Î™ Î™ Î™ Î™,1,urn:cite:phoros:places.70,100
urn:cite:phoros:payrec.93,urn:cts:phoros:stele1.year:front.6.5, Î¼Ï…Î´ Î¿ Î½Îµá¿–Ï‚ Î‡ Î”Î”ğ…ƒ,1,urn:cite:phoros:places.71,150
urn:cite:phoros:payrec.94,urn:cts:phoros:stele1.year:front.6.6, ÎºÎ¹Î± Î½ Î¿á½· Î‡ Î” ğ…ƒğ…‚Î™Î™Î™Î™,1,urn:cite:phoros:places.72,100
urn:cite:phoros:payrec.95,urn:cts:phoros:stele1.year:front.6.7, á¼€ÏÏ„Î±ÎºÎµÎ½Î¿ á½· Î‡ Î”Î”Î”ğ…‚ğ…‚ğ…‚Î™Î™,1,urn:cite:phoros:places.73,200
urn:cite:phoros:payrec.96,urn:cts:phoros:stele1.year:front.6.7, Î½Îµá½±Ï€Î¿Î»Î¹Ï‚,1,urn:cite:phoros:places.74,
urn:cite:phoros:payrec.97,urn:cts:phoros:stele1.year:front.6.9, á¼ Î½ Î¸ Ïá½±Î¹ÎºÎµÎ¹ Î‡ Î”ğ…ƒ ğ…‚ Î™ Î™ Î™ Î™,1,urn:cite:phoros:places.74,100
urn:cite:phoros:payrec.98,urn:cts:phoros:stele1.year:front.6.10, Î²Î·Ï á½» ÏƒÎ¹Î¿Î¹ á½‘Ï€á½¸,1,urn:cite:phoros:places.75,
urn:cite:phoros:payrec.99,urn:cts:phoros:stele1.year:front.6.11, Ï„á¿‡ á¼´Î´á¿ƒ Î‡ Î”ğ…ƒğ…‚Î™Î™Î™Î™,1,urn:cite:phoros:places.75,100
urn:cite:phoros:payrec.100,urn:cts:phoros:stele1.year:front.6.12, Î±á½Î»Î¹á¾¶Ï„Î±Î¹ Îºá¾¶ÏÏ‚ Î‡ ğ…ƒğ…‚ğ…‚ ğ…‚Î™Î™,1,urn:cite:phoros:places.76,50
urn:cite:phoros:payrec.101,urn:cts:phoros:stele1.year:front.6.13, á¼°á¾¶Ï„Î±Î¹ Î‡ Î—,1,urn:cite:phoros:places.77,600
urn:cite:phoros:payrec.102,urn:cts:phoros:stele1.year:front.6.14, Ï€Î±ÏÎ¹Î±Î½Î¿á½· Î‡ Î—,1,urn:cite:phoros:places.78,600
urn:cite:phoros:payrec.103,urn:cts:phoros:stele1.year:front.6.15, Î´ Î±ÏƒÎºá½»Î»Î¿Î½,1,urn:cite:phoros:places.79,
urn:cite:phoros:payrec.104,urn:cts:phoros:stele1.year:front.6.16, á¼Î½ Ï€ÏÎ¿Ï€Î¿Î½Ï„á½·Î´Î¹ ğ…ƒğ…‚ğ…‚ğ…‚Î™Î™,1,urn:cite:phoros:places.79,50
urn:cite:phoros:payrec.105,urn:cts:phoros:stele1.year:front.6.17, Î± á¼°Î³Î¹Î½á¿†Ï„Î±Î¹ Î§Î§Î§,1,urn:cite:phoros:places.80,3000
urn:cite:phoros:payrec.106,urn:cts:phoros:stele1.year:front.6.18, Î¼ Î¹Î»á½µÏƒÎ¹Î¿Î¹,1,urn:cite:phoros:places.81,
urn:cite:phoros:payrec.107,urn:cts:phoros:stele1.year:front.6.19, á¼ Î¾ Î»á½³ÏÎ¿Ï… Î—Î—Î—,1,urn:cite:phoros:places.81,1800
urn:cite:phoros:payrec.108,urn:cts:phoros:stele1.year:front.6.20, Î¼Î¹ Î»á½µÏƒÎ¹Î¿Î¹,1,,
urn:cite:phoros:payrec.109,urn:cts:phoros:stele1.year:front.6.21, á¼Îº Ï„ Îµ Î¹Ï‡Î¹á½¹ÏƒÏƒÎµ Ï‚ Î‡,1,urn:cite:phoros:places.82,
urn:cite:phoros:payrec.110,urn:cts:phoros:stele1.year:, Î” ğ…ƒğ…‚ğ…‚Î™ Î²Î¿Î»Î²Î±Î¹ á¿†Ï‚,2,urn:cite:phoros:places.69,103
urn:cite:phoros:payrec.111,urn:cts:phoros:stele1.year:header.1.11, Î”ğ…ƒğ…‚ğ…‚Î™ Î»ÎµÏˆÎ¹Î¼á½±Î½Î¹Î¿ Î¹,2,urn:cite:phoros:places.83,103
urn:cite:phoros:payrec.112,urn:cts:phoros:stele1.year:header.1.12, ğ…„Î”ğ…ƒğ…‚ğ…‚ğ…‚Î™Î™Î™Î™Î™ á¼ÏÎ¹Î½á¿†Ï‚,2,urn:cite:phoros:places.84,413
urn:cite:phoros:payrec.113,urn:cts:phoros:stele1.year:header.1.13, ğ…„Î™Î™Î™Î™Î™ á¼€Î¼Ï…Î½Î±Î½Î´á¿† Ï‚,2,urn:cite:phoros:places.85,305
urn:cite:phoros:payrec.114,urn:cts:phoros:stele1.year:header.1.14, Î—Î”ğ…‚ğ…‚ğ…‚ğ…‚Î™Î™Î™Î™Î™ Ï€Î±ÎºÏ„á½»ÎµÏ‚ á¼°Î´Ï…Î¼ Îµá½»Ï‚,2,urn:cite:phoros:places.86,689
urn:cite:phoros:payrec.115,urn:cts:phoros:stele1.year:header.1.15, Î”ğ…ƒğ…‚ğ…‚Î™ á½€Ï…ÏÎ±Î½Î¹á¿†Ï„ Î±Î¹,2,urn:cite:phoros:places.87,103
urn:cite:phoros:payrec.116,urn:cts:phoros:stele1.year:header.1.16, Î”ğ…ƒğ…‚ğ…‚Î™ á½€Ï…Î»Î± Î¹ á¿†Ï‚,2,urn:cite:phoros:places.88,103
urn:cite:phoros:payrec.117,urn:cts:phoros:stele1.year:header.1.17, Î”ğ…ƒğ…‚ğ…‚Î™ Ï„ Î± ÏÎ²Î±Î½á¿†Ï‚,2,urn:cite:phoros:places.89,103
urn:cite:phoros:payrec.118,urn:cts:phoros:stele1.year:header.1.18, Î”ğ…ƒğ…‚Î™Î™Î™Î™ ÎºÎ¿ Î´Î±Ï€á¿†Ï‚,2,urn:cite:phoros:places.90,100
urn:cite:phoros:payrec.119,urn:cts:phoros:stele1.year:header.2.2, Ï‚,2,,
urn:cite:phoros:payrec.120,urn:cts:phoros:stele1.year:header.2.3, Î—Î—Î—Î— ÏƒÎµÏÎ¼Ï…Î» Î¹á¿† Ï‚,2,urn:cite:phoros:places.56,
urn:cite:phoros:payrec.121,urn:cts:phoros:stele1.year:header.3.2, ğ…ƒ ,2,,
urn:cite:phoros:payrec.122,urn:cts:phoros:stele1.year:header.3.3, Î—Î— á¼€ ÏÎ¹ÏƒÎ²Î±á¿–Î¿Î¹,2,urn:cite:phoros:places.91,1200
urn:cite:phoros:payrec.123,urn:cts:phoros:stele1.year:header.4.15, Î§Î§Î§ Î±á¼°Î³Î¹Î½ á¿†Ï„Î±Î¹,2,urn:cite:phoros:places.80,18000
urn:cite:phoros:payrec.124,urn:cts:phoros:stele1.year:header.4.16, ğ……Î— ÏƒÎºÎ¹Î¿Î½Î± á¿–Î¿Î¹ ÎºÎ±á½¶,2,urn:cite:phoros:places.9,3600
urn:cite:phoros:payrec.125,urn:cts:phoros:stele1.year:header.4.17, Î¸ÏÎ±Î¼Î²Î±á¿–Î¿Î¹ Î™,2,urn:cite:phoros:places.10,
urn:cite:phoros:payrec.126,urn:cts:phoros:stele1.year:header.4.18, Î¿Î¹,2,,
urn:cite:phoros:payrec.127,urn:cts:phoros:stele1.year:header.5.9, ÎµÏ‚,2,,
urn:cite:phoros:payrec.128,urn:cts:phoros:stele1.year:header.5.10, Î—Î— á¼€ÏƒÏ„Ï…Ï€Î± Î»Î±Î¹á¿†Ï‚,2,urn:cite:phoros:places.92,1200
urn:cite:phoros:payrec.129,urn:cts:phoros:stele1.year:header.5.11, ğ……Î— ÏƒÎ±Î¼Î¿Î¸Ï á¾¶Î¹ÎºÎµÏ‚,2,urn:cite:phoros:places.93,1800
urn:cite:phoros:payrec.130,urn:cts:phoros:stele1.year:header.5.12, ÎµÏ‚,2,,
urn:cite:phoros:payrec.131,urn:cts:phoros:stele1.year:header.5.13, á¼Ï†Î±Î¹ÏƒÏƒÏ„Î¹á¿†Ï‚,2,urn:cite:phoros:places.94,
urn:cite:phoros:payrec.132,urn:cts:phoros:stele1.year:header.5.15, Î§Î—Î— Î»Î±Î¼Ï†ÏƒÎ±Îº ÎµÎ½Î¿á½·,2,urn:cite:phoros:places.95,7200
urn:cite:phoros:payrec.133,urn:cts:phoros:stele1.year:header.5.16, Î±Î¹,2,,
urn:cite:phoros:payrec.134,urn:cts:phoros:stele1.year:header.5.17, Î—Î”Î”Î” Î¿á¼°Î½Î±á¿–Î¿Î¹,2,urn:cite:phoros:places.34,780
urn:cite:phoros:payrec.135,urn:cts:phoros:stele1.year:header.6.7, ğ…‚ğ…‚ğ…‚Î™Î™ á¼ Î½ á¼°Îºá½±ÏÎ¿Î¹,2,urn:cite:phoros:places.34,20
urn:cite:phoros:payrec.136,urn:cts:phoros:stele1.year:header.6.8, Î—Î—Î— ÎºÎ¿Î»Î¿ Ï†á½¹Î½Î¹Î¿Î¹,2,urn:cite:phoros:places.23,1800
urn:cite:phoros:payrec.137,urn:cts:phoros:stele1.year:header.6.9, Î”Î”Î”ğ…‚ğ…‚ğ…‚Î™Î™ Î½Î¿Ï„Î¹á¿† Ï‚,2,urn:cite:phoros:places.24,200
urn:cite:phoros:payrec.138,urn:cts:phoros:stele1.year:header.6.10, Î”ğ…ƒğ…‚Î™Î™Î™Î™ Î´Î¹Î¿ÏƒÎ¹Ïá¿– Ï„Î±Î¹,2,urn:cite:phoros:places.25,100
urn:cite:phoros:payrec.139,urn:cts:phoros:stele1.year:header.6.11, ğ……Î—Î—ğ…„ á¼Ï†á½³ÏƒÎ¹Î¿Î¹,2,urn:cite:phoros:places.4,4500
urn:cite:phoros:payrec.140,urn:cts:phoros:stele1.year:header.6.12, Î— á¼°á¾¶Ï„Î±Î¹,2,urn:cite:phoros:places.77,600
urn:cite:phoros:payrec.141,urn:cts:phoros:stele1.year:header.6.13, Î§Î—Î— Î±á¼´Î½Î¹Î¿Î¹,2,urn:cite:phoros:places.5,7200
urn:cite:phoros:payrec.142,urn:cts:phoros:stele1.year:header.6.14, ğ…ƒğ…‚ğ…‚ğ…‚Î™Î™ Î¼á½»Î½Î´Î¹Î¿Î¹,2,urn:cite:phoros:places.96,50
urn:cite:phoros:payrec.143,urn:cts:phoros:stele1.year:header.6.15, ğ…ƒğ…‚ğ…‚ğ…‚Î™Î™ Î±á½Î»Î¹á¾¶Ï„Î±Î¹,2,urn:cite:phoros:places.76,50
urn:cite:phoros:payrec.144,urn:cts:phoros:stele1.year:header.6.16, Î”ğ…ƒğ…‚Î™Î™Î™Î™ ÎºÎ±ÏÎ²Î±ÏƒÏ…Î±Î½Î´á¿†Ï‚,2,urn:cite:phoros:places.46,100
urn:cite:phoros:payrec.145,urn:cts:phoros:stele1.year:header.6.17, Î—ğ…„ Î¼Î±ÏÎ¿Î½á¿–Ï„Î±Î¹,2,urn:cite:phoros:places.32,900
urn:cite:phoros:payrec.146,urn:cts:phoros:stele1.year:header.6.18, Î”ğ…ƒ ğ…‚ Î™Î™Î™Î™,2,,100
urn:cite:phoros:payrec.147,urn:cts:phoros:stele1.year:header.7.13, ğ…ƒğ…‚ğ…‚ ğ…‚ Î™Î™ á¼€ ÏƒÏ„Ï…ÏÎ·Î½Î¿á½·,2,urn:cite:phoros:places.104,50
urn:cite:phoros:payrec.148,urn:cts:phoros:stele1.year:header.7.14, Î” ğ…ƒğ…‚Î™Î™Î™Î™ Î³ÏÏ… Î½ ÎµÎ¹á¿†Ï‚,2,urn:cite:phoros:places.97,100
urn:cite:phoros:payrec.149,urn:cts:phoros:stele1.year:header.7.15, Î” ğ…ƒğ…‚Î™Î™Î™Î™ Ï€Î¹Ï„Î±Î½ Î± á¿–Î¿Î¹,2,urn:cite:phoros:places.11,100
urn:cite:phoros:payrec.150,urn:cts:phoros:stele1.year:header.7.16, Î—ğ…„ á¼€ÏƒÏ„Î±ÎºÎµ Î½ Î¿á½·,2,urn:cite:phoros:places.29,900
urn:cite:phoros:payrec.151,urn:cts:phoros:stele1.year:header.7.17, Î—Î— ÏƒÏ€Î±ÏÏ„Î¿Î»Î¹á½¹ Î¹,2,urn:cite:phoros:places.26,1200
urn:cite:phoros:payrec.152,urn:cts:phoros:stele1.year:header.7.18, Î»ÎµÏˆ Î¹Î¼á½±Î½ Î¹Î¿Î¹,2,urn:cite:phoros:places.83,
urn:cite:phoros:payrec.153,urn:cts:phoros:stele1.year:right.8.13, Î”Î”Î”Î”ğ…‚Î™Î™Î™Î™ ÎºÎ± ÏƒÎ¿Î»Î±Î² á¿† Ï‚,2,urn:cite:phoros:places.50,250
urn:cite:phoros:payrec.154,urn:cts:phoros:stele1.year:right.8.14, Ïƒ Ï„á½¹Î»Î¹Î¿Î¹,2,urn:cite:phoros:places.58,
urn:cite:phoros:payrec.155,urn:cts:phoros:stele1.year:right.8.15, Ï€Î¿Î»Î¹Ï‡Î½á¿–Ï„Î±Î¹,2,urn:cite:phoros:places.59,
urn:cite:phoros:payrec.156,urn:cts:phoros:stele1.year:right.8.16, Ïƒá½·Î³Î³Î¹Î¿Î¹,2,urn:cite:phoros:places.60,
urn:cite:phoros:payrec.157,urn:cts:phoros:stele1.year:right.8.17, Î— ÏƒÎ±Î½Î±á¿–Î¿Î¹,2,urn:cite:phoros:places.14,600
urn:cite:phoros:payrec.158,urn:cts:phoros:stele1.year:right.8.18, Î—Î—Î— Î±á¼±ÏÎ±á¿–Î¿Î¹,2,urn:cite:phoros:places.27,1800
urn:cite:phoros:payrec.159,urn:cts:phoros:stele1.year:right.9.2, ğ…„ Î½ÎµÎ¿Ï€Î¿Î»á¿–Ï„Î±Î¹,2,urn:cite:phoros:places.30,300
urn:cite:phoros:payrec.160,urn:cts:phoros:stele1.year:right.9.3, Î—Î— á½€Î»á½»Î½Î¸Î¹Î¿Î¹,2,urn:cite:phoros:places.53,1200
urn:cite:phoros:payrec.161,urn:cts:phoros:stele1.year:right.9.4, Î— Î¼ ÎµÎºÏ…Î²ÎµÏÎ½Î±á¿–Î¿Î¹,2,urn:cite:phoros:places.57,600
urn:cite:phoros:payrec.162,urn:cts:phoros:stele1.year:right.9.5, ÏƒÎµ ÏÎ¼ Ï…Î»Î¹á¿†Ï‚,2,urn:cite:phoros:places.56,
urn:cite:phoros:payrec.163,urn:cts:phoros:stele1.year:right.9.6, Î—ğ…„ Ï€Î±Î»á½³ Ï† ÏƒÎ¹Î¿Î¹,2,urn:cite:phoros:places.40,900
urn:cite:phoros:payrec.164,urn:cts:phoros:stele1.year:right.9.7, Î´Î¹ÎºÎ±Î¹Î¿ Ï€Î¿Î»á¿–Ï„Î±Î¹,2,urn:cite:phoros:places.43,
urn:cite:phoros:payrec.165,urn:cts:phoros:stele1.year:right.9.8, Î—ğ…„ ÎºÎ»Î±Î¶Î¿Î¼ á½³Î½Î¹Î¿Î¹,2,urn:cite:phoros:places.44,900
urn:cite:phoros:payrec.166,urn:cts:phoros:stele1.year:right.9.9, ÎµÏ‚,2,,
urn:cite:phoros:payrec.167,urn:cts:phoros:stele1.year:right.9.10, ğ…„Î”ğ…ƒğ…‚Î™Î™Î™Î™ Ï€ÎµÎ»ÎµÎ¹á¾¶Ï„Î±Î¹,2,urn:cite:phoros:places.98,400
urn:cite:phoros:payrec.168,urn:cts:phoros:stele1.year:right.10.2, Î— Î»á½±Ï„Î¼Î¹Î¿Î¹,2,urn:cite:phoros:places.99,600
urn:cite:phoros:payrec.169,urn:cts:phoros:stele1.year:right.10.3, Î— Ï€Î±ÏÎ¹Î±Î½Î¿á½·,2,urn:cite:phoros:places.78,600
urn:cite:phoros:payrec.170,urn:cts:phoros:stele1.year:right.10.4, Î—Î—Î— Î²Î¿Ï…Î¸ÎµÎ¹á¿† Ï‚,2,urn:cite:phoros:places.66,1800
urn:cite:phoros:payrec.171,urn:cts:phoros:stele1.year:right.10.5, Î§ğ……Î—Î—Î— Ï‡ÎµÏÏÎ¿Î½Îµ Ïƒá¿–Ï„Î±Î¹,2,urn:cite:phoros:places.18,10800
urn:cite:phoros:payrec.172,urn:cts:phoros:stele1.year:right.10.6, Î—Î— Ï€ÎµÎ´Î±Ïƒá¿†Ï‚,2,urn:cite:phoros:places.100,1200
urn:cite:phoros:payrec.173,urn:cts:phoros:stele1.year:right.10.7, Î— Ï€ÏÎ¹Î±Î½á¿†Ï‚,2,urn:cite:phoros:places.101,600
urn:cite:phoros:payrec.174,urn:cts:phoros:stele1.year:right.10.8, Î— ÎºÎ¹Î½Î´Ï…á¿†Ï‚,2,urn:cite:phoros:places.102,600
urn:cite:phoros:payrec.175,urn:cts:phoros:stele1.year:right.10.9, Î”ğ…ƒğ…‚Î™Î™Î™Î™ Î²Î±ÏÎ³Ï…Î»Î¹á¿†Ï‚,2,urn:cite:phoros:places.103,100
urn:cite:phoros:payrec.176,urn:cts:phoros:stele1.year:right.10.10, Î”ğ…ƒğ…‚Î™Î™Î™Î™ Î´Î¹Î´Ï…Î¼Î¿Ï„ÎµÎ¹ Ï‡á¿–Ï„Î±Î¹,2,urn:cite:phoros:places.42,100
urn:cite:phoros:payrec.177,urn:cts:phoros:stele1.year:, Î— Î— Î— á¼€Ï†Ï…Ï„Î±á¿–Î¿Î¹,3,urn:cite:phoros:places.105,1800
urn:cite:phoros:payrec.178,urn:cts:phoros:stele1.year:front.1.2, ğ…… Î— Î—Î— Î»á½³Î¼Î½Î¹Î¿Î¹,3,urn:cite:phoros:places.106,5400
urn:cite:phoros:payrec.179,urn:cts:phoros:stele1.year:front.1.3, Î—ğ…„ ÎºÎµÏá½±Î¼Î¹Î¿Î¹,3,urn:cite:phoros:places.65,900
urn:cite:phoros:payrec.180,urn:cts:phoros:stele1.year:front.1.4, Î”Î”ğ…ƒ Î¼Ï…Î´Î¿Î½á¿†Ï‚,3,urn:cite:phoros:places.71,150
urn:cite:phoros:payrec.181,urn:cts:phoros:stele1.year:front.1.5, Î—Î—Î—Î— ğ…„ Ï„ÎµÎ½á½³Î´Î¹Î¿Î¹,3,urn:cite:phoros:places.107,2700
urn:cite:phoros:payrec.182,urn:cts:phoros:stele1.year:front.1.6, Î—ğ…„ Ï€Î±Î»á½³Ï†ÏƒÎ¹Î¿Î¹,3,urn:cite:phoros:places.40,900
urn:cite:phoros:payrec.183,urn:cts:phoros:stele1.year:front.1.7, ğ…ƒğ…‚ğ…‚ğ…‚Î™Î™ Ï€ÎµÎ½Ï„á½·Î½Î¹Î¿Î¹,3,urn:cite:phoros:places.108,50
urn:cite:phoros:payrec.184,urn:cts:phoros:stele1.year:front.1.8, ğ…… Î— Ï†Î±ÏƒÎµÎ»á¿–Ï„Î±Î¹,3,urn:cite:phoros:places.47,3600
urn:cite:phoros:payrec.185,urn:cts:phoros:stele1.year:front.1.9, Î—ğ…„ ÎºÎ±Î»á½»Î´Î½Î¹Î¿Î¹,3,urn:cite:phoros:places.109,900
urn:cite:phoros:payrec.186,urn:cts:phoros:stele1.year:front.1.10, Î—ğ…„ ÎºÎ»Î±Î¶Î¿Î¼á½³Î½Î¹Î¿Î¹,3,urn:cite:phoros:places.44,900
urn:cite:phoros:payrec.187,urn:cts:phoros:stele1.year:front.1.11, ğ…„ ÎºÎµÎ´ÏÎ¹á¿†Ï„Î±Î¹,3,urn:cite:phoros:places.64,300
urn:cite:phoros:payrec.188,urn:cts:phoros:stele1.year:front.1.12, Î— á¼°á¾¶Ï„Î±Î¹,3,urn:cite:phoros:places.77,600
urn:cite:phoros:payrec.189,urn:cts:phoros:stele1.year:front.1.13, Î”Î”Î”ğ…‚ğ…‚ğ…‚Î™Î™ á¼€ÏÏ„Î±ÎºÎµÎ½Î¿á½·,3,urn:cite:phoros:places.73,200
urn:cite:phoros:payrec.190,urn:cts:phoros:stele1.year:front.1.14, ğ…„ Î´á½·ÎºÎ±Î¹Î±,3,urn:cite:phoros:places.51,300
urn:cite:phoros:payrec.191,urn:cts:phoros:stele1.year:front.1.15, Ï€Î±Ïâ€™ á¼„ Î²Î´ÎµÏÎ±,3,urn:cite:phoros:places.51,
urn:cite:phoros:payrec.192,urn:cts:phoros:stele1.year:front.1.16, Î—Î— á¼€ÏƒÏ„Ï…Ï€Î±Î»Î±Î¹á¿†Ï‚,3,urn:cite:phoros:places.92,1200
urn:cite:phoros:payrec.193,urn:cts:phoros:stele1.year:front.1.17, Ï„ÎµÎ»Î¼á½µÏƒÏƒÎ¹Î¿Î¹,3,urn:cite:phoros:places.141,
urn:cite:phoros:payrec.194,urn:cts:phoros:stele1.year:front.1.29, ÎºÎ±á½¶ Î»á½»ÎºÎ¹Î¿Î¹,3,urn:cite:phoros:places.142,
urn:cite:phoros:payrec.195,urn:cts:phoros:stele1.year:front.1.30, Î”ğ…ƒğ…‚ Î™Î™Î™Î™ ÎºÎ±ÏÏ…Î±Î½Î´ á¿† Ï‚,3,urn:cite:phoros:places.111,100
urn:cite:phoros:payrec.196,urn:cts:phoros:stele1.year:front.1.31, Î—Î— Î¼Î±Î´Î½Î±Ïƒá¿†Ï‚,3,urn:cite:phoros:places.7,1200
urn:cite:phoros:payrec.197,urn:cts:phoros:stele1.year:front.1.32, Î— Î¹,3,,600
urn:cite:phoros:payrec.198,urn:cts:phoros:stele1.year:front.2.2, Î¿,3,,
urn:cite:phoros:payrec.199,urn:cts:phoros:stele1.year:front.2.3, á½· Î½ÎµÎ¹,3,,
urn:cite:phoros:payrec.200,urn:cts:phoros:stele1.year:front.2.4, ğ……Î—Î— Î— Î¼ÎµÎ½Î´Î±á¿–Î¿Î¹,3,urn:cite:phoros:places.112,4800
urn:cite:phoros:payrec.201,urn:cts:phoros:stele1.year:front.2.5, Î”ğ…ƒ ğ…‚Î™Î™Î™Î™ ÏƒÎºÎ±ÏˆÎ±á¿–Î¿ Î¹,3,urn:cite:phoros:places.113,100
urn:cite:phoros:payrec.202,urn:cts:phoros:stele1.year:front.2.6, Î— ğ…„ Î¼Ï…Îºá½¹Î½Î¹Î¿Î¹,3,urn:cite:phoros:places.114,900
urn:cite:phoros:payrec.203,urn:cts:phoros:stele1.year:front.2.7, ğ…… Î— ÏƒÎºÎ¹Î¿Î½Î±á¿–Î¿ Î¹,3,urn:cite:phoros:places.9,3600
urn:cite:phoros:payrec.204,urn:cts:phoros:stele1.year:front.2.8, ÎºÎ±á½¶ Î¸ÏÎ±Î¼Î² Î±á¿–Î¿Î¹,3,urn:cite:phoros:places.10,
urn:cite:phoros:payrec.205,urn:cts:phoros:stele1.year:front.2.9, Î—,3,,600
urn:cite:phoros:payrec.206,urn:cts:phoros:stele1.year:front.2.10, Î— ğ…„ Î¼Î±ÏÎ¿Î½á¿–Ï„Î± Î¹,3,urn:cite:phoros:places.32,900
urn:cite:phoros:payrec.207,urn:cts:phoros:stele1.year:front.2.11, ğ…… Î— ÏƒÎ±Î¼Î¿Î¸Ïá¾¶Î¹ÎºÎµÏ‚,3,urn:cite:phoros:places.93,4800
urn:cite:phoros:payrec.208,urn:cts:phoros:stele1.year:front.2.12, Î¼ Î¹Î»á½³ ÏƒÎ¹Î¿Î¹,3,urn:cite:phoros:places.117,
urn:cite:phoros:payrec.209,urn:cts:phoros:stele1.year:front.2.28, Î— Î»á½±Ï„Î¼ Î¹Î¿Î¹,3,urn:cite:phoros:places.99,600
urn:cite:phoros:payrec.210,urn:cts:phoros:stele1.year:front.2.29, Î— ğ…„ Î¼Ï…á½³ÏƒÏƒ Î¹Î¿Î¹,3,urn:cite:phoros:places.119,900
urn:cite:phoros:payrec.211,urn:cts:phoros:stele1.year:front.2.30, Î§ğ……Î—Î—Î— Ï‡ÎµÏÏƒ Î¿Î½ÎµÏƒá¿–Ï„Î±Î¹,3,urn:cite:phoros:places.18,1080
urn:cite:phoros:payrec.212,urn:cts:phoros:stele1.year:front.2.31, Î”ğ…ƒğ…‚Î™Î™Î™Î™ Î²ÎµÏá½» ÏƒÎ¹Î¿Î¹,3,urn:cite:phoros:places.75,100
urn:cite:phoros:payrec.213,urn:cts:phoros:stele1.year:front.3.2, á½‘Ï€á½¸ Ï„á¿‡ á¼´Î´ÎµÎ¹,3,urn:cite:phoros:places.75,
urn:cite:phoros:payrec.214,urn:cts:phoros:stele1.year:front.3.3, Î”ğ…ƒğ…‚Î™Î™Î™Î™ á¼Î»Î±á¿¦Ï„Î±Î¹,3,urn:cite:phoros:places.3,100
urn:cite:phoros:payrec.215,urn:cts:phoros:stele1.year:front.3.4, Î—Î—Î— Ï€ÎµÏ€Î±Ïá½³Î¸ Î¹Î¿Î¹,3,urn:cite:phoros:places.22,1800
urn:cite:phoros:payrec.216,urn:cts:phoros:stele1.year:front.3.5, Î”Î”Î”ğ…‚ğ…‚ğ…‚Î™Î™ Î½Îµá½±Î½Î´ÏÎµ Î¹Î±,3,urn:cite:phoros:places.36,200
urn:cite:phoros:payrec.217,urn:cts:phoros:stele1.year:front.3.6, Î— Î¼Ï…ÏÎ¹Î½Î± á¿–Î¿Î¹,3,urn:cite:phoros:places.120,600
urn:cite:phoros:payrec.218,urn:cts:phoros:stele1.year:front.3.7, Î—ğ…„Î”ğ…ƒğ…‚Î™Î™Î™ Î™ á¼€Î»Î¹ÎºÎ±Ï Î½Î±ÏƒÏƒá¿†Ï‚,3,urn:cite:phoros:places.38,1000
urn:cite:phoros:payrec.219,urn:cts:phoros:stele1.year:front.3.8, Î—Î— ÎºÏ…Î»Î»á½±Î½ Î´Î¹Î¿Î¹,3,urn:cite:phoros:places.67,1200
urn:cite:phoros:payrec.220,urn:cts:phoros:stele1.year:front.3.9, Î”Î”Î”ğ…‚ğ…‚ğ…‚Î™Î™ ÎºÏ…Ï Î²Î¹ÏƒÏƒá½¹Ï‚,3,urn:cite:phoros:places.41,200
urn:cite:phoros:payrec.221,urn:cts:phoros:stele1.year:front.3.10, ğ…„,3,,300
urn:cite:phoros:payrec.222,urn:cts:phoros:stele1.year:front.3.11, ğ…ƒğ…‚ğ…‚ğ…‚Î™Î™ Î´Î±ÏƒÎºá½»Î»ÎµÎ¹Î¿Î½,3,urn:cite:phoros:places.79,50
urn:cite:phoros:payrec.223,urn:cts:phoros:stele1.year:front.3.24, á¼Î½ Ï„á¿‡ Ï€ÏÎ¿Ï€Î¿Î½ Ï„á½·Î´Î¹,3,urn:cite:phoros:places.79,
urn:cite:phoros:payrec.224,urn:cts:phoros:stele1.year:front.3.25, Î”Î”Î”ğ…‚ğ…‚ğ…‚Î™Î™ á¼€Î¸á¿†Î½Î±Î¹ Î´Î¹á½±Î´ ÎµÏ‚,3,urn:cite:phoros:places.121,200
urn:cite:phoros:payrec.225,urn:cts:phoros:stele1.year:front.3.26, ğ…„ğ…ƒ Î»Î¹Î½Î´á½·Î¿Î½ Î¿á¼°Î¹ á¾¶Ï„Î±Î¹,3,urn:cite:phoros:places.28,330
urn:cite:phoros:payrec.226,urn:cts:phoros:stele1.year:front.3.28, á¼€Î»Î¿Ï€ÎµÎºÎ¿Î½Î½ á½³ÏƒÏƒÎ¹Î¿Î¹,3,urn:cite:phoros:places.122,
urn:cite:phoros:payrec.227,urn:cts:phoros:stele1.year:front.3.29, ğ…ƒğ…‚ğ…‚ğ…‚Î™Î™ Î±á½Î»Î¹Î±Ï„Î±Î¹ Îºá¾¶ÏÎµ Ï‚,3,urn:cite:phoros:places.76,50
urn:cite:phoros:payrec.228,urn:cts:phoros:stele1.year:front.3.31, Î”ğ…ƒğ…‚Î™Î™Î™Î™ Ï€Îµ ÏÎºá½¹ÏƒÎ¹Î¿Î¹,3,urn:cite:phoros:places.123,100
urn:cite:phoros:payrec.229,urn:cts:phoros:stele1.year:front.4.2, Î§Î—Î— Î±á¼´ Î½Î¹Î¿Î¹,3,urn:cite:phoros:places.5,7200
urn:cite:phoros:payrec.230,urn:cts:phoros:stele1.year:front.4.3, Î—ğ…„ Î½Î¹ Ïƒá½»ÏÎ¹Î¿Î¹,3,urn:cite:phoros:places.124,900
urn:cite:phoros:payrec.231,urn:cts:phoros:stele1.year:front.4.4, ğ…„Î”ğ…ƒğ…‚Î™Î™Î™Î™ Î¼Î± Î¹á½±Î½Î´ÏÎ¹Î¿Î¹,3,urn:cite:phoros:places.31,400
urn:cite:phoros:payrec.232,urn:cts:phoros:stele1.year:front.4.5, Î™ Î¹,3,,
urn:cite:phoros:payrec.233,urn:cts:phoros:stele1.year:front.4.6, ğ…„Î”ğ…ƒ ğ…‚Î™Î™Î™Î™ Î¸á½»ÏƒÏƒÎ¹Î¿Î¹,3,urn:cite:phoros:places.12,400
urn:cite:phoros:payrec.234,urn:cts:phoros:stele1.year:front.4.7, Î—Î— Î— ÎºÎ½á½·Î´Î¹Î¿Î¹,3,urn:cite:phoros:places.125,1800
urn:cite:phoros:payrec.235,urn:cts:phoros:stele1.year:front.4.8, Î—Î—Î— Ï‡ÎµÏÏƒÎ¿Î½á½³ÏƒÎ¹Î¿Î¹,3,urn:cite:phoros:places.18,1800
urn:cite:phoros:payrec.236,urn:cts:phoros:stele1.year:front.4.9, Î”ğ…ƒğ…‚ Î™Î™Î™Î™ Ï€á½»ÏÎ½Î¹Î¿Î¹,3,urn:cite:phoros:places.126,100
urn:cite:phoros:payrec.237,urn:cts:phoros:stele1.year:front.4.10, ğ…ƒğ…‚ğ…‚ ğ…‚Î™Î™ Ï€ÏÎ¹Î±Ï€á¿†Ï‚,3,urn:cite:phoros:places.127,50
urn:cite:phoros:payrec.238,urn:cts:phoros:stele1.year:front.4.11, ğ……Î—Î—Î—Î— ÎºÎ± Î¼ÎµÏá¿†Ï‚,3,urn:cite:phoros:places.20,5400
urn:cite:phoros:payrec.239,urn:cts:phoros:stele1.year:front.4.12, Î§ á¼°Îµ Î»á½»ÏƒÎ¹Î¿Î¹,3,urn:cite:phoros:places.128,6000
urn:cite:phoros:payrec.240,urn:cts:phoros:stele1.year:front.4.13, ğ……Î—Î—Î—Î”Î”Î”Î”ğ…ƒ Î»á½·Î½ Î´Î¹Î¿Î¹,3,urn:cite:phoros:places.133,5070
urn:cite:phoros:payrec.241,urn:cts:phoros:stele1.year:front.4.14, ÏƒÏ„á½¹Î»Î¹ Î¿Î¹,3,urn:cite:phoros:places.58,
urn:cite:phoros:payrec.242,urn:cts:phoros:stele1.year:front.4.15, ÎµÏ‚,3,,
urn:cite:phoros:payrec.243,urn:cts:phoros:stele1.year:front.4.16, Ï€ÏÎ¿ÎºÎ¿Î½ Î½á½³ Ï‚ Î¹Î¿Î¹,3,urn:cite:phoros:places.129,
urn:cite:phoros:payrec.244,urn:cts:phoros:stele1.year:front.4.17, Î¿Î¹,3,,
urn:cite:phoros:payrec.245,urn:cts:phoros:stele1.year:front.4.19, Î¹,3,,
urn:cite:phoros:payrec.246,urn:cts:phoros:stele1.year:front.4.20, Î”Î”Î”Î”ğ…‚Î™Î™Î™Î™ ÎºÎ± ÏƒÎ¿Î» Î±Î²á¿†Ï‚,3,urn:cite:phoros:places.50,250
urn:cite:phoros:payrec.247,urn:cts:phoros:stele1.year:front.4.24, Î”Î” ğ…ƒ Î» ÎµÏˆÎ¹Î¼á½±Î½ Î¹Î¿Î¹,3,urn:cite:phoros:places.83,150
urn:cite:phoros:payrec.248,urn:cts:phoros:stele1.year:front.4.25, Î—Î— Ïƒ Ï€ Î±ÏÏ„á½¹Î»Î¹Î¿Î¹,3,urn:cite:phoros:places.26,1200
urn:cite:phoros:payrec.249,urn:cts:phoros:stele1.year:front.4.26, Î— ÏƒÎºÎ±ÏˆÎ¹Î¿Î¹,3,urn:cite:phoros:places.131,600
urn:cite:phoros:payrec.250,urn:cts:phoros:stele1.year:front.4.27, ğ…ƒğ…‚Î™Î™Î™Î™ á¼€Î¶ÎµÎ¹Î¿á½·,3,urn:cite:phoros:places.132,40
urn:cite:phoros:payrec.251,urn:cts:phoros:stele1.year:front.4.28, Î”Î”Î”Î”ğ…ƒğ…‚ğ…‚ğ…‚ Î²ÎµÏÎ³Î±á¿–Î¿Î¹,3,urn:cite:phoros:places.133,288
urn:cite:phoros:payrec.252,urn:cts:phoros:stele1.year:front.4.29, Î”ğ…ƒğ…‚Î™Î™Î™Î™ Ï„Ï…Ïá½¹Î´Î¹Î¶Î±Î¹,3,urn:cite:phoros:places.134,100
urn:cite:phoros:payrec.253,urn:cts:phoros:stele1.year:front.4.30, Î”Î” ğ…ƒ Ïƒá½»ÏÎ¹Î¿Î¹,3,urn:cite:phoros:places.135,150
urn:cite:phoros:payrec.254,urn:cts:phoros:stele1.year:front.4.31, Î§Î—Î— ÎºÏ…Î¼Î±á¿–Î¿Î¹,3,urn:cite:phoros:places.136,7200
urn:cite:phoros:payrec.255,urn:cts:phoros:stele1.year:front.5.2, Î§ Ï€ÎµÏá½·Î½Î¸Î¹Î¿Î¹,3,urn:cite:phoros:places.137,100
urn:cite:phoros:payrec.256,urn:cts:phoros:stele1.year:front.5.3, Î— Î—Î— Ï†Î¿ÎºÎ±Î¹á¿†Ï‚,3,urn:cite:phoros:places.138,1800
urn:cite:phoros:payrec.257,urn:cts:phoros:stele1.year:front.5.4, Î§ Î§Î§ Î±á¼°Î³Î¹Î½á¿†Ï„Î±Î¹,3,urn:cite:phoros:places.80,18000
urn:cite:phoros:payrec.258,urn:cts:phoros:stele1.year:front.5.5, ğ…„ Î¸ÎµÏÎ¼Î±á¿–Î¿Î¹,3,urn:cite:phoros:places.8,50
urn:cite:phoros:payrec.259,urn:cts:phoros:stele1.year:front.5.6, á¼Î½ á¼°Îºá½±ÏÎ¿Î¹,3,urn:cite:phoros:places.8,
urn:cite:phoros:payrec.260,urn:cts:phoros:stele1.year:front.5.7, Î”ğ…ƒğ…‚Î™Î™Î™Î™ Î½Î±Î¾Î¹á¾¶Ï„Î±Î¹,3,urn:cite:phoros:places.6,100
urn:cite:phoros:payrec.261,urn:cts:phoros:stele1.year:front.5.8, Î— Î—ğ…„ Ï„ÎµÏÎ¼ÎµÏá¿†Ï‚,3,urn:cite:phoros:places.48,1500
urn:cite:phoros:payrec.262,urn:cts:phoros:stele1.year:front.5.9, Î—Î—Î— ÎºÎ¿Î»Î¿Ï†Î¿Î½á¿–Ï„Î±Î¹,3,urn:cite:phoros:places.23,1800
urn:cite:phoros:payrec.263,urn:cts:phoros:stele1.year:front.5.10, Î”Î”Î”ğ…‚ğ…‚ğ…‚Î™Î™ Î½ Î¿Ï„Î¹á¿†Ï‚,3,urn:cite:phoros:places.24,100
urn:cite:phoros:payrec.264,urn:cts:phoros:stele1.year:front.5.11, Î— ÏƒÎ±Î¼Î²Î±ÎºÏ„á½»Ï‚,3,urn:cite:phoros:places.17,600
urn:cite:phoros:payrec.265,urn:cts:phoros:stele1.year:front.5.12, ğ……Î—Î— ğ…„ á¼ Ï† á½³ÏƒÎ¹Î¿Î¹,3,urn:cite:phoros:places.4,4500
urn:cite:phoros:payrec.266,urn:cts:phoros:stele1.year:front.5.13, Î”ğ…ƒğ…‚Î™Î™Î™Î™ ÎºÎ±ÏÎ²Î±ÏƒÏ…Î±Î½Î´á¿†Ï‚,3,urn:cite:phoros:places.46,100
urn:cite:phoros:payrec.267,urn:cts:phoros:stele1.year:front.5.14, ğ…„ ÎºÎ± á½» Î½Î¹Î¿Î¹,3,urn:cite:phoros:places.110,300
urn:cite:phoros:payrec.268,urn:cts:phoros:stele1.year:front.5.15, Î”Î”Î”ğ…‚ğ…‚ğ…‚Î™Î™ ÎºÏÏ… á¿†Ï‚,3,urn:cite:phoros:places.21,200
urn:cite:phoros:payrec.269,urn:cts:phoros:stele1.year:front.5.16, Î§ğ…… á¼Î² Î´Îµ Ïá¿–Ï„Î±Î¹,3,urn:cite:phoros:places.52,9000
urn:cite:phoros:payrec.270,urn:cts:phoros:stele1.year:front.5.17, ğ…ƒğ…‚ğ…‚ğ…‚Î™Î™ Î¼á½»Î½ Î´Î¹Î¿Î¹,3,urn:cite:phoros:places.96,50
urn:cite:phoros:payrec.271,urn:cts:phoros:stele1.year:front.5.18, ğ……Î—Î—ğ…„Î™ Ï‡Î±Î» Ï‡ÎµÎ´á½¹ Î½Î¹Î¿Î¹,3,urn:cite:phoros:places.115,4501
urn:cite:phoros:payrec.272,urn:cts:phoros:stele1.year:front.5.19, Î—Î—Î— Î¸á½±Ïƒ Î¹Î¿Î¹,3,urn:cite:phoros:places.61,1800
urn:cite:phoros:payrec.273,urn:cts:phoros:stele1.year:front.5.20, Î”ğ…ƒğ…‚Î™Î™Î™Î™ Ï€Î±Î¹ ÏƒÎµÎ½ Î¿á½·,3,urn:cite:phoros:places.116,100
urn:cite:phoros:payrec.274,urn:cts:phoros:stele1.year:front.5.21, ğ…„Î” Î”Î  Î³Î± ÏÎ³Î±Ïá¿† Ï‚,3,urn:cite:phoros:places.118,450
urn:cite:phoros:payrec.275,urn:cts:phoros:stele1.year:front.5.22, Î—Î— Î—Î— Ïƒá½· Î½Î³Î¹Î¿Î¹,3,urn:cite:phoros:places.60,2400
urn:cite:phoros:payrec.276,urn:cts:phoros:stele1.year:front.5.23, ğ…„ Ï€,3,,
urn:cite:phoros:payrec.277,urn:cts:phoros:stele1.year:front.5.24, Î—Î—Î— Î±á¼°Î½ Î¹á¾¶Ï„Î±Î¹,3,urn:cite:phoros:places.5,1800
urn:cite:phoros:payrec.278,urn:cts:phoros:stele1.year:front.5.25, Î”ğ…ƒğ…‚Î™Î™Î™Î™ Ï€Î¹ Ï„Î±Î½Î±á¿–Î¿Î¹,3,urn:cite:phoros:places.11,100
urn:cite:phoros:payrec.279,urn:cts:phoros:stele1.year:front.5.26, Î”ğ…ƒğ…‚Î™Î™Î™Î™ Î³Ï Ï…Î½Îµá¿–Î·Ï‚,3,urn:cite:phoros:places.97,100
urn:cite:phoros:payrec.280,urn:cts:phoros:stele1.year:front.5.27, Î”ğ…ƒğ…‚Î™Î™Î™Î™ Î´Î±Ï… Î½Î¹Î¿Ï„ÎµÎ¹Ï‡á¿–Ï„Î±Î¹,3,urn:cite:phoros:places.130,100
urn:cite:phoros:payrec.281,urn:cts:phoros:stele1.year:front.5.28, Î§ ğ…… Î²Ï… Î¶ á½±Î½Ï„Î¹Î¿Î¹,3,urn:cite:phoros:places.139,9000
urn:cite:phoros:payrec.282,urn:cts:phoros:stele1.year:front.5.29, ÎºÏ… Î¶ Î¹ÎºÎµÎ½Î¿á½·,3,urn:cite:phoros:places.140,
urn:cite:phoros:payrec.283,urn:cts:phoros:stele1.year:front.5.30, Ï€Îµ Î»Îµá¿–Î±Ï„Î±Î¹,3,urn:cite:phoros:places.98,
urn:cite:phoros:payrec.284,urn:cts:phoros:stele1.year:, ğ……Î— Ï† Î±ÏƒÎ·Î»á¿–Ï„Î±Î¹,4,urn:cite:phoros:places.47,3600
urn:cite:phoros:payrec.285,urn:cts:phoros:stele1.year:front.1.2, ğ……Î— Ïƒ ÎºÎ¹Ï‰Î½ Î±á¿– Î¿ Î¹,4,urn:cite:phoros:places.9,3600
urn:cite:phoros:payrec.286,urn:cts:phoros:stele1.year:front.1.3, ÎºÎ±á½¶ Î¸ ÏÎ± Î¼ Î²Î±á¿–Î¿Î¹,4,urn:cite:phoros:places.10,
urn:cite:phoros:payrec.287,urn:cts:phoros:stele1.year:front.1.4, Î—Î—Î— á¼€Ï†Ï…Ï„ Î±á¿– Î¿Î¹,4,urn:cite:phoros:places.105,1800
urn:cite:phoros:payrec.288,urn:cts:phoros:stele1.year:front.1.5, ğ…„ Î±á¼°Î³á½±Î½Ï„ Î¹Î¿Î¹,4,urn:cite:phoros:places.143,300
urn:cite:phoros:payrec.289,urn:cts:phoros:stele1.year:front.1.6, ğ……Î—Î—Î— Î¼ÎµÎ½Î´Î±á¿–Î¿ Î¹,4,urn:cite:phoros:places.112,4800
urn:cite:phoros:payrec.290,urn:cts:phoros:stele1.year:front.1.7, Î”ğ…ƒğ…‚Î™Î™Î™Î™ ÏƒÎº Î± ÏˆÎ±á¿– Î¿ Î¹,4,urn:cite:phoros:places.131,100
urn:cite:phoros:payrec.291,urn:cts:phoros:stele1.year:front.1.8, ğ…„ Î½ ÎµÎ¿Ï€Î¿Î»á¿– Ï„Î± Î¹,4,urn:cite:phoros:places.144,300
urn:cite:phoros:payrec.292,urn:cts:phoros:stele1.year:front.1.9, á¼Îº Ï€Î±Î»Î»á½³Î½ ÎµÏ‚,4,urn:cite:phoros:places.144,
urn:cite:phoros:payrec.293,urn:cts:phoros:stele1.year:front.1.10, Î—ğ…„ Î¼Ï… Îº á½¹Î½ Î¹ Î¿Î¹,4,urn:cite:phoros:places.114,900
urn:cite:phoros:payrec.294,urn:cts:phoros:stele1.year:front.1.11, Î”Î”Î”Î”ğ…‚Î™Î™Î™Î™ Îº Î±Ïƒ Î¿Î»Î± Î²á¿†Ï‚,4,urn:cite:phoros:places.50,250
urn:cite:phoros:payrec.295,urn:cts:phoros:stele1.year:front.1.12, Î”Î”ğ…ƒ Î»Îµ Ïˆ Î¹Î¼á½±Î½ Î¹Î¿Î¹,4,urn:cite:phoros:places.83,150
urn:cite:phoros:payrec.296,urn:cts:phoros:stele1.year:front.1.13, ğ…„ ÎºÎµÎ´ÏÎ¹á¿†Ï„Î± Î¹,4,urn:cite:phoros:places.64,300
urn:cite:phoros:payrec.297,urn:cts:phoros:stele1.year:front.1.14, Î—Î—Î— ÎºÎ½á½·Î´Î¹Î¿Î¹,4,urn:cite:phoros:places.125,1800
urn:cite:phoros:payrec.298,urn:cts:phoros:stele1.year:front.1.15, Î—Î—Î— Ï‡ÎµÏÏ Î¿ Î½ Î·Ïƒá¿–Ï„Î±Î¹,4,urn:cite:phoros:places.18,1800
urn:cite:phoros:payrec.299,urn:cts:phoros:stele1.year:front.1.16, Î”ğ…ƒ Î™Î™Î™Î™ Ï€ á½»ÏÎ½ Î¹Î¿Î¹,4,urn:cite:phoros:places.126,100
urn:cite:phoros:payrec.300,urn:cts:phoros:stele1.year:front.1.17, ğ…„ ÎºÎ±á½»Î½ Î¹Î¿ Î¹,4,urn:cite:phoros:places.110,300
urn:cite:phoros:payrec.301,urn:cts:phoros:stele1.year:front.1.18, Î§ Î—Î— á¼„ Î½Î´Ï Î¹Î¿ Î¹,4,urn:cite:phoros:places.145,7200
urn:cite:phoros:payrec.302,urn:cts:phoros:stele1.year:front.1.19, Î—Î— ÏƒÎµÏá½·Ï†Î¹Î¿Î¹,4,urn:cite:phoros:places.146,1200
urn:cite:phoros:payrec.303,urn:cts:phoros:stele1.year:front.1.20, Î—Î—Î”Î”ğ…ƒ ÎºÎ¿Ïá½³ÏƒÎ¹Î¿Î¹,4,urn:cite:phoros:places.147,1350
urn:cite:phoros:payrec.304,urn:cts:phoros:stele1.year:front.1.21, Î”ğ…ƒğ…‚Î™Î™Î™Î™ á¿¥ÎµÎ½Î±Î¹á¿†Ï‚,4,urn:cite:phoros:places.148,100
urn:cite:phoros:payrec.305,urn:cts:phoros:stele1.year:front.1.22, ğ……Î—Î—ğ…„ ÎºÎ±Ïá½»ÏƒÏ„Î¹Î¿Î¹,4,urn:cite:phoros:places.149,4500
urn:cite:phoros:payrec.306,urn:cts:phoros:stele1.year:front.1.23, Î”ğ…ƒğ…‚Î™Î™Î™Î™ Î³ÏÏ…Î½Ï‡á¿†Ï‚,4,urn:cite:phoros:places.150,100
urn:cite:phoros:payrec.307,urn:cts:phoros:stele1.year:front.1.24, ğ…„ Î´á½·ÎºÎ± Î¹Î±,4,urn:cite:phoros:places.51,300
urn:cite:phoros:payrec.308,urn:cts:phoros:stele1.year:front.1.25, Î”Î”Î”ğ…‚ğ…‚ğ…‚Î™Î™ á½€Î»Î¿ Ï†á½»Î¾Î¹Î¿Î¹,4,urn:cite:phoros:places.15,200
urn:cite:phoros:payrec.309,urn:cts:phoros:stele1.year:front.1.26, Î— Î´Î¹á¿†Ï‚,4,urn:cite:phoros:places.16,600
urn:cite:phoros:payrec.310,urn:cts:phoros:stele1.year:front.1.27, Î”ğ…ƒğ…‚Î™Î™Î™Î™ Î´Î¹á¿†Ï‚,4,urn:cite:phoros:places.16,100
urn:cite:phoros:payrec.311,urn:cts:phoros:stele1.year:front.1.28, Î”ğ…ƒğ…‚Î™Î™Î™Î™ Îº Î¿ Î´Î±Ï€ á¿†Ï‚,4,urn:cite:phoros:places.90,100
urn:cite:phoros:payrec.312,urn:cts:phoros:stele1.year:front.1.29, Î— Î— Ï€Îµ Î´Î±Ïƒá¿†Ï‚,4,urn:cite:phoros:places.100,1200
urn:cite:phoros:payrec.313,urn:cts:phoros:stele1.year:front.1.30, Î— ğ…„Î”ğ…ƒğ…‚ Î™Î™Î™Î™ á¼Î»Î¹ÎºÎ±ÏÎ½á½±ÏƒÎ¹Î¿Î¹,4,urn:cite:phoros:places.38,1000
urn:cite:phoros:payrec.314,urn:cts:phoros:stele1.year:front.1.31, Î—Î— ÎºÏ…Î»Î»á½±Î½Ï„ Î¹Î¿Î¹,4,urn:cite:phoros:places.67,1200
urn:cite:phoros:payrec.315,urn:cts:phoros:stele1.year:front.1.32, Î”Î”Î” ğ…‚ ğ…‚ğ…‚Î™Î™ ÎºÏ…ÏÎ² Î¹ÏƒÏƒá¿†Ï‚,4,urn:cite:phoros:places.41,200
urn:cite:phoros:payrec.316,urn:cts:phoros:stele1.year:front.1.33, ğ…„ Î¸ÎµÏÎ¼ Î±á¿–Î¿Î¹,4,urn:cite:phoros:places.8,300
urn:cite:phoros:payrec.317,urn:cts:phoros:stele1.year:front.2.2, á¼ Î¾ á¼°Îº á½±ÏÎ¿,4,urn:cite:phoros:places.8,
urn:cite:phoros:payrec.318,urn:cts:phoros:stele1.year:front.2.3, Î”ğ…ƒğ…‚Î™Î™Î™Î™ ÎºÎ±Ï Î²Î±ÏƒÏ…Î±Î½ Î´ á¿†Ïƒ,4,urn:cite:phoros:places.46,100
urn:cite:phoros:payrec.319,urn:cts:phoros:stele1.year:front.2.4, Î”Î”Î”ğ…‚ğ…‚ğ…‚Î™Î™ ÎºÏ Ï…á¿†Ï‚,4,urn:cite:phoros:places.21,200
urn:cite:phoros:payrec.320,urn:cts:phoros:stele1.year:front.2.5, ğ…ƒğ…‚ğ…‚ğ…‚Î™Î™ Î±á½ Î»Îµá¾¶ Ï„Î±Î¹,4,urn:cite:phoros:places.76,50
urn:cite:phoros:payrec.321,urn:cts:phoros:stele1.year:front.2.6, Î—ğ…„ Îº Î»Î±Î¶ Î¿Î¼á½³ Î½ Î¹Î¿ Î¹,4,urn:cite:phoros:places.44,900
urn:cite:phoros:payrec.322,urn:cts:phoros:stele1.year:front.2.7, Î”ğ…ƒğ…‚Î™Î™Î™Î™ Ï€Î± ÏÏ€Î±ÏÎ¹á¿¶Ï„ Î±Î¹,4,urn:cite:phoros:places.151,100
urn:cite:phoros:payrec.323,urn:cts:phoros:stele1.year:front.2.8, Î—Î”Î”Î”ğ…‚ ğ…‚ ğ…‚Î™Î™ Î¿á¼°Î½ Î±á¿–Î¿Î¹,4,urn:cite:phoros:places.34,800
urn:cite:phoros:payrec.324,urn:cts:phoros:stele1.year:front.2.9, á¼Î¾ á¼°Îº á½±ÏÎ¿,4,urn:cite:phoros:places.34,
urn:cite:phoros:payrec.325,urn:cts:phoros:stele1.year:front.2.10, Î— Î—ğ…„ Ï„Îµ ÏÎ¼ ÎµÏá¿†Ï‚,4,urn:cite:phoros:places.48,1500
urn:cite:phoros:payrec.326,urn:cts:phoros:stele1.year:front.2.11, ğ……Î— Ï„á½³ Î¹Î¿Î¹,4,urn:cite:phoros:places.152,3600
urn:cite:phoros:payrec.327,urn:cts:phoros:stele1.year:front.2.12, Î—Î—Î— Ï†Î¿ÎºÎ±Î¹ á¿†Ï‚,4,urn:cite:phoros:places.148,1800
urn:cite:phoros:payrec.328,urn:cts:phoros:stele1.year:front.2.13, ğ…ƒ ğ…‚ğ…‚ğ…‚Î™Î™ Ï€Î±Î» Î±Î¹Ï€ÎµÏÎºá½¹ÏƒÎ¹Î¿Î¹,4,urn:cite:phoros:places.153,100
urn:cite:phoros:payrec.329,urn:cts:phoros:stele1.year:front.2.14, ğ……Î—Î—Î—Î— ÎºÎ±Î¼ ÎµÏá¿†Ï‚,4,urn:cite:phoros:places.20,5400
urn:cite:phoros:payrec.330,urn:cts:phoros:stele1.year:front.2.15, Î— Î»á½±Ï„Î¼Î¹Î¿Î¹,4,urn:cite:phoros:places.99,600
urn:cite:phoros:payrec.331,urn:cts:phoros:stele1.year:front.2.16, Î—Î—Î—Î— Ïƒá½·Î½Î³Î¹Î¿Î¹,4,urn:cite:phoros:places.60,2400
urn:cite:phoros:payrec.332,urn:cts:phoros:stele1.year:front.2.26, Î— ğ…„ Î¼ Î±ÏÎ¿Î½á¿–Ï„Î±Î¹,4,urn:cite:phoros:places.32,300
urn:cite:phoros:payrec.333,urn:cts:phoros:stele1.year:front.2.27, ğ……ğ…„Î”Î”Î”Î”ğ…‚Î™Î™Î™Î™ Ïƒ ÎµÏÎ¼Ï…Î»Î¹á¿†Ï‚,4,urn:cite:phoros:places.56,3550
urn:cite:phoros:payrec.334,urn:cts:phoros:stele1.year:front.2.28, ğ…„Î”ğ…ƒğ…‚Î™Î™Î™Î™ Î¸á½» ÏƒÎ¹Î¿Î¹,4,urn:cite:phoros:places.12,400
urn:cite:phoros:payrec.335,urn:cts:phoros:stele1.year:front.2.29, Î§Î—Î— ÎºÏ… Î¼Î±á¿–Î¿Î¹,4,urn:cite:phoros:places.136,7200
urn:cite:phoros:payrec.336,urn:cts:phoros:stele1.year:front.2.30, Î—ğ…„ ÎºÎ±Î» á½» Î´ Î½Î¹Î¿Î¹,4,urn:cite:phoros:places.109,900
urn:cite:phoros:payrec.337,urn:cts:phoros:stele1.year:front.2.31, Î—Î—Î— Î»Îµ Î² á½³Î´ Î¹Î¿Î¹,4,urn:cite:phoros:places.174,1800
urn:cite:phoros:payrec.338,urn:cts:phoros:stele1.year:front.2.32, Î”ğ…ƒğ…‚Î™Î™Î™Î™ Ï€Î¿Î»Î¹ Ï‡ Î½Î±á¿–Î¿Î¹ Îºá¾¶ÏÎµÏ‚,4,urn:cite:phoros:places.154,100
urn:cite:phoros:payrec.339,urn:cts:phoros:stele1.year:front.2.33, Î”ğ…ƒğ…‚Î™Î™Î™Î™,4,,100
urn:cite:phoros:payrec.340,urn:cts:phoros:stele1.year:front.3.21, Î” Î”Î”Î” á¼€Ïƒ ÏƒÎ·Ïá¿–Ï„Î±Î¹,4,urn:cite:phoros:places.55,2400
urn:cite:phoros:payrec.341,urn:cts:phoros:stele1.year:front.3.22, ğ…„ Ï€ Î± Ïƒ Î±Î½Î´á¿†Ï‚,4,urn:cite:phoros:places.155,300
urn:cite:phoros:payrec.342,urn:cts:phoros:stele1.year:front.3.23, Î”ğ…ƒğ…‚ Î™Î™Î™Î™ Ï€Î¹Ï„ Î±Î½Î±á¿–Î¿Î¹,4,urn:cite:phoros:places.11,100
urn:cite:phoros:payrec.343,urn:cts:phoros:stele1.year:front.3.24, Î”ğ…ƒğ…‚ Î™Î™Î™Î™ Î²Î±ÏÎ³ Ï… Î» Î¹á¿†Ï‚,4,urn:cite:phoros:places.103,100
urn:cite:phoros:payrec.344,urn:cts:phoros:stele1.year:front.3.25, ğ…ƒğ…‚ğ…‚ ğ…‚Î™Î™ Î¼ á½»Î½Î´ Î¹Î¿ Î¹,4,urn:cite:phoros:places.96,50
urn:cite:phoros:payrec.345,urn:cts:phoros:stele1.year:front.3.26, ğ…… Î— ÏƒÎ±Î¼ Î¿Î¸Ïá¾·Îº Ï‚,4,urn:cite:phoros:places.93,3600
urn:cite:phoros:payrec.346,urn:cts:phoros:stele1.year:front.3.27, ÏƒÏ„á½½Î» Î¹Î¿Î¹,4,urn:cite:phoros:places.58,
urn:cite:phoros:payrec.347,urn:cts:phoros:stele1.year:front.3.28, Î”Î”ğ…ƒğ…‚Î™Î™Î™Î™ Ï†Î·Î³á½µ Ï„Î¹Î¿Î¹,4,urn:cite:phoros:places.156,160
urn:cite:phoros:payrec.348,urn:cts:phoros:stele1.year:front.3.29, ÎŸÎ›,4,,
urn:cite:phoros:payrec.349,urn:cts:phoros:stele1.year:front.3.30, Î”Î”ğ…ƒ á¼´ÎºÎ¹Î¿Î¹,4,urn:cite:phoros:places.157,150
urn:cite:phoros:payrec.350,urn:cts:phoros:stele1.year:front.4.2, Î—Î—Î— Ï€ÎµÏ€Î±Ïá½µ Î¸Î¹Î¿Î¹,4,urn:cite:phoros:places.22,1800
urn:cite:phoros:payrec.351,urn:cts:phoros:stele1.year:front.4.3, Î—Î—Î— Î¸á½±ÏƒÎ¹Î¿Î¹,4,urn:cite:phoros:places.61,1800
urn:cite:phoros:payrec.352,urn:cts:phoros:stele1.year:front.4.4, Î§Î—Î— Î»Î±Î¼ÏˆÎ± Îº Î·Î½Î¿á½·,4,urn:cite:phoros:places.95,7200
urn:cite:phoros:payrec.353,urn:cts:phoros:stele1.year:front.4.5, Î”Î”Î”ğ…‚ğ…‚ğ…‚Î™Î™ Î½Î¿Ï„Î¹á¿†Ï‚,4,urn:cite:phoros:places.24,200
urn:cite:phoros:payrec.354,urn:cts:phoros:stele1.year:front.4.6, Î”ğ…ƒğ…‚Î™Î™Î™Î™ á¼Î» Î± á¿¦Ï„ Î±Î¹,4,urn:cite:phoros:places.3,100
urn:cite:phoros:payrec.355,urn:cts:phoros:stele1.year:front.4.7, Î”ğ…ƒğ…‚Î™Î™Î™Î™ Ï€Î±Î¹ÏƒÎ· Î½ Î¿ á½·,4,urn:cite:phoros:places.116,100
urn:cite:phoros:payrec.356,urn:cts:phoros:stele1.year:front.4.8, Î” ğ…ƒğ…‚Î™Î™Î™Î™ Ï€ÎµÏÎºá½½ÏƒÎ¹Î¿ Î¹,4,urn:cite:phoros:places.123,100
urn:cite:phoros:payrec.357,urn:cts:phoros:stele1.year:front.4.9, Î— ğ…„ Î´Î±ÏÎ´Î±Î½á¿† Ï‚,4,urn:cite:phoros:places.158,900
urn:cite:phoros:payrec.358,urn:cts:phoros:stele1.year:front.4.10, Î—Î—Î— Îº Î¿Î»Î¿Ï†á½½Î½ Î¹Î¿Î¹,4,urn:cite:phoros:places.23,1800
urn:cite:phoros:payrec.359,urn:cts:phoros:stele1.year:front.4.11, Î—Î—Î— Î± á¼´Î½ Î¹Î±Ï„Î± Î¹,4,urn:cite:phoros:places.5,1800
urn:cite:phoros:payrec.360,urn:cts:phoros:stele1.year:front.4.12, Î”ğ…ƒğ…‚Î™Î™Î™Î™ Î½Î± Î¾Î¹á¾¶Ï„Î±Î¹,4,urn:cite:phoros:places.6,100
urn:cite:phoros:payrec.361,urn:cts:phoros:stele1.year:front.4.13, ğ……Î— ÏƒÎµ Î» Ï…Î½ Î²ÏÎ¹Î±Î½Î¿á½·,4,urn:cite:phoros:places.159,3600
urn:cite:phoros:payrec.362,urn:cts:phoros:stele1.year:front.4.14, ğ…… Îº á¿·Î¿Î¹,4,urn:cite:phoros:places.160,3000
urn:cite:phoros:payrec.363,urn:cts:phoros:stele1.year:front.4.15, Î—Î— á½€Î»á½»Î½Î¸ Î¹Î¿Î¹,4,urn:cite:phoros:places.53,1200
urn:cite:phoros:payrec.364,urn:cts:phoros:stele1.year:front.4.16, ğ…„ ÏƒÎºÎ± Î²Î» Î± á¿–Î¿ Î¹,4,urn:cite:phoros:places.54,300
urn:cite:phoros:payrec.365,urn:cts:phoros:stele1.year:front.4.17, Î— ÏƒÏ„Ï Îµ Ïˆ Î± á¿–Î¿ Î¹,4,urn:cite:phoros:places.39,600
urn:cite:phoros:payrec.366,urn:cts:phoros:stele1.year:front.4.18, Î”Î” á½‘ Î¼ Î¹ÏƒÏƒá¿†Ï‚,4,urn:cite:phoros:places.161,120
urn:cite:phoros:payrec.367,urn:cts:phoros:stele1.year:front.4.19, Ï€Î± ÎºÏ„ á½» Î·Ï‚,4,urn:cite:phoros:places.86,
urn:cite:phoros:payrec.368,urn:cts:phoros:stele1.year:front.4.20, Î— á¼¤ÏƒÏƒ Î¹Î¿ Î¹,4,urn:cite:phoros:places.35,600
urn:cite:phoros:payrec.369,urn:cts:phoros:stele1.year:front.4.21, Î”Î”Î”ğ…‚ğ…‚ğ…‚Î™Î™ Î½Îµá½± Î½Î´ ÏÎµÎ¹Î±,4,urn:cite:phoros:places.36,200
urn:cite:phoros:payrec.370,urn:cts:phoros:stele1.year:front.4.22, Î”ğ…ƒğ…‚Î™Î™Î™Î™ Î»Î±Î¼ Ï€ á½½ Î½ Î·Ï‚,4,urn:cite:phoros:places.37,100
urn:cite:phoros:payrec.371,urn:cts:phoros:stele1.year:front.4.23, Î²ÎµÏ Î³Î± á¿–Î¿Î¹,4,urn:cite:phoros:places.133,
urn:cite:phoros:payrec.372,urn:cts:phoros:stele1.year:front.4.24, á¼€Î²Ï… Î´ Î·Î½ Î¿á½·,4,urn:cite:phoros:places.19,
urn:cite:phoros:payrec.373,urn:cts:phoros:stele1.year:front.4.25, Î— ğ…„ ÎºÎµÏ á½±Î¼ Î·Ï‚,4,urn:cite:phoros:places.65,900
urn:cite:phoros:payrec.374,urn:cts:phoros:stele1.year:front.4.26, Î”Î”ğ…ƒ Î± á¼°Ïƒ Ï‰Î½,4,urn:cite:phoros:places.162,150
urn:cite:phoros:payrec.375,urn:cts:phoros:stele1.year:front.4.27, Î”ğ…ƒğ…‚Î™Î™Î™Î™ Î½ Î±Ï Î¹Ïƒ Î²Î±Ïá¿†Ï‚,4,urn:cite:phoros:places.70,100
urn:cite:phoros:payrec.376,urn:cts:phoros:stele1.year:front.4.28, ğ…ƒğ…‚ğ…‚ğ…‚Î™Î™ Î¸ Î±Ïƒ Î¸Î±Ï á¿†Ï‚,4,urn:cite:phoros:places.163,50
urn:cite:phoros:payrec.377,urn:cts:phoros:stele1.year:front.4.29, Î— Î¼Ï…Ï Î¹Î½Î±á¿–Î¿Î¹,4,urn:cite:phoros:places.120,600
urn:cite:phoros:payrec.378,urn:cts:phoros:stele1.year:front.4.30, Î”ğ…ƒğ…‚Î™Î™Î™Î™,4,,100
urn:cite:phoros:payrec.379,urn:cts:phoros:stele1.year:front.4.31, ğ…ƒğ…‚Î™Î™Î™Î™ á¼€Î¶ÎµÎ¹Î¿á½·,4,urn:cite:phoros:places.132,40
urn:cite:phoros:payrec.380,urn:cts:phoros:stele1.year:front.4.32, Î§ á¼°Î·Î»á½»ÏƒÎ¹Î¿Î¹,4,urn:cite:phoros:places.128,6000
urn:cite:phoros:payrec.381,urn:cts:phoros:stele1.year:front.5.2, Î—Î— Ïƒ Ï€Î±ÏÏ„á½½Î»Î¹Î¿Î¹,4,urn:cite:phoros:places.26,1200
urn:cite:phoros:payrec.382,urn:cts:phoros:stele1.year:front.5.3, ğ…„ Î¹,4,,300
urn:cite:phoros:payrec.383,urn:cts:phoros:stele1.year:front.5.4, ğ…ƒğ…‚ğ…‚ğ…‚Î™Î™,4,,50
urn:cite:phoros:payrec.384,urn:cts:phoros:stele1.year:front.5.5, ğ…ƒğ…‚ğ…‚ğ…‚Î™ Î™,4,,50
urn:cite:phoros:payrec.385,urn:cts:phoros:stele1.year:front.5.6, Ïƒ Î»,4,,
urn:cite:phoros:payrec.386,urn:cts:phoros:stele1.year:front.5.20, Î— Î” á¼€Î» Î¹Î½Î´á¿†Ï‚,4,urn:cite:phoros:places.165,
urn:cite:phoros:payrec.387,urn:cts:phoros:stele1.year:front.5.21, Î—Î” Î” Îº Îµá¿–Î¿ Î¹,4,urn:cite:phoros:places.166,
urn:cite:phoros:payrec.388,urn:cts:phoros:stele1.year:front.5.22, Î”ğ…ƒğ…‚ Î™Î™Î™Î™ Ïƒ ÏƒÏ…Ï Î™ ,4,,100
urn:cite:phoros:payrec.389,urn:cts:phoros:stele1.year:front.5.23, Î”Î”Î”ğ…‚ğ…‚ ğ…‚Î™Î™ Ï‡ Î± Î»ÎºÎ·Ï„ Î¿Ïá¿†Ï‚,4,urn:cite:phoros:places.167,200
urn:cite:phoros:payrec.390,urn:cts:phoros:stele1.year:front.5.24, ğ…ƒğ…‚Î™Î™Î™Î™ ÎºÏ… Î´Î±Î¹ á¿†Ï‚,4,urn:cite:phoros:places.168,40
urn:cite:phoros:payrec.391,urn:cts:phoros:stele1.year:front.5.25, Î”ğ…ƒğ…‚ğ…‚Î™Î™Î™Î™ á½‘ Î²Î»Î¹Ïƒ Îµ,4,urn:cite:phoros:places.169,106
urn:cite:phoros:payrec.392,urn:cts:phoros:stele1.year:front.5.26, ğ…ƒğ…‚ğ…‚ğ…‚Î™Î™ Î¿á½ Ï Î± Î½Î¹á¿†Ï„Î±Î¹,4,urn:cite:phoros:places.87,50
urn:cite:phoros:payrec.393,urn:cts:phoros:stele1.year:front.5.27, Î”ğ…ƒğ…‚Î™Î™Î™Î™ ÎºÎ¹ Î» Î»Î±Ï á¿† Ï‚,4,urn:cite:phoros:places.170,100
urn:cite:phoros:payrec.394,urn:cts:phoros:stele1.year:front.5.28, Î”ğ…ƒğ…‚Î™Î™Î™Î™ Î¸á½»Î´ Î¿Î½Î¿Ï‚,4,urn:cite:phoros:places.171,100
urn:cite:phoros:payrec.395,urn:cts:phoros:stele1.year:front.5.29, Î”Î” ğ…ƒ Ïƒá½·Î»Î¿ Î¹,4,urn:cite:phoros:places.172,150
urn:cite:phoros:payrec.396,urn:cts:phoros:stele1.year:front.5.30, Î— Ï„ Î·Î»á½±Î½ Î´ÏÎ¹Î¿Î¹,4,urn:cite:phoros:places.173,600
urn:cite:phoros:payrec.397,urn:cts:phoros:stele1.year:front.5.31, Ï„ÎµÎ»Î¼á½µÏƒ ÏƒÎ¹Î¿Î¹,4,urn:cite:phoros:places.141,
urn:cite:phoros:payrec.398,urn:cts:phoros:stele1.year:front.5.32, ÎºÎ±á½¶ Î»á½»ÎºÎ¹Î¿Î¹,4,urn:cite:phoros:places. 142,
urn:cite:phoros:payrec.399,urn:cts:phoros:stele1.year:, Î—Î—Î— Ï‡ÎµÏÏ Î¿ Î½á½µÏƒÎ¹Î¿ Î¹,5,urn:cite:phoros:places.164,1800
urn:cite:phoros:payrec.400,urn:cts:phoros:stele1.year:front.1.2, Î”ğ…ƒğ…‚Î™Î™Î™Î™ Ï€á½»ÏÎ½ Î¹ Î¿Î¹,5,urn:cite:phoros:places.126,100
urn:cite:phoros:payrec.401,urn:cts:phoros:stele1.year:front.1.3, ğ…… ÎºÎ½á½·Î´ Î¹ Î¿Î¹,5,urn:cite:phoros:places.125,3000
urn:cite:phoros:payrec.402,urn:cts:phoros:stele1.year:front.1.4, Î”ğ…ƒğ…‚Î™Î™Î™Î™ ÎºÎ±ÏÎ²Î±ÏƒÏ…Î± Î½Î´á¿†Ï‚,5,urn:cite:phoros:places.46,100
urn:cite:phoros:payrec.403,urn:cts:phoros:stele1.year:front.1.5, Î”Î”Î”ğ…‚ğ…‚ğ…‚Î™Î™ ÎºÏÏ…á¿†Ï‚,5,urn:cite:phoros:places.21,200
urn:cite:phoros:payrec.404,urn:cts:phoros:stele1.year:front.1.6, Î—Î—Î—ğ…„ğ…ƒğ…‚ Îºá¿·Î¿Î¹,5,urn:cite:phoros:places.160,2136
urn:cite:phoros:payrec.405,urn:cts:phoros:stele1.year:front.1.7, ğ…„ Ï€Î±ÏƒÎ± Î½ Î´á¿†Ï‚,5,urn:cite:phoros:places.155,300
urn:cite:phoros:payrec.406,urn:cts:phoros:stele1.year:front.1.8, ğ…ƒğ…‚ğ…‚ğ…‚Î™Î™ Î±á½Î»Î¹á¿† Ï„Î±Î¹,5,urn:cite:phoros:places.76,50
urn:cite:phoros:payrec.407,urn:cts:phoros:stele1.year:front.1.9, ğ…„ Ï‡Î±Î»Îº ÎµÎ¹ á¾¶Ï„Î±Î¹,5,urn:cite:phoros:places.175,300
urn:cite:phoros:payrec.408,urn:cts:phoros:stele1.year:front.1.10, Î§ á¼°Î·Î»á½» ÏƒÎ¹Î¿Î¹,5,urn:cite:phoros:places.128,6000
urn:cite:phoros:payrec.409,urn:cts:phoros:stele1.year:front.1.11, Î— Î¼Ï… Î»Î±Ïƒá¿†Ï‚,5,urn:cite:phoros:places.176,600
urn:cite:phoros:payrec.410,urn:cts:phoros:stele1.year:front.1.12, ğ……Î—Î—Î—Î— Îº Î±Î¼ÎµÎ¹Ïá¿†Ï‚,5,urn:cite:phoros:places.20,5400
urn:cite:phoros:payrec.411,urn:cts:phoros:stele1.year:front.1.13, Î— Ïƒ Ï…Î±Î³Î³ÎµÎ»á¿†Ï‚,5,urn:cite:phoros:places.63,600
urn:cite:phoros:payrec.412,urn:cts:phoros:stele1.year:front.1.14, á½Î½ Ï€á½·ÎºÏÎ·Ï‚ á¼„ÏÏ‡ÎµÎ¹,5,urn:cite:phoros:places.63,
urn:cite:phoros:payrec.413,urn:cts:phoros:stele1.year:front.1.15, Î— Î¿á¼° Î½ Î±á¿–Î¿Î¹,5,urn:cite:phoros:places.34,600
urn:cite:phoros:payrec.414,urn:cts:phoros:stele1.year:front.2.2, á¼ Î½ á¼±Îºá½± ÏÎ¿Î¹,5,urn:cite:phoros:places.34,
urn:cite:phoros:payrec.415,urn:cts:phoros:stele1.year:front.2.3, Î—ğ…„ ÎºÎ»Î± Î¶Î¶ Î¿Î¼á½³Î½Î¹Î¿ Î¹,5,urn:cite:phoros:places.44,900
urn:cite:phoros:payrec.416,urn:cts:phoros:stele1.year:front.2.4, Î—Î—Î— Î±á¼±ÏÎ±á¿–Î¿Î¹,5,urn:cite:phoros:places.27,1800
urn:cite:phoros:payrec.417,urn:cts:phoros:stele1.year:front.2.5, Î—Î—Î— Î»ÎµÎ²á½³Î´Î¹Î¿Î¹,5,urn:cite:phoros:places.174,1800
urn:cite:phoros:payrec.418,urn:cts:phoros:stele1.year:front.2.6, Î—ğ…„ ÎºÎ±Î»á½»Î´Î½Î¹Î¿Î¹,5,urn:cite:phoros:places.109,900
urn:cite:phoros:payrec.419,urn:cts:phoros:stele1.year:front.2.7, Î”ğ…ƒğ…‚Î™Î™Î™Î™ Ï€Î±ÏÏ€Î±ÏÎ¹á¿¶Ï„Î±Î¹,5,urn:cite:phoros:places.151,100
urn:cite:phoros:payrec.420,urn:cts:phoros:stele1.year:front.2.8, Î”Î”Î”ğ…‚ğ…‚ğ…‚Î™ Î™ ÎºÏ…ÏÎ²Î¹ÏƒÏƒá¿†Ï‚,5,urn:cite:phoros:places.41,200
urn:cite:phoros:payrec.421,urn:cts:phoros:stele1.year:front.2.9, ğ……Î— Ï„á¿„ÏŠÎ¿Î¹,5,urn:cite:phoros:places.152,3600
urn:cite:phoros:payrec.422,urn:cts:phoros:stele1.year:front.2.10, ğ…ƒğ…‚ğ…‚ğ…‚Î™Î™ Î¼á½»Î½Î´Î¹Î¿Î¹,5,urn:cite:phoros:places.96,50
urn:cite:phoros:payrec.423,urn:cts:phoros:stele1.year:front.2.11, Ï€Î±Ïá½° Ï„á½³ÏÎ¼ÎµÏÎ±,5,urn:cite:phoros:places.96,
urn:cite:phoros:payrec.424,urn:cts:phoros:stele1.year:front.2.12, Î”Î”Î”Î”ğ…ƒ á¼ÏÏ…Î¸Ï Î±á¿– Î¿Î¹,5,urn:cite:phoros:places.198,270
urn:cite:phoros:payrec.425,urn:cts:phoros:stele1.year:front.2.13, Ï€Î¿Î»Î¹ Ï‡Î½Î±á¿–Î¿Î¹,5,urn:cite:phoros:places.154,
urn:cite:phoros:payrec.426,urn:cts:phoros:stele1.year:front.2.14, ÏƒÎ¹ Î´Î¿á½»ÏƒÎ¹Î¿Î¹,5,urn:cite:phoros:places.177,
urn:cite:phoros:payrec.427,urn:cts:phoros:stele1.year:front.2.15, Ï€Ï„ ÎµÎ»Î¿á½»ÏƒÎ¹ Î¿Î¹,5,urn:cite:phoros:places.178,
urn:cite:phoros:payrec.428,urn:cts:phoros:stele1.year:front.2.16, Î² Î¿ Ï…Î¸ÎµÎ¹á¿†Ï‚,5,urn:cite:phoros:places.66,
urn:cite:phoros:payrec.429,urn:cts:phoros:stele1.year:front.2.17, Î”ğ…ƒğ…‚Î™Î™Î™Î™ ÎºÎ±ÏÏ€á½±Î¸Ï‰,5,urn:cite:phoros:places.179,100
urn:cite:phoros:payrec.430,urn:cts:phoros:stele1.year:front.2.26, á¼€Ï Îºá½³ÏƒÏƒÎµÎ¹Î±,5,urn:cite:phoros:places.180,
urn:cite:phoros:payrec.431,urn:cts:phoros:stele1.year:front.2.27, Î— Î¼Ï…Ï Î¹ Î½Î±á¿–Î¿Î¹,5,urn:cite:phoros:places.120,600
urn:cite:phoros:payrec.432,urn:cts:phoros:stele1.year:front.2.28, Î— á¼¥ÏƒÏƒÎ¹Î¿Î¹,5,urn:cite:phoros:places.35,600
urn:cite:phoros:payrec.433,urn:cts:phoros:stele1.year:front.2.29, Î”ğ…ƒğ…‚Î™Î™Î™Î™ Î´Î¹Î¿ÏƒÎ¹Ïá¿–Ï„Î± Î¹,5,urn:cite:phoros:places.25,100
urn:cite:phoros:payrec.434,urn:cts:phoros:stele1.year:front.2.30, Î”Î”Î”ğ…‚ğ…‚ğ…‚Î™Î™ Î½Î¿Ï„Î¹á¿†Ï‚,5,urn:cite:phoros:places.24,200
urn:cite:phoros:payrec.435,urn:cts:phoros:stele1.year:front.2.31, Î”Î”Î”Î”ğ…‚Î™Î™Î™Î™ ÎºÎ±ÏƒÎ¿Î»Î±Î²á¿†Ï‚,5,urn:cite:phoros:places.50,250
urn:cite:phoros:payrec.436,urn:cts:phoros:stele1.year:front.2.32, Î—Î”Î”Î”Î” ğ…ƒ ÎºÎµÎ²Ïá½µÎ½Î¹Î¿Î¹,5,urn:cite:phoros:places.49,870
urn:cite:phoros:payrec.437,urn:cts:phoros:stele1.year:front.2.33, Î”Î”Î”ğ…‚ğ…‚ğ…‚Î™Î™ Î½Îµá½±Î½Î´ÏÎµÎ¹Î±,5,urn:cite:phoros:places.36,200
urn:cite:phoros:payrec.438,urn:cts:phoros:stele1.year:front.2.34, Î—Î—Î— Ï†Î±ÏƒÎ·Î»á¿–Ï„Î±Î¹,5,urn:cite:phoros:places.47,1800
urn:cite:phoros:payrec.439,urn:cts:phoros:stele1.year:front.2.35, ğ…„ Î¸ÎµÏÎ¼Î±á¿–Î¿Î¹,5,urn:cite:phoros:places.8,300
urn:cite:phoros:payrec.440,urn:cts:phoros:stele1.year:front.2.36, á¼”Î½ á¼ÎºÎ±Ï Î¿Î¹,5,urn:cite:phoros:places.8,
urn:cite:phoros:payrec.441,urn:cts:phoros:stele1.year:front.2.37, Î”Î” Î” ğ…ƒ Ï‡Î±Î»ÎºÎ· Ï„Î¿ Ïá¿† Ï‚,5,urn:cite:phoros:places.167,210
urn:cite:phoros:payrec.442,urn:cts:phoros:stele1.year:front.2.38, á½‘Î»Î¹ Î¼ á¿†Ï‚,5,urn:cite:phoros:places.181,
urn:cite:phoros:payrec.443,urn:cts:phoros:stele1.year:front.2.39, ğ…ƒğ…‚Î™Î™Î™Î™ ÎºÏ… Î´Î±Î¹á¿†Ï‚,5,urn:cite:phoros:places.168,40
urn:cite:phoros:payrec.444,urn:cts:phoros:stele1.year:front.2.40, Î—Î— á¼ Î»Î¹ÎºÎ±ÏÎ½á½±ÏƒÏƒÎ¹Î¿Î¹,5,urn:cite:phoros:places.38,1200
urn:cite:phoros:payrec.445,urn:cts:phoros:stele1.year:front.2.41, Î”,5,,
urn:cite:phoros:payrec.446,urn:cts:phoros:stele1.year:front.3.7, Î—Î—Î— Î±á¼°Î½Îµá¾¶Ï„ Î±Î¹,5,urn:cite:phoros:places.182,1800
urn:cite:phoros:payrec.447,urn:cts:phoros:stele1.year:front.3.8, Î—ğ…„ Ï€Î±Î» Îµ Ïˆá½·Î¿Î¹,5,urn:cite:phoros:places.40,900
urn:cite:phoros:payrec.448,urn:cts:phoros:stele1.year:front.3.9, Î— Î´Î¹Îº Î±Î¹Î¿Ï€Î¿Î»á¿–Ï„Î±Î¹,5,urn:cite:phoros:places.43,600
urn:cite:phoros:payrec.449,urn:cts:phoros:stele1.year:front.3.10, á¼ÏÎµÏ„ ÏÎ¹á¿¶Î½ á¼„Ï€Î¿Î¹ÎºÎ¿Î¹,5,urn:cite:phoros:places.43,
urn:cite:phoros:payrec.450,urn:cts:phoros:stele1.year:front.3.11, Î— Ïƒ Î±Î½Î±á¿–Î¿Î¹,5,urn:cite:phoros:places.14,600
urn:cite:phoros:payrec.451,urn:cts:phoros:stele1.year:front.3.12, Î”ğ…ƒğ…‚Î™Î™Î™Î™ Î½Îµá½±Ï€Î¿Î»Î¹Ï‚,5,urn:cite:phoros:places.183,100
urn:cite:phoros:payrec.452,urn:cts:phoros:stele1.year:front.3.13, Ï€Î±Ïâ€™ á¼€Î½Ï„Î¹Ïƒá½±ÏÎ±Î½,5,urn:cite:phoros:places.183,
urn:cite:phoros:payrec.453,urn:cts:phoros:stele1.year:front.3.14, Î— Î¼ÎµÎºÏ…Ï€ÎµÏÎ½Î±á¿–Î¿Î¹,5,urn:cite:phoros:places.57,600
urn:cite:phoros:payrec.454,urn:cts:phoros:stele1.year:front.3.15, ğ…„ ÏƒÎºÎ±Î²Î»Î±á¿–Î¿Î¹,5,urn:cite:phoros:places.54,300
urn:cite:phoros:payrec.455,urn:cts:phoros:stele1.year:front.3.16, Î”Î”Î”Î” á¼€ÏƒÏƒÎ·Ïá¿–Ï„Î±Î¹,5,urn:cite:phoros:places.55,2400
urn:cite:phoros:payrec.456,urn:cts:phoros:stele1.year:front.3.17, Î”Î”ğ…ƒğ…‚Î™Î™Î™Î™ Ï†Î·Î³á½µÏ„Î¹Î¿Î¹,5,urn:cite:phoros:places.156,160
urn:cite:phoros:payrec.457,urn:cts:phoros:stele1.year:front.3.18, ğ…„ Î´á½·ÎºÎ±Î¹Î±,5,urn:cite:phoros:places.51,300
urn:cite:phoros:payrec.458,urn:cts:phoros:stele1.year:front.3.19, Ï€Î±Ïá½° á¼„Î²Î´Î·ÏÎ±,5,urn:cite:phoros:places.51,
urn:cite:phoros:payrec.459,urn:cts:phoros:stele1.year:front.3.20, Î§ğ…… á¼Î²Î´Î·Ïá¿–Ï„Î±Î¹,5,urn:cite:phoros:places.52,9000
urn:cite:phoros:payrec.460,urn:cts:phoros:stele1.year:front.3.21, Î—ğ…„ Î¼Î±ÏÏ‰Î½á¿†Ï‚,5,urn:cite:phoros:places.32,900
urn:cite:phoros:payrec.461,urn:cts:phoros:stele1.year:front.3.22, Î— ğ…„ Î¸á½»ÏƒÏƒÎ¹Î¿Î¹,5,urn:cite:phoros:places.12,900
urn:cite:phoros:payrec.462,urn:cts:phoros:stele1.year:front.3.23, Î§Î— Î— Î±á¼´Î½Î¹Î¿Î¹,5,urn:cite:phoros:places.5,7200
urn:cite:phoros:payrec.463,urn:cts:phoros:stele1.year:front.3.24, ğ……Î— ÏƒÎ±Î¼Î¿Î¸á¾·ÎºÎµÏ‚,5,urn:cite:phoros:places.93,3600
urn:cite:phoros:payrec.464,urn:cts:phoros:stele1.year:front.3.25, ğ…„ Î½Îµ Î¿Ï€Î¿Î»á¿–Ï„Î±Î¹,5,urn:cite:phoros:places.201,300
urn:cite:phoros:payrec.465,urn:cts:phoros:stele1.year:front.3.26, Î¼ÎµÎ½Î´Î± á½·Ï‰Î½ á¼„Ï€Î¿Î¹ÎºÎ¿Î¹,5,urn:cite:phoros:places.201,
urn:cite:phoros:payrec.466,urn:cts:phoros:stele1.year:front.3.27, Î”ğ…ƒğ…‚Î™Î™Î™Î™ Î²Î·Ïá½»ÏƒÎ¹Î¿Î¹,5,urn:cite:phoros:places.75,100
urn:cite:phoros:payrec.467,urn:cts:phoros:stele1.year:front.3.28, á½‘ Ï€á½¸ Ï„á¿‡ á¼´Î´á¿ƒ,5,urn:cite:phoros:places.75,
urn:cite:phoros:payrec.468,urn:cts:phoros:stele1.year:front.3.29, Î— Î— á½€Î» á½»Î½Î¸Î¹Î¿Î¹,5,urn:cite:phoros:places.53,1200
urn:cite:phoros:payrec.469,urn:cts:phoros:stele1.year:front.3.30, Î— ÏƒÏ„ ÏÎµÏˆÎ±á¿–Î¿Î¹,5,urn:cite:phoros:places.39,600
urn:cite:phoros:payrec.470,urn:cts:phoros:stele1.year:front.3.31, Î”Î” ğ…ƒ Î±á¼±Ïƒá½½Î½Î¹Î¿Î¹,5,urn:cite:phoros:places.162,150
urn:cite:phoros:payrec.471,urn:cts:phoros:stele1.year:front.3.32, Î”Î”Î” Î” ğ…ƒğ…‚ Î´Î± ÏÎ´Î±Î½á¿†Ï‚,5,urn:cite:phoros:places.158,276
urn:cite:phoros:payrec.472,urn:cts:phoros:stele1.year:front.3.33, ğ…… á¼€Îº á½±Î½Î¸Î¹Î¿Î¹,5,urn:cite:phoros:places.184,3000
urn:cite:phoros:payrec.473,urn:cts:phoros:stele1.year:front.3.34, Î—Î— ğ…„ Ï„Îµ ÏÎ¼ÎµÏá¿†Ï‚,5,urn:cite:phoros:places.48,1500
urn:cite:phoros:payrec.474,urn:cts:phoros:stele1.year:front.3.35, Î”ğ…ƒ ğ…‚Î™Î™Î™Î™ Ï€Î± ÏÎ³Î±Ïƒá¿†Ï‚,5,urn:cite:phoros:places.185,100
urn:cite:phoros:payrec.475,urn:cts:phoros:stele1.year:front.3.36, Î—Î—Î—ğ…„Î”Î” Î”ğ…‚ğ…‚Î™ Ï€Îµ Ïá½·Î½Î¸ Î™ Î¿Î¹,5,urn:cite:phoros:places.137,2293
urn:cite:phoros:payrec.476,urn:cts:phoros:stele1.year:front.3.37, ğ…ƒğ…‚ğ…‚ğ…‚ Î™Î™ Î³Îµ Î½ Ï„á½· Î½Î¹Î¿ Î¹,5,urn:cite:phoros:places.186,50
urn:cite:phoros:payrec.477,urn:cts:phoros:stele1.year:front.3.38, Î—Î—ğ…„Î”Î”Î” ğ…ƒğ…‚ğ…‚ğ…‚ Ï„ ÎµÎ½ á½³Î´ Î¹Î¿Î¹,5,urn:cite:phoros:places.107,1728
urn:cite:phoros:payrec.478,urn:cts:phoros:stele1.year:front.3.39, Î”ğ…ƒ ğ…‚Î™Î™Î™Î™ ÏƒÎºÎ¹á½±Î¸ Î¹Î¿Î¹,5,urn:cite:phoros:places.187,100
urn:cite:phoros:payrec.479,urn:cts:phoros:stele1.year:front.3.40, Î”ğ…ƒ ğ…‚ Î™Î™Î™Î™ ÏƒÎºá½±Ïˆ Î±Î¹Î¿Î¹,5,urn:cite:phoros:places.131,100
urn:cite:phoros:payrec.480,urn:cts:phoros:stele1.year:, Î”ğ…ƒğ…‚Î™Î™Î™ Î™ Î½Î±Ï Î¹ÏƒÎ²Î± Ï á¿†Ï‚,7,urn:cite:phoros:places.70,100
urn:cite:phoros:payrec.481,urn:cts:phoros:stele1.year:front.1.2, ğ…‚ ğ…‚ğ…‚Î™Î™ Ï„ÎµÎ½á½³Î´Î¹Î¿Î¹,7,urn:cite:phoros:places.107,
urn:cite:phoros:payrec.482,urn:cts:phoros:stele1.year:front.1.3, ğ…ƒğ…‚ğ…‚ğ…‚ Î™Î™ Î³ ÎµÎ½Ï„ á½·Î½Î¹Î¿Î¹,7,urn:cite:phoros:places.186,50
urn:cite:phoros:payrec.483,urn:cts:phoros:stele1.year:front.1.4, Î”ğ…ƒ ğ…‚Î™Î™Î™Î™ Ïƒ Ï„Î±Î³ Î¹Ïá¿–Ï„Î± Î¹,7,urn:cite:phoros:places.1,100
urn:cite:phoros:payrec.484,urn:cts:phoros:stele1.year:front.1.5, Î—ğ…„ ÎºÎµÏÎ± Î¼á¿†Ï‚,7,urn:cite:phoros:places.65,900
urn:cite:phoros:payrec.485,urn:cts:phoros:stele1.year:front.1.6, ğ……Î—Î—Î—Î— ÎºÎ±Î¼ÎµÎ¹Ï á¿†Ï‚,7,urn:cite:phoros:places.20,4500
urn:cite:phoros:payrec.486,urn:cts:phoros:stele1.year:front.1.7, Î—Î— á¼Î»Î¹Îº Î±ÏÎ½ á½±ÏƒÏƒ Î¹Î¿Î¹,7,urn:cite:phoros:places.38,1200
urn:cite:phoros:payrec.487,urn:cts:phoros:stele1.year:front.1.8, Î— Î¼Ï…ÏÎ¹Î½Î±á¿–Î¿Î¹,7,urn:cite:phoros:places.120,600
urn:cite:phoros:payrec.488,urn:cts:phoros:stele1.year:front.1.9, Î— Î¼ÎµÎºÏ…Ï€ÎµÎ½Î±á¿–Î¿Î¹,7,urn:cite:phoros:places.57,600
urn:cite:phoros:payrec.489,urn:cts:phoros:stele1.year:front.1.10, Î”Î”Î”ğ…‚ğ…‚ğ…‚Î™Î™ Ï€Î»Î±Î´Î±Ïƒá¿†Ï‚,7,urn:cite:phoros:places.202,200
urn:cite:phoros:payrec.490,urn:cts:phoros:stele1.year:front.1.11, Î— Ï€Î·Î´Î±Ïƒá¿†Ï‚,7,urn:cite:phoros:places.100,600
urn:cite:phoros:payrec.491,urn:cts:phoros:stele1.year:front.1.12, ğ…… Î—Î—Î—Î— ÎºÏ…Î¼Î±á¿–Î¿Î¹,7,urn:cite:phoros:places.136,5400
urn:cite:phoros:payrec.492,urn:cts:phoros:stele1.year:front.1.13, Î” ğ…ƒğ…‚Î™Î™Î™Î™ Ï€Î¹Ï„Î±Î½Î±á¿–Î¿Î¹,7,urn:cite:phoros:places.11,100
urn:cite:phoros:payrec.493,urn:cts:phoros:stele1.year:front.1.14, Î” ğ…ƒ ğ…‚Î™Î™Î™Î™ Î³ ÏÏ… Î½ÎµÎ¹á¿†Ï‚,7,urn:cite:phoros:places.97,100
urn:cite:phoros:payrec.494,urn:cts:phoros:stele1.year:front.1.15, Î— Î—Î— Ï‡Îµ ÏÏÎ¿Î½á½µÏƒÎ¹Î¿Î¹,7,urn:cite:phoros:places.164,1800
urn:cite:phoros:payrec.495,urn:cts:phoros:stele1.year:front.1.16, Î”ğ…ƒğ…‚Î™Î™Î™ Î™ Ï€á½» ÏÎ½Î¹Î¿Î¹,7,urn:cite:phoros:places.126,100
urn:cite:phoros:payrec.496,urn:cts:phoros:stele1.year:front.1.17, Î” ğ…ƒğ…‚Î™ Î™Î™Î™ Î½Îµ á½±Ï€Î¿Î»Î¹Ï‚,7,urn:cite:phoros:places.30,100
urn:cite:phoros:payrec.497,urn:cts:phoros:stele1.year:front.1.18, Î— Î— Îº á½»Î»Î»Î±Î½Ï„Î¹Î¿Î¹,7,urn:cite:phoros:places.67,1200
urn:cite:phoros:payrec.498,urn:cts:phoros:stele1.year:front.1.19, Î”Î”Î”ğ…‚ğ…‚ğ…‚Î™Î™ Î™ Îº Ï…ÏÎ²Î¹ÏƒÏƒá¿†Ï‚,7,urn:cite:phoros:places.41,100
urn:cite:phoros:payrec.499,urn:cts:phoros:stele1.year:front.1.20, Î”Î”Î”ğ…‚ğ…‚ ğ…‚Î™Î™ Ï‡ á¿–Î¿Î¹,7,urn:cite:phoros:places.68,100
urn:cite:phoros:payrec.500,urn:cts:phoros:stele1.year:front.1.21, Î—Î—Î— á¼€Ï† Ï…Ï„Î±á¿–Î¿ Î¹,7,urn:cite:phoros:places.105,1800
urn:cite:phoros:payrec.501,urn:cts:phoros:stele1.year:front.1.22, Î— Ïƒ Ï…Î±Î³Î³ÎµÎ»á¿†Ï‚,7,urn:cite:phoros:places.203,600
urn:cite:phoros:payrec.502,urn:cts:phoros:stele1.year:front.1.23, Î—Î—ğ…„ Ï„ ÎµÏÎ¼Îµ Ïá¿†Ï‚,7,urn:cite:phoros:places.48,1500
urn:cite:phoros:payrec.503,urn:cts:phoros:stele1.year:front.1.24, ğ…„Î”Î”Î” ğ…ƒğ…‚Î™Î™Î™Î™ á¼° Î´Ï…Î¼ á¿†Ï‚,7,urn:cite:phoros:places.204,520
urn:cite:phoros:payrec.504,urn:cts:phoros:stele1.year:front.1.25, Î—ğ…„ Î¼Î±Ï Ï‰Î½á¿–Ï„Î± Î¹,7,urn:cite:phoros:places.32,900
urn:cite:phoros:payrec.505,urn:cts:phoros:stele1.year:front.1.26, ğ…„ Î¸ÎµÏ Î¼Î±á¿–Î¿Î¹ Î¹,7,urn:cite:phoros:places.8,300
urn:cite:phoros:payrec.506,urn:cts:phoros:stele1.year:front.1.27, Î— Î¿á¼°Î½Î±á¿– Î¿ Î¹,7,urn:cite:phoros:places.34,600
urn:cite:phoros:payrec.507,urn:cts:phoros:stele1.year:front.1.28, ğ…„ Ï‡Î±Î»ÎºÎµÎ¹á¾¶Ï„Î±Î¹,7,urn:cite:phoros:places.175,300
urn:cite:phoros:payrec.508,urn:cts:phoros:stele1.year:front.1.29, Î—ğ…„ Î¹,7,,
urn:cite:phoros:payrec.509,urn:cts:phoros:stele1.year:front.1.30, Î—Î—Î— Î»ÎµÎ²á½³Î´Î¹Î¿Î¹,7,urn:cite:phoros:places.174,1800
urn:cite:phoros:payrec.510,urn:cts:phoros:stele1.year:front.1.31, Î—Î—Î— Î±á¼°Î½ÎµÎ¹á¾¶Ï„Î±Î¹,7,urn:cite:phoros:places.182,1800
urn:cite:phoros:payrec.511,urn:cts:phoros:stele1.year:front.1.33, Î”Î”ğ…ƒ Î±á¼±Ïƒá½½Î½Î¹Î¿Î¹,7,urn:cite:phoros:places.162,150
urn:cite:phoros:payrec.512,urn:cts:phoros:stele1.year:front.1.34, Î— Î´Î¹ÎºÎ±Î¹Î±Î¿Ï€Î¿Î»á¿–Ï„Î±Î¹,7,urn:cite:phoros:places.43,600
urn:cite:phoros:payrec.513,urn:cts:phoros:stele1.year:front.1.35, á¼ÏÎµÏ„ÏÎ¹á¿¶Î½ á¼„Ï€Î¿Î¹Îº Î¿Î¹,7,urn:cite:phoros:places.43,
urn:cite:phoros:payrec.514,urn:cts:phoros:stele1.year:front.1.36, Î§Î—Î— Î± á¼´Î½Î¹Î¿Î¹,7,urn:cite:phoros:places.5,7200
urn:cite:phoros:payrec.515,urn:cts:phoros:stele1.year:front.1.36, ğ…„ Îº Î±á½»Î½Î¹Î¿Î¹,7,urn:cite:phoros:places.110,300
urn:cite:phoros:payrec.516,urn:cts:phoros:stele1.year:front.1.37, ğ…ƒğ…‚ğ…‚ğ…‚Î™Î™ Î½Î±Î¾Î¹á¾¶Ï„Î± Î¹,7,urn:cite:phoros:places.6,50
urn:cite:phoros:payrec.517,urn:cts:phoros:stele1.year:front.2.2, ğ…ƒğ…‚ğ…‚ğ…‚Î™Î™ Î¸Î±ÏƒÎ¸Î±Ïá¿†Ï‚,7,urn:cite:phoros:places.163,50
urn:cite:phoros:payrec.518,urn:cts:phoros:stele1.year:front.2.3, Î”Î”ğ…ƒ Î¼Ï…Î´Î¿Î½á¿†Ï‚,7,urn:cite:phoros:places.71,150
urn:cite:phoros:payrec.519,urn:cts:phoros:stele1.year:front.2.4, ğ…„ Ï„Î·Î»á½±Î½Î´ÏÎ¹Î¿ Î¹,7,urn:cite:phoros:places.173,300
urn:cite:phoros:payrec.520,urn:cts:phoros:stele1.year:front.2.5, Î”ğ…ƒğ…‚Î™Î™Î™Î™ ÎºÎ±ÏÎ²Î±ÏƒÏ… Î± Î½Î´ á¿†Ï‚,7,urn:cite:phoros:places.46,100
urn:cite:phoros:payrec.521,urn:cts:phoros:stele1.year:front.2.6, ğ…ƒğ…‚ğ…‚ğ…‚Î™Î™ Î¿á½Î»Î¹á¾¶Ï„Î±Î¹,7,urn:cite:phoros:places.76,50
urn:cite:phoros:payrec.522,urn:cts:phoros:stele1.year:front.2.7, Î”Î”Î”ğ…‚ğ…‚ğ…‚Î™Î™ Îº ÏÏ…á¿†Ï‚,7,urn:cite:phoros:places.21,200
urn:cite:phoros:payrec.523,urn:cts:phoros:stele1.year:front.2.8, Î”ğ…ƒğ…‚Î™Î™Î™Î™ Ï†Î±ÏÎ²á½µÎ» Î¹ Î¿Î¹,7,urn:cite:phoros:places.2,100
urn:cite:phoros:payrec.524,urn:cts:phoros:stele1.year:front.2.9, ğ…ƒğ…‚ğ…‚ğ…‚Î™Î™ Î¼ á½»Î½Î´Î¹Î¿ Î¹,7,urn:cite:phoros:places.96,50
urn:cite:phoros:payrec.525,urn:cts:phoros:stele1.year:front.2.10, Î§ Î»á½· Î½Î´ Î¹Î¿ Î¹,7,urn:cite:phoros:places.33,6000
urn:cite:phoros:payrec.526,urn:cts:phoros:stele1.year:front.2.11, Î”Î”Î”ğ…‚ğ…‚ğ…‚Î™Î™ Ï€ÎµÎ´Î¹á¿†Ï‚,7,urn:cite:phoros:places.205,200
urn:cite:phoros:payrec.527,urn:cts:phoros:stele1.year:front.2.12, Î—ğ…„ Î¸á½»ÏƒÏƒÎ¹Î¿Î¹,7,urn:cite:phoros:places.12,900
urn:cite:phoros:payrec.528,urn:cts:phoros:stele1.year:front.2.13, Î”Î”Î”ğ…‚ğ…‚ğ…‚Î™Î™ ÏƒÎ±Î½Î±á¿–Î¿Î¹,7,urn:cite:phoros:places.14,200
urn:cite:phoros:payrec.529,urn:cts:phoros:stele1.year:front.2.16, Î”ğ…ƒğ…‚Î™Î™Î™Î™ Ïƒá½»ÏÎ¹Î¿Î¹,7,urn:cite:phoros:places.135,100
urn:cite:phoros:payrec.530,urn:cts:phoros:stele1.year:front.2.17, ğ…ƒğ…‚ğ…‚ğ…‚Î™Î™ á½€Î¸á½½ÏÎ¹Î¿Î¹,7,urn:cite:phoros:places.206,100
urn:cite:phoros:payrec.531,urn:cts:phoros:stele1.year:front.2.18, Î—Î— Î— ÎºÎµÎ²Ïá½µÎ½Î¹Î¿Î¹,7,urn:cite:phoros:places.49,1800
urn:cite:phoros:payrec.532,urn:cts:phoros:stele1.year:front.2.20, Î”ğ…ƒğ…‚Î™Î™Î™Î™ Îº Î¿Î´Î±Ï€á¿†Ï‚,7,urn:cite:phoros:places.90,100
urn:cite:phoros:payrec.533,urn:cts:phoros:stele1.year:front.2.21, ğ…ƒğ…‚Î™Î™Î™Î™ ÎºÏ… Î´Î±Î¹á¿†Ï‚,7,urn:cite:phoros:places.168,40
urn:cite:phoros:payrec.534,urn:cts:phoros:stele1.year:front.2.22, Î”ğ…ƒğ…‚Î™Î™Î™Î™ Î´Î¹Î¿ ÏƒÎ¹Ïá¿–Ï„Î±Î¹,7,urn:cite:phoros:places.25,100
urn:cite:phoros:payrec.535,urn:cts:phoros:stele1.year:front.2.23, Î”Î”Î”ğ…ƒ Ï‡Î±Î» Îº Î·Ï„Î¿Ïá¿†Ï‚,7,urn:cite:phoros:places.167,210
urn:cite:phoros:payrec.536,urn:cts:phoros:stele1.year:front.2.24, Î”Î”ğ…ƒ á½€Î»Î¿Ï† á½»Î¾Î¹Î¿Î¹,7,urn:cite:phoros:places.15,150
urn:cite:phoros:payrec.537,urn:cts:phoros:stele1.year:front.2.25, Î— ğ…„ ÎºÎ»Î±Î¶ Î¿Î¼á½³Î½Î¹Î¿Î¹,7,urn:cite:phoros:places.44,900
urn:cite:phoros:payrec.538,urn:cts:phoros:stele1.year:front.2.26, Î§Î—Î—Î—Î— á¼ Î²Î´Î·Ïá¿–Ï„Î±Î¹,7,urn:cite:phoros:places.52,8400
urn:cite:phoros:payrec.539,urn:cts:phoros:stele1.year:front.2.27, Î—ğ…„ Îº Î±Î»á½»Î´ Î½Î¹Î¿Î¹,7,urn:cite:phoros:places.109,900
urn:cite:phoros:payrec.540,urn:cts:phoros:stele1.year:front.2.28, Î” Î”Î”ğ…‚ğ…‚ğ…‚Î™Î™ Î½ Î¿Ï„Î¹á¿† Ï‚,7,urn:cite:phoros:places.24,200
urn:cite:phoros:payrec.541,urn:cts:phoros:stele1.year:front.2.29, ğ…„ Î” Î”ğ…ƒ Î³Î±ÏÎ³Î± Ïá¿†Ï‚,7,urn:cite:phoros:places.118,450
urn:cite:phoros:payrec.542,urn:cts:phoros:stele1.year:front.2.30, Î—Î— Î— Ï†Î±ÏƒÎ·Î» á¿–Ï„Î±Î¹,7,urn:cite:phoros:places.47,1800
urn:cite:phoros:payrec.543,urn:cts:phoros:stele1.year:front.2.31, Î— Î´Î¹á¿†Ï‚,7,urn:cite:phoros:places.16,600
urn:cite:phoros:payrec.544,urn:cts:phoros:stele1.year:front.2.32, ğ…… ÎºÎ½á½·Î´ Î¹Î¿Î¹,7,urn:cite:phoros:places.125,3000
urn:cite:phoros:payrec.545,urn:cts:phoros:stele1.year:front.2.33, Î— Î— Ïƒ Ï€Î±Ï Ï„á½½Î»Î¹Î¿Î¹,7,urn:cite:phoros:places.26,1200
urn:cite:phoros:payrec.546,urn:cts:phoros:stele1.year:front.2.34, Î— ÏƒÏ„ÏÎµÏˆÎ±á¿–Î¿Î¹,7,urn:cite:phoros:places.39,600
urn:cite:phoros:payrec.547,urn:cts:phoros:stele1.year:front.2.35, ğ…„ ÎºÎµÎ´ÏÎ¹á¾¶Ï„Î±Î¹,7,urn:cite:phoros:places.64,50
urn:cite:phoros:payrec.548,urn:cts:phoros:stele1.year:front.2.36, Î§ á¼°Î·Î»á½»ÏƒÎ¹Î¿Î¹,7,urn:cite:phoros:places.128,6000
urn:cite:phoros:payrec.549,urn:cts:phoros:stele1.year:front.2.37, Î—Î— á¼€ÏƒÏ„Ï…Ï€Î±Î»Î±Î¹á¿†Ï‚,7,urn:cite:phoros:places.92,1200
urn:cite:phoros:payrec.550,urn:cts:phoros:stele1.year:front.2.38, ğ…„Î” Î”Î”ğ…‚ğ…‚ğ…‚Î™Î™ ÏƒÏ„á½½Î»Î¹ Î¿Î¹,7,urn:cite:phoros:places.58,500
urn:cite:phoros:payrec.551,urn:cts:phoros:stele1.year:front.3.2, ğ…ƒğ…‚ ğ…‚ğ…‚Î™Î™ á¼‘Î´Ïá½½Î» Î¹Î¿Î¹,7,urn:cite:phoros:places.207,50
urn:cite:phoros:payrec.552,urn:cts:phoros:stele1.year:front.3.3, ğ…ƒ á¿¥Î·Î½Î±Î¹á¿†Ï‚,7,urn:cite:phoros:places.148,30
urn:cite:phoros:payrec.553,urn:cts:phoros:stele1.year:front.3.4, ğ…ƒğ…‚ğ…‚ğ…‚Î™Î™ Ï€ÏÎ¹Î±Ï€á¿†Ï‚,7,urn:cite:phoros:places.127,50
urn:cite:phoros:payrec.554,urn:cts:phoros:stele1.year:front.3.5, Î”ğ…ƒğ…‚Î™Î™Î™Î™ á¼‘ÏƒÏ„Î¹Î±Î¹á¿† Ï‚,7,urn:cite:phoros:places.196,100
urn:cite:phoros:payrec.555,urn:cts:phoros:stele1.year:front.3.6, ğ…ƒğ…‚ğ…‚ğ…‚Î™Î™ Ï€ Î±Î»Î±Î¹Ï€ÎµÏÎº á½½Ïƒ Î¹Î¿Î¹,7,urn:cite:phoros:places.153,50
urn:cite:phoros:payrec.556,urn:cts:phoros:stele1.year:front.3.7, Î—ğ…„ Î³ Î±Î»á½µÏˆÎ¹Î¿ Î¹,7,urn:cite:phoros:places.208,900
urn:cite:phoros:payrec.557,urn:cts:phoros:stele1.year:front.3.8, Î—Î—Î— Ï†Ï‰Îº Î±Î¹ á¿†Ï‚,7,urn:cite:phoros:places.138,1800
urn:cite:phoros:payrec.558,urn:cts:phoros:stele1.year:front.3.9, Î—Î—Î—ğ…„ğ…ƒ ğ…‚ Îºá¿·Î¿Î¹,7,urn:cite:phoros:places.160,2136
urn:cite:phoros:payrec.559,urn:cts:phoros:stele1.year:front.3.10, Î”ğ…ƒğ…‚Î™Î™ Î™Î™ Î²Î±ÏÎ³Ï…Î» Î¹ á¿†Ï‚,7,urn:cite:phoros:places.103,100
urn:cite:phoros:payrec.560,urn:cts:phoros:stele1.year:front.3.11, ğ……Î— ÏƒÎ±Î¼Î¿Î¸Ïá¾· ÎºÎµÏ‚,7,urn:cite:phoros:places.93,3600
urn:cite:phoros:payrec.561,urn:cts:phoros:stele1.year:front.3.12, Î” Î”Î”Î” á¼€ÏƒÏƒÎ·Ïá¿–Ï„Î±Î¹,7,urn:cite:phoros:places.55,2400
urn:cite:phoros:payrec.562,urn:cts:phoros:stele1.year:front.3.13, ğ…„ Î´ á½·ÎºÎ±Î¹Î± Ï€Î±Ïâ€™ á¼„Î²Î´ Î·Ï Î±,7,urn:cite:phoros:places.51,300
urn:cite:phoros:payrec.563,urn:cts:phoros:stele1.year:front.3.14, Î”Î” Î”ğ…‚ğ…‚ğ…‚Î™Î™ Î´Î¹ á¿†Ï‚,7,urn:cite:phoros:places.16,200
urn:cite:phoros:payrec.564,urn:cts:phoros:stele1.year:front.3.15, Î”ğ…ƒğ…‚Î™Î™Î™Î™ Îµá½Ï Ï…Î¼Î±Ï‡á¿–Ï„Î±Î¹,7,urn:cite:phoros:places.209,100
urn:cite:phoros:payrec.565,urn:cts:phoros:stele1.year:front.3.16, ğ…ƒ ğ…‚ğ…‚ğ…‚Î™Î™ Î²ÏÏ…Îº Î¿á½»Î½Ï„Î¹Î¿Î¹,7,urn:cite:phoros:places.210,50
urn:cite:phoros:payrec.566,urn:cts:phoros:stele1.year:front.3.17, Î”ğ…ƒ ğ…‚Î™Î™Î™Î™ ÎºÎ¹Î±Î½Î¿á½·,7,urn:cite:phoros:places.72,100
urn:cite:phoros:payrec.567,urn:cts:phoros:stele1.year:front.3.18, Î”ğ…ƒğ…‚ Î™Î™Î™Î™ á¼€ÏÎºá½³ÏƒÏƒÎµÎ¹Î±,7,urn:cite:phoros:places.180,100
urn:cite:phoros:payrec.568,urn:cts:phoros:stele1.year:front.3.19, Î”Î” á½‘ Î¼Î¹ÏƒÏƒá¿†Ï‚,7,urn:cite:phoros:places.161,120
urn:cite:phoros:payrec.569,urn:cts:phoros:stele1.year:front.3.20, Î— á½ Î´Î¹ÏƒÏƒá¿†Ï‚,7,urn:cite:phoros:places.211,600
urn:cite:phoros:payrec.570,urn:cts:phoros:stele1.year:front.3.21, Î—Î—Î— Î±á¼±ÏÎ±á¿–Î¿Î¹,7,urn:cite:phoros:places.27,1800
urn:cite:phoros:payrec.571,urn:cts:phoros:stele1.year:front.3.22, Î§ ğ……Î—Î”Î” Ï€á½±ÏÎ¹Î¿Î¹,7,urn:cite:phoros:places.192,9720
urn:cite:phoros:payrec.572,urn:cts:phoros:stele1.year:front.3.23, Î”ğ…ƒğ…‚Î™Î™Î™Î™ Î´Î±Î¼Î½Î¹Î¿Ï„ÎµÎ¹Ï‡á¿–Ï„Î±Î¹,7,urn:cite:phoros:places.130,100
urn:cite:phoros:payrec.573,urn:cts:phoros:stele1.year:front.3.24, ğ…… Î—ğ…„Î”ğ…ƒğ…‚Î™Î™Î™Î™ Î½ á½±Î¾Î¹Î¿Î¹,7,urn:cite:phoros:places.197,4000
urn:cite:phoros:payrec.574,urn:cts:phoros:stele1.year:front.3.25, ğ……Î—Î—Î—Î— Ï‡Î± Î»Ï‡Î·Î´á½¹Î½Î¹ Î¿Î¹,7,urn:cite:phoros:places.115,5400
urn:cite:phoros:payrec.575,urn:cts:phoros:stele1.year:front.3.26, ğ……Î— ÏƒÎ· Î»Ï…Î¼Î²ÏÎ¹Î± Î½Î¿á½·,7,urn:cite:phoros:places.159,3600
urn:cite:phoros:payrec.576,urn:cts:phoros:stele1.year:front.3.27, ğ……Î—Î—Î—Î— á¼ÏÏ…Î¸ÏÎ±á¿– Î¿Î¹,7,urn:cite:phoros:places.198,5400
urn:cite:phoros:payrec.577,urn:cts:phoros:stele1.year:front.3.28, Ï€ Î¿Î»Î¹Ï‡Î½Î±Î¹á½½Î½ Î‡ ÎºÎ±á½¶ á½‘Ï€á½³Ï ÎºÎ±á½¶ á½‘Ï€á½³Ï á¼ Ï…Ï„ á¿¶Î½,7,urn:cite:phoros:places.154,
urn:cite:phoros:payrec.578,urn:cts:phoros:stele1.year:front.3.30, Ïƒ Î¹Î´Î¿á½»ÏƒÎ¹Î¿Î¹ Î‡ Î²Î¿Ï…Î¸ ÎµÎ¹á¿†Ï‚ á¼Î» Î±Î¹ Î¿á½» ÏƒÎ¹Î¿Î¹,7,urn:cite:phoros:places.177urn:cite:phoros:places.66urn:cite:phoros:places.212,
urn:cite:phoros:payrec.579,urn:cts:phoros:stele1.year:front.3.31, Ï€ Ï„ÎµÎ»ÎµÎ¿á½» Ïƒ Î¹Î¿Î¹,7,urn:cite:phoros:places.178,
urn:cite:phoros:payrec.580,urn:cts:phoros:stele1.year:front.3.32, Î—Î— Ïƒá½·Î³Î³Î¹Î¿Î¹,7,urn:cite:phoros:places.60,1200
urn:cite:phoros:payrec.581,urn:cts:phoros:stele1.year:front.3.33, Î”ğ…ƒğ…‚ Î™Î™Î™Î™ Ï€Î±ÏÎ±Ïá¿– Î¿Î¹,7,urn:cite:phoros:places.151,100
urn:cite:phoros:payrec.582,urn:cts:phoros:stele1.year:front.3.34, Î”ğ…ƒ ğ…‚Î™Î™Î™Î™ ÏƒÎºÎ±ÏˆÎ±á¿–Î¿ Î¹,7,urn:cite:phoros:places.131,100
urn:cite:phoros:payrec.583,urn:cts:phoros:stele1.year:front.3.35, ğ…ƒ ğ…‚ğ…‚ğ…‚Î™Î™ ÏƒÎµÏÎ¼á¿†Ï‚,7,urn:cite:phoros:places.188,50
urn:cite:phoros:payrec.584,urn:cts:phoros:stele1.year:front.3.36, Î” Î”ğ…ƒ á¼´ÎºÎ¹Î¿Î¹,7,urn:cite:phoros:places.157,150
urn:cite:phoros:payrec.585,urn:cts:phoros:stele1.year:front.3.37, Î” ğ…‚ğ…‚Î™Î™Î™Î™ ÏƒÎ¹Î³ÎµÎ¹á¿† Ï‚,7,urn:cite:phoros:places.193,76
urn:cite:phoros:payrec.586,urn:cts:phoros:stele1.year:front.3.38, ğ…ƒ á¼ÏÏ€ Î±Î³Î¹Î¿á½·,7,urn:cite:phoros:places.213,30
urn:cite:phoros:payrec.587,urn:cts:phoros:stele1.year:front.3.39, Î— Î—Î— Ï€ÎµÏ€ Î±Ïá½µÎ¸Î¹Î¿Î¹,7,urn:cite:phoros:places.22,1800
urn:cite:phoros:payrec.588,urn:cts:phoros:stele1.year:front.3.40, Î— ÏƒÎµÏ á½·Ï†Î¹Î¿Î¹,7,urn:cite:phoros:places.146,600
urn:cite:phoros:payrec.589,urn:cts:phoros:stele1.year:front.3.2, ğ…„Î”Î”Î”ğ…ƒğ…‚Î™Î™Î™Î™ Î»Î±Î¼ ÏˆÎ±ÎºÎ·Î½Î¿á½·,7,urn:cite:phoros:places.95,520
urn:cite:phoros:payrec.590,urn:cts:phoros:stele1.year:front.3.3, ğ…„ Î±á¼°Î³á½± Î½Ï„Î¹Î¿Î¹,7,urn:cite:phoros:places.143,300
urn:cite:phoros:payrec.591,urn:cts:phoros:stele1.year:front.3.4, Î—Î—Î— Ï„á½µÎ½Î¹ Î¿Î¹,7,urn:cite:phoros:places.190,1800
urn:cite:phoros:payrec.592,urn:cts:phoros:stele1.year:front.3.5, ğ……Î— Ï„á¿„ÏŠÎ¿ Î¹,7,urn:cite:phoros:places.152,3600
urn:cite:phoros:payrec.593,urn:cts:phoros:stele1.year:front.3.6, ğ……Î— á¼„Î½Î´ÏÎ¹Î¿Î¹,7,urn:cite:phoros:places.145,3600
urn:cite:phoros:payrec.594,urn:cts:phoros:stele1.year:front.3.7, Î—ğ…„ Î¼ Ï…ÎºÏŒÎ½Î¹Î¿Î¹,7,urn:cite:phoros:places.114,900
urn:cite:phoros:payrec.595,urn:cts:phoros:stele1.year:front.3.8, Î—Î—Î”Î”Î”Î” ğ…ƒ Î¸á½± Ïƒ Î¹Î¿Î¹,7,urn:cite:phoros:places.61,1470
urn:cite:phoros:payrec.596,urn:cts:phoros:stele1.year:front.3.9, Î™Î™Î™ á¼€Î²Ï…Î´Î·Î½Î¿Î¯,7,urn:cite:phoros:places.19,
urn:cite:phoros:payrec.597,urn:cts:phoros:stele1.year:front.3.10, ğ…… Î— á¼ÏÎµÏ„ÏÎ¹á¿†Ï‚,7,urn:cite:phoros:places.214,3600
urn:cite:phoros:payrec.598,urn:cts:phoros:stele1.year:front.3.11, Î”ğ…ƒğ…‚Î™ Î™Î™Î™ Î²Ï Ï… Î½Ï‡ÎµÎ¹á¿†Ï‚,7,urn:cite:phoros:places.150,100
urn:cite:phoros:payrec.599,urn:cts:phoros:stele1.year:front.3.12, Î—Î— Î— ÏƒÎ¯Ï†Î½Î¹ Î¿Î¹,7,urn:cite:phoros:places.191,1800
urn:cite:phoros:payrec.600,urn:cts:phoros:stele1.year:front.3.13, Î”ğ…ƒ ğ…‚Î™Î™Î™Î™ Î´Î¹Î´Ï… Î¼Î¿Ï„ÎµÎ¹Ï‡ á¿–Ï„Î±Î¹,7,urn:cite:phoros:places.42,100
urn:cite:phoros:payrec.601,urn:cts:phoros:stele1.year:front.3.14, Î”ğ…‚ğ…‚ğ…‚ ğ…‚ á¼°á¾¶Ï„Î±Î¹,7,urn:cite:phoros:places.77,100
urn:cite:phoros:payrec.602,urn:cts:phoros:stele1.year:front.3.15, ğ……Î— Î— ğ…„Î”Î”Î”Î”Î™Î™Î™Î™ Ï„Î¿ÏÏ‰ Î½Î±á¿–Î¿Î¹,7,urn:cite:phoros:places.13,4744
urn:cite:phoros:payrec.603,urn:cts:phoros:stele1.year:front.3.16, Î” Î” Î”Î”ğ…ƒğ…‚ Î´Î±ÏÎ´ Î±Î½á¿†Ï‚,7,urn:cite:phoros:places.158,100
urn:cite:phoros:payrec.604,urn:cts:phoros:stele1.year:front.3.17, Î— Ï€ ÏÎ¹ Î±Î½á¿†Ï‚,7,urn:cite:phoros:places.101,600
urn:cite:phoros:payrec.605,urn:cts:phoros:stele1.year:front.3.18, Î— Ïƒ Ï„ Ï…Ïá¿†Ï‚,7,urn:cite:phoros:places.195,600
urn:cite:phoros:payrec.606,urn:cts:phoros:stele1.year:front.3.19, Î”Î”Î” ğ…‚ ğ…‚ğ…‚Î™Î™ á¼€ Î¸ Î·Î½Î±á¿–Î¿Î¹,7,urn:cite:phoros:places.121,100
urn:cite:phoros:payrec.607,urn:cts:phoros:stele1.year:front.3.20, Î”ğ…ƒğ…‚ Î™Î™ Î™Î™ Î² Î· Ïá½»ÏƒÎ¹Î¿Î¹,7,urn:cite:phoros:places.75,100
urn:cite:phoros:payrec.608,urn:cts:phoros:stele1.year:front.3.21, ğ…‚ğ…‚ğ…‚ğ…‚ Î² Ï…Î¶á½±Î½Ï„Î¹Î¿Î¹,7,urn:cite:phoros:places.139,
urn:cite:phoros:payrec.609,urn:cts:phoros:stele1.year:front.3.22, ğ…… Ï‡ Î± Î» ÎºÎ¹ Î´á¿†Ï‚,7,urn:cite:phoros:places.215,3000
urn:cite:phoros:payrec.610,urn:cts:phoros:stele1.year:front.3.23, ğ…„ Î½ Îµ Î¿ Ï€Î¿Î»á¿–Ï„Î±Î¹,7,urn:cite:phoros:places.30,300
urn:cite:phoros:payrec.611,urn:cts:phoros:stele1.year:front.3.24, Î”ğ…ƒğ…‚Î™Î™Î™Î™ Î»Î±Î¼ Ï€á½½Î½ÎµÎ¹Î±,7,urn:cite:phoros:places.37,100
urn:cite:phoros:payrec.612,urn:cts:phoros:stele1.year:front.3.25, Î” ğ…ƒğ…‚Î™Î™Î™Î™ Ï€Î±Î¹Ïƒ Î·Î½Î¿Î¯,7,urn:cite:phoros:places.116,100
urn:cite:phoros:payrec.613,urn:cts:phoros:stele1.year:front.3.26, Î”ğ…ƒ ğ…‚Î™Î™Î™Î™ Ï€ÎµÏÎºá½½ Ï„Îµ,7,urn:cite:phoros:places.123,100
urn:cite:phoros:payrec.614,urn:cts:phoros:stele1.year:front.3.27, Î— á¼¥ÏƒÏƒÎ¹ Î¿Î¹,7,urn:cite:phoros:places.35,600
urn:cite:phoros:payrec.615,urn:cts:phoros:stele1.year:front.3.28, á½‘Î»Î¹Î¼á¿†Ï‚,7,urn:cite:phoros:places.181,
urn:cite:phoros:payrec.616,urn:cts:phoros:stele1.year:front.3.29, Î¼ ÎµÏ„á½± Î´Î¹Î¿Î½á½»ÏƒÎ¹Î±,7,urn:cite:phoros:places.181,
urn:cite:phoros:payrec.617,urn:cts:phoros:stele1.year:front.3.30, Î”Î”ğ…ƒ Î»Î·ÏˆÎ¹Î¼Î¬Î½Î´Î¹Î¿Î¹,7,urn:cite:phoros:places.83,150
urn:cite:phoros:payrec.618,urn:cts:phoros:stele1.year:front.3.31, Î”Î”Î” Î”ğ…‚Î™Î™Î™Î™ ÎºÎ±ÏƒÎ¿Î»Î±Î²á¿†Ï‚,7,urn:cite:phoros:places.50,250
urn:cite:phoros:payrec.619,urn:cts:phoros:stele1.year:front.3.32, Î”Î” ğ…ƒ ğ…‚Î™Î™Î™Î™ Ï†Î·Î³Î®Ï„Î¹Î¿Î¹,7,urn:cite:phoros:places.156,160
urn:cite:phoros:payrec.620,urn:cts:phoros:stele1.year:front.3.33, Î—Î— Î— ÏƒÎµÏÎ²Ï…Î»Î¹á¿†Ï‚,7,urn:cite:phoros:places.56,1800
urn:cite:phoros:payrec.621,urn:cts:phoros:stele1.year:front.3.34, ğ…„ ÏƒÎºÎ±Î²Î»Î±á¿–Î¿Î¹,7,urn:cite:phoros:places.54,300
urn:cite:phoros:payrec.622,urn:cts:phoros:stele1.year:front.3.35, Î§ğ…… Î¼ÎµÎ´Î±á¿–Î¿Î¹,7,urn:cite:phoros:places.112,9000
urn:cite:phoros:payrec.623,urn:cts:phoros:stele1.year:front.3.36, Î—Î— Î— ÎºÏÎ¸Î½Î¹Î¿Î¹,7,urn:cite:phoros:places.194,1800
urn:cite:phoros:payrec.624,urn:cts:phoros:stele1.year:front.3.37, ğ…… ÎºÎ±Ïá½»ÏƒÏ„Î¹Î¿Î¹,7,urn:cite:phoros:places.149,3000
urn:cite:phoros:payrec.625,urn:cts:phoros:stele1.year:front.3.38, Î—Î—Î—Î— ÎºÎµá¿–Î¿Î¹,7,urn:cite:phoros:places.166,2400
urn:cite:phoros:payrec.626,urn:cts:phoros:stele1.year:, Î”ğ…ƒğ…‚Î™Î™Î™Î™ Î½Î±ÏÎ¹Ïƒ Î²Î±Ïá¿†Ï‚,8,place70,100
urn:cite:phoros:payrec.627,urn:cts:phoros:stele1.year:right.1.4, Î— Î—ğ…„Î”Î”Î”ğ…ƒ ğ…‚ğ…‚ğ…‚ Ï„ÎµÎ½Î­Î´ Î¹Î¿ Î¹,8,place107,1728
urn:cite:phoros:payrec.628,urn:cts:phoros:stele1.year:right.1.5, Î” ğ…ƒğ…‚Î™Î™Î™Î™ ÏƒÏ„Î±Î³Î¹ Ïá¿– Ï„Î±Î¹,8,place1,100
urn:cite:phoros:payrec.629,urn:cts:phoros:stele1.year:right.1.6, ğ…ƒ ğ…‚ğ…‚ ğ…‚Î™Î™ Î³ÎµÎ½Ï„Î¯ Î½ Î¹Î¿Î¹,8,place186,50
urn:cite:phoros:payrec.630,urn:cts:phoros:stele1.year:right.1.7, Î—ğ…„ ÎºÎµÏÎ±Î¼ á¿† Ï‚,8,place65,900
urn:cite:phoros:payrec.631,urn:cts:phoros:stele1.year:right.1.8, ğ……Î—Î—Î—Î— ÎºÎ±Î¼ÎµÎ¹ Ï á¿†Ï‚,8,place20,5400
urn:cite:phoros:payrec.632,urn:cts:phoros:stele1.year:right.1.9, Î—Î— á¼Î»Î¹ Îº Î±ÏÎ½á½±ÏƒÏƒÎ¹Î¿Î¹,8,place38,1200
urn:cite:phoros:payrec.633,urn:cts:phoros:stele1.year:right.1.10, Î— Î¼Ï…ÏÎ¹ Î½ Î±á¿–Î¿Î¹,8,place120,600
urn:cite:phoros:payrec.634,urn:cts:phoros:stele1.year:right.1.11, Î— Î¼ÎµÎºÏ… Ï€Îµ ÏÎ½Î±á¿–Î¿Î¹,8,place57,600
urn:cite:phoros:payrec.635,urn:cts:phoros:stele1.year:right.1.12, Î” Î”Î”ğ…‚ğ…‚ğ…‚Î™Î™ Ï€Î»Î± Î´ Î± Ïƒ á¿†Ï‚,8,place202,200
urn:cite:phoros:payrec.636,urn:cts:phoros:stele1.year:right.1.13, Î— Ï€ÎµÎ´Î± Ïƒ á¿†Ï‚,8,place100,600
urn:cite:phoros:payrec.637,urn:cts:phoros:stele1.year:right.1.14, Î—Î—Î—Î— ÎºÏ…Î¼Î± á¿– Î¿Î¹,8,place136,2400
urn:cite:phoros:payrec.638,urn:cts:phoros:stele1.year:right.1.15, Î” ğ…ƒğ…‚Î™Î™Î™Î™ Ï€Î¹Ï„Î± Î½ Î±á¿–Î¿Î¹,8,place11,100
urn:cite:phoros:payrec.639,urn:cts:phoros:stele1.year:right.1.16, Î” ğ…ƒğ…‚Î™Î™Î™Î™ Î³ÏÏ…Î½ Îµ Î¹á¿†Ï‚,8,place97,100
urn:cite:phoros:payrec.640,urn:cts:phoros:stele1.year:right.1.17, Î—Î—Î— Ï‡ÎµÏÏÎ¿Î½á½µÏƒÎ¹Î¿ Î¹,8,place164,1800
urn:cite:phoros:payrec.641,urn:cts:phoros:stele1.year:right.1.18, Î”ğ…ƒğ…‚Î™Î™Î™Î™ Ï€á½»ÏÎ½Î¹Î¿Î¹,8,place126,100
urn:cite:phoros:payrec.642,urn:cts:phoros:stele1.year:right.1.19, Î”ğ…ƒğ…‚Î™Î™Î™Î™ Î½ÎµÎ¬Ï€Î¿Î»Î¹Ï‚,8,place30,100
urn:cite:phoros:payrec.643,urn:cts:phoros:stele1.year:right.1.20, Î—Î— ÎºÏ…Î»Î»Î¬Î½Ï„Î¹Î¿Î¹,8,place67,1200
urn:cite:phoros:payrec.644,urn:cts:phoros:stele1.year:right.1.21, Î” Î” Î” ğ…‚ğ…‚ğ…‚Î™Î™ ÎºÏ…ÏÎ²Î¹ Ïƒ á¿†Ï‚,8,place41,200
urn:cite:phoros:payrec.645,urn:cts:phoros:stele1.year:right.1.22, Î” Î” Î” ğ…‚ğ…‚ğ…‚Î™Î™ Ï‡á¿–Î¿ Î¹,8,place68,200
urn:cite:phoros:payrec.646,urn:cts:phoros:stele1.year:right.1.23, Î—Î—Î— á¼€Ï†Ï… Ï„Î±á¿– Î¿Î¹,8,place105,1800
urn:cite:phoros:payrec.647,urn:cts:phoros:stele1.year:right.1.24, Î— ÏƒÏ… Î±Î³Î³ ÎµÎ»á¿†Ï‚,8,place203,600
urn:cite:phoros:payrec.648,urn:cts:phoros:stele1.year:right.1.25, Î—Î—ğ…„ Ï„ Îµ ÏÎ¼ ÎµÏá¿†Ï‚,8,place48,1500
urn:cite:phoros:payrec.649,urn:cts:phoros:stele1.year:right.1.26, á¼°Î´Î¹Î¼á¿†Ï‚,8,place204,
urn:cite:phoros:payrec.650,urn:cts:phoros:stele1.year:right.1.27, Î—ğ…„ Î¼Î± Ï Ï‰Î½á¿–Ï„Î±Î¹,8,place32,900
urn:cite:phoros:payrec.651,urn:cts:phoros:stele1.year:right.1.28, ğ…„ Î¸Îµ ÏÎ¼ Î± á¿–Î¿Î¹,8,place8,300
urn:cite:phoros:payrec.652,urn:cts:phoros:stele1.year:right.1.29, Î— Î¿á¼° Î½Î±á¿– Î¿Î¹,8,place34,600
urn:cite:phoros:payrec.653,urn:cts:phoros:stele1.year:right.1.30, ğ…„ Ï‡Î±Î»ÎºÎµÎ¹á¾¶ Ï„Î±Î¹,8,place175,300
urn:cite:phoros:payrec.654,urn:cts:phoros:stele1.year:right.1.31, Î—ğ…„ Î¹,8,,
urn:cite:phoros:payrec.655,urn:cts:phoros:stele1.year:right.1.32, Î— Î—Î— Î»ÎµÎ²Î­Î´Î¹Î¿Î¹,8,place174,1800
urn:cite:phoros:payrec.656,urn:cts:phoros:stele1.year:right.1.33, Î—Î—Î— Î±á¼°Î½ÎµÎ¹á¾¶Ï„Î± Î¹,8,place182,1800
urn:cite:phoros:payrec.657,urn:cts:phoros:stele1.year:right.1.35, Î”Î”ğ…ƒ Î±á¼±ÏƒÏÎ½ Î¹Î¿Î¹,8,place162,150
urn:cite:phoros:payrec.658,urn:cts:phoros:stele1.year:right.1.36, Î— Î´Î¹ÎºÎ±Î¹ Î¿Ï€Î¿Î»á¿–Ï„Î±Î¹,8,place43,600
urn:cite:phoros:payrec.659,urn:cts:phoros:stele1.year:right.1.37, á¼ÏÎµÏ„Ï Î¹á¿¶Î½ á¼„Ï€Î¿ Î¹Îº Î¿Î¹,8,place43,
urn:cite:phoros:payrec.660,urn:cts:phoros:stele1.year:right.1.38, Î±á¼´Î½Î¹ Î¿Î¹,8,place5,
urn:cite:phoros:payrec.661,urn:cts:phoros:stele1.year:right.1.39, ğ…„ ÎºÎ±ÏÎ½Î¹ Î¿Î¹,8,place110,300
urn:cite:phoros:payrec.662,urn:cts:phoros:stele1.year:right.1.40, ğ…ƒğ…‚ğ…‚ğ…‚Î™Î™ Î¸Î±ÏƒÎ¸Î±Ï á¿† Ï‚,8,place163,50
urn:cite:phoros:payrec.663,urn:cts:phoros:stele1.year:right.1.41, Î”Î”ğ…ƒ Î»Î·ÏˆÎ¹Î¼ á½±Î½Î´Î¹Î¿Î¹,8,place83,150
urn:cite:phoros:payrec.664,urn:cts:phoros:stele1.year:right.1.42, ğ…ƒğ…‚ğ…‚ğ…‚Î™Î™ Î½Î±Î¾Î¹á¾¶Ï„ Î±Î¹,8,place6,50
urn:cite:phoros:payrec.665,urn:cts:phoros:stele1.year:right.1.43, Î”Î”Î”Î”ğ…‚Î™Î™Î™Î™ ÎºÎ±ÏƒÎ¿Î»Î±Î²á¿† Ï‚,8,place50,250
urn:cite:phoros:payrec.666,urn:cts:phoros:stele1.year:right.1.44, Î”Î”ğ…ƒ Î¼Ï…Î´Î¿Î½á¿†Ï‚,8,place71,150
urn:cite:phoros:payrec.667,urn:cts:phoros:stele1.year:right.1.45, ğ…„ Ï„ Î· Î»Î¬Î½Î´ÏÎ¹Î¿Î¹,8,place173,150
urn:cite:phoros:payrec.668,urn:cts:phoros:stele1.year:right.1.46, Î”Î”ğ…ƒğ…‚Î™Î™Î™Î™ Ï† Î·Î³Î®Ï„Î¹Î¿Î¹,8,place156,160
urn:cite:phoros:payrec.669,urn:cts:phoros:stele1.year:right.1.47, Î”ğ…ƒğ…‚Î™Î™Î™Î™ ÎºÎ±ÏÎ²Î±ÏƒÏ…Î±Î½Î´ á¿†Ï‚,8,place46,100
urn:cite:phoros:payrec.670,urn:cts:phoros:stele1.year:right.1.48, ğ…ƒğ…‚ğ…‚ğ…‚Î™Î™ Î± á½ Î»Î¹á¾¶Ï„Î±Î¹,8,place76,50
urn:cite:phoros:payrec.671,urn:cts:phoros:stele1.year:right.1.49, Î”Î”Î”ğ…‚ğ…‚ğ…‚Î™Î™ ÎºÏÏ…á¿†Ï‚,8,place21,200
urn:cite:phoros:payrec.672,urn:cts:phoros:stele1.year:right.1.50, Î”ğ…ƒğ…‚Î™Î™Î™Î™ Ï†Î±ÏÎ²Î®Î»Î¹Î¿ Î¹,8,place2,100
urn:cite:phoros:payrec.673,urn:cts:phoros:stele1.year:right.1.51, ğ…ƒğ…‚ğ…‚ğ…‚Î™Î™ Î¼ÏÎ½Î´Î¹Î¿Î¹,8,place96,50
urn:cite:phoros:payrec.674,urn:cts:phoros:stele1.year:right.1.52, Î§ Î»Î¯Î½Î´Î¹Î¿Î¹,8,place33,6000
urn:cite:phoros:payrec.675,urn:cts:phoros:stele1.year:right.1.53, Î”Î”Î”ğ…‚ğ…‚ğ…‚Î™Î™ Ï€ÎµÎ´Î¹á¿†Ï‚,8,place205,200
urn:cite:phoros:payrec.676,urn:cts:phoros:stele1.year:right.1.54, Î—ğ…„ Î¸ÏÏƒÏƒÎ¹Î¿ Î¹,8,place12,900
urn:cite:phoros:payrec.677,urn:cts:phoros:stele1.year:right.1.55, ğ……Î—Î—Î—Î— Ï‡Î±Î»Ï‡Î·Î´ÏŒ Î½Î¹Î¿Î¹,8,place115,5400
urn:cite:phoros:payrec.678,urn:cts:phoros:stele1.year:right.1.56, ğ……Î— ÏƒÎµÎ»Ï… Î¼ Î²ÏÎ¹Î±Î½Î¿Î¯,8,place159,3600
urn:cite:phoros:payrec.679,urn:cts:phoros:stele1.year:right.1.57, ğ……Î— á¼ ÏÏ… Î¸ ÏÎ±á¿–Î¿ Î¹,8,place198,5260
urn:cite:phoros:payrec.680,urn:cts:phoros:stele1.year:right.1.58, Î— Î¿á½‘Ï„Î¿Î¹ á¼€Ï€ á¿†Î³ Î¿Î½,8,,
urn:cite:phoros:payrec.681,urn:cts:phoros:stele1.year:right.1.59, Î— Ï€Î¿ Î» Î¹Ï‡Î½Î±á½· Î¿Î½ á½• Ï€ÎµÏ Îº Î± á½¶ Î±á½‘Ï„á¿¶Î½,8,place154,
urn:cite:phoros:payrec.682,urn:cts:phoros:stele1.year:right.1.60, ğ…„ ÏƒÎ¹ Î´ Î¿ÏÏƒÎ¹Î¿Î¹,8,place177,
urn:cite:phoros:payrec.683,urn:cts:phoros:stele1.year:right.1.61, Î” Î²Î¿Ï…Î¸ÎµÎ¹á¿†Ï‚,8,place66,
urn:cite:phoros:payrec.684,urn:cts:phoros:stele1.year:right.1.62, Î” ğ…ƒ á¼Î» Î±Î¹Î¿ÏÏƒÎ¹Î¿Î¹,8,place212,
urn:cite:phoros:payrec.685,urn:cts:phoros:stele1.year:right.1.63, ğ…‚ Î™Î™Î™Î™ Ï€Ï„ ÎµÎ»ÎµÎ¿ÏÏƒÎ¹ Î¿Î¹,8,place178,
urn:cite:phoros:payrec.686,urn:cts:phoros:stele1.year:right.1.64, Î—Î— Ïƒá½· Î³Î³Î¹Î¿Î¹,8,place60,1200
urn:cite:phoros:payrec.687,urn:cts:phoros:stele1.year:right.1.65, Î”ğ…ƒğ…‚Î™Î™Î™Î™ Ï€ Î±ÏÏ€Î±Ï á¿–Î¿Î¹,8,place151,100
urn:cite:phoros:payrec.688,urn:cts:phoros:stele1.year:right.1.66, Î”ğ…ƒğ…‚Î™Î™Î™Î™ Ïƒ ÎºÎ±ÏˆÎ± á¿–Î¿Î¹,8,place131,100
urn:cite:phoros:payrec.689,urn:cts:phoros:stele1.year:right.1.67, ğ…ƒğ…‚ğ…‚ğ…‚Î™Î™ Ïƒ ÎµÏÎ¼ á¿†Ï‚,8,place188,50
urn:cite:phoros:payrec.690,urn:cts:phoros:stele1.year:right.1.68, Î”Î” ğ…ƒ á¼´ Îº Î¹Î¿ Î¹,8,place157,150
urn:cite:phoros:payrec.691,urn:cts:phoros:stele1.year:right.1.69, Î”ğ…ƒğ…‚Î™Î™Î™Î™ ÏƒÎ¹Î³ ÎµÎ¹á¿†Ï‚,8,place193,100
urn:cite:phoros:payrec.692,urn:cts:phoros:stele1.year:right.1.70, ğ…ƒ á¼ÏÏ€Î±Î³Î¹Î¿Î¯,8,place213,30
urn:cite:phoros:payrec.693,urn:cts:phoros:stele1.year:right.1.71, Î—Î—Î— Ï€ÎµÏ€Î±ÏÎ®Î¸Î¹Î¿Î¹,8,place22,1800
urn:cite:phoros:payrec.694,urn:cts:phoros:stele1.year:right.1.72, Î—Î—Î— ÎºÏÎ¸Î½Î¹Î¿Î¹,8,place194,1800
urn:cite:phoros:payrec.695,urn:cts:phoros:stele1.year:right.1.73, Î— Î´Î±ÏÎ´Î±Î½á¿†Ï‚,8,place158,600
urn:cite:phoros:payrec.696,urn:cts:phoros:stele1.year:right.1.74, Î— Ï€ÏÎ¹Î±Î½á¿†Ï‚,8,place101,600
urn:cite:phoros:payrec.697,urn:cts:phoros:stele1.year:right.1.75, Î— ÏƒÏ„Ï…Ïá¿†Ï‚,8,place195,600
urn:cite:phoros:payrec.698,urn:cts:phoros:stele1.year:right.1.76, Î”Î”Î”ğ…‚ğ…‚ğ…‚Î™Î™ á¼€Î¸Î·Î½Î±á¿–Î¿Î¹,8,place121,200
urn:cite:phoros:payrec.699,urn:cts:phoros:stele1.year:right.1.77, Î”ğ…ƒğ…‚Î™Î™Î™Î™ Î²Î·ÏÏÏƒÎ¹Î¿Î¹,8,place75,100
urn:cite:phoros:payrec.700,urn:cts:phoros:stele1.year:right.1.78, Î²Ï…Î¶Î¬Î½Ï„Î¹Î¿Î¹,8,place139,
urn:cite:phoros:payrec.701,urn:cts:phoros:stele1.year:right.1.79, ğ…… Ï‡Î±Î»ÎºÎ¹Î´á¿†Ï‚,8,place215,3000
urn:cite:phoros:payrec.702,urn:cts:phoros:stele1.year:right.1.80, ğ…„ Î½ÎµÎ¿Ï€Î¿Î»á¿–Ï„Î±Î¹,8,place30,300
urn:cite:phoros:payrec.703,urn:cts:phoros:stele1.year:right.1.81, Î”ğ…ƒğ…‚Î™Î™Î™Î™ Î»Î±Î¼Ï€ÏÎ½ÎµÎ¹Î±,8,place37,100
urn:cite:phoros:payrec.704,urn:cts:phoros:stele1.year:right.1.82, Î”ğ…ƒğ…‚Î™Î™Î™Î™ Ï€Î±Î¹ÏƒÎ·Î½Î¿Î¯,8,place116,100
urn:cite:phoros:payrec.705,urn:cts:phoros:stele1.year:right.1.83, Î”ğ…ƒğ…‚Î™Î™Î™Î™ Ï€ÎµÏÎºá½½Ï„Îµ,8,place123,100
urn:cite:phoros:payrec.706,urn:cts:phoros:stele1.year:right.1.84, Î— á¼¥ÏƒÏƒÎ¹Î¿Î¹,8,place35,600
urn:cite:phoros:payrec.707,urn:cts:phoros:stele1.year:right.1.85, á½‘Î»Î¹Î¼á¿†Ï‚,8,place181,
urn:cite:phoros:payrec.708,urn:cts:phoros:stele1.year:right.1.86, Î¿ ,8,,
urn:cite:phoros:payrec.709,urn:cts:phoros:stele1.year:right.1.88, Î¿Î¹,8,,
urn:cite:phoros:payrec.710,urn:cts:phoros:stele1.year:right.1.89, Î»Î±Î¼ ÏˆÎ± ÎºÎ·Î½Î¿á½·,8,place95,
urn:cite:phoros:payrec.711,urn:cts:phoros:stele1.year:right.1.90, Ï‡Îµ Ï Ï Î¿Î½ Î·Ïƒá¿–Ï„Î±Î¹,8,place18,
urn:cite:phoros:payrec.712,urn:cts:phoros:stele1.year:right.1.91, Îºá¿·Î¿Î¹,8,place160,
urn:cite:phoros:payrec.713,urn:cts:phoros:stele1.year:right.1.92, ğ…„ğ…‚ ğ…‚ ğ…‚ğ…‚ Î²ÎµÏÎ³Î±á¿– Î¿Î¹,8,place133,324
urn:cite:phoros:payrec.714,urn:cts:phoros:stele1.year:right.1.93, ğ…„ ğ…‚ğ…‚ğ…‚ğ…‚ Î¸Î¬ÏƒÎ¹Î¿Î¹,8,place61,324
urn:cite:phoros:payrec.715,urn:cts:phoros:stele1.year:right.1.94, ğ…„Î”Î”ğ…‚ ÎºÏ…Î¶Î¹ÎºÎ· Î½Î¿Î¯,8,place140,432
urn:cite:phoros:payrec.716,urn:cts:phoros:stele1.year:right.1.95, Î”Î”Î”ğ…ƒğ…‚ á¼ Ï†Î±Î¹Ïƒ Ï„Î¹á¿†Ï‚,8,place94,216
urn:cite:phoros:payrec.717,urn:cts:phoros:stele1.year:right.1.96, Î”Î”Î”ğ…‚ğ…‚ğ…‚Î™Î™ Î»Î¹Î¼Î½á¿–Î¿ Î¹,8,place216,200
urn:cite:phoros:payrec.718,urn:cts:phoros:stele1.year:right.1.97, Î”Î”Î™Î™Î™Î™ á¼€Î²Ï…Î´Î·Î½ Î¿Î¯,8,place19,
urn:cite:phoros:payrec.719,urn:cts:phoros:stele1.year:right.1.98, ğ…„ğ…‚ğ…‚ğ…‚ğ…‚ Î´Î±ÏÎ´ Î±Î½á¿†Ï‚,8,place158,324
urn:cite:phoros:payrec.720,urn:cts:phoros:stele1.year:right.1.99, ğ…„ á¼Î»Î±Î¹ Î¿Ï ÏƒÎ¹ Î¿ Î¹,8,place212,300
urn:cite:phoros:payrec.721,urn:cts:phoros:stele1.year:right.1.100, ğ…‚ğ…‚ğ…‚ğ…‚ ÏƒÎ¹Î³Îµ Î¹á¿†Ï‚,8,place193,24
urn:cite:phoros:payrec.722,urn:cts:phoros:stele1.year:right.1.101, ğ…„ğ…‚ğ…‚ğ…‚ğ…‚ Ï„ÎµÎ½Î­ Î´ Î¹Î¿Î¹,8,place107,324
urn:cite:phoros:payrec.723,urn:cts:phoros:stele1.year:right.1.102, Î—Î—Î—Î—ğ…„ Î²Ï…Î¶Î¬ Î½ Ï„Î¹Î¿Î¹ Î”Î”Î”,8,place139,28802880
urn:cite:phoros:payrec.724,urn:cts:phoros:stele1.year:right.1.103, Î—Î—Î—ğ…„Î”Î” Î²Ï…Î¶ á½± Î½ Ï„Î¹Î¿Î¹ Î”Î”ğ…ƒğ…‚ğ…‚Î™Î™,8,place139,23842384
urn:cite:phoros:payrec.725,urn:cts:phoros:stele1.year:right.1.104, Î— Îµ á¼´Ï‚ á¼ Î¹á½¹Î½Î± á¼Î²Î´ÎµÏá¿–,8,place52,600
urn:cite:phoros:payrec.726,urn:cts:phoros:stele1.year:right.1.105, Î—Î”Î”Î”Î”ğ…‚ğ…‚Î™Î™Î™ğ…µ Î±á¼´Î½ Î¹Î¿Î¹,8,place5,855.5
urn:cite:phoros:payrec.727,urn:cts:phoros:stele1.year:right.1.106, Î¸á½±ÏƒÎ¹ Î¿Î¹,8,place61,
urn:cite:phoros:payrec.728,urn:cts:phoros:stele1.year:right.1.107, Î§ Î¼Î¹ Î»á½µÏƒ Î¹Î¿Î¹,8,place117,6000
urn:cite:phoros:payrec.729,urn:cts:phoros:stele1.year:right.1.108, Î— Î»á½±Ï„ Î¼Î¹ Î¿Î¹,8,place99,600
urn:cite:phoros:payrec.730,urn:cts:phoros:stele1.year:right.1.109, Î— Î¼Ï…á½µ ÏƒÏƒÎ¹Î¿Î¹,8,place119,600
urn:cite:phoros:payrec.731,urn:cts:phoros:stele1.year:right.1.110, ğ…… Î—Î—ğ…„ á¼Ï†á½³Ïƒ Î¹Î¿Î¹,8,place4,4500
urn:cite:phoros:payrec.732,urn:cts:phoros:stele1.year:right.1.111, Î— á¼°Î±Ïƒá¿†Ï‚,8,place199,600
urn:cite:phoros:payrec.733,urn:cts:phoros:stele1.year:right.1.112, Î— ÎºÎ¹Î½Î´Ï…á¿† Ï‚,8,place102,600
urn:cite:phoros:payrec.734,urn:cts:phoros:stele1.year:right.1.113, Î— ÏƒÎ±Î½Î±á¿–Î¿Î¹,8,place14,600
urn:cite:phoros:payrec.735,urn:cts:phoros:stele1.year:right.2.6, Î”ğ…ƒğ…‚ Î™Î™Î™Î™ ÏƒÏÏÎ¹Î¿Î¹,8,place135,100
urn:cite:phoros:payrec.736,urn:cts:phoros:stele1.year:right.2.7, ğ…ƒğ…‚ğ…‚ğ…‚ Î™Î™ á½€Î¸ÏÏÎ¹Î¿Î¹,8,place206,50
urn:cite:phoros:payrec.737,urn:cts:phoros:stele1.year:right.2.8, Î—Î—Î— ÎºÎµÎ²ÏÎ®Î½Î¹Î¿Î¹,8,place49,1800
urn:cite:phoros:payrec.738,urn:cts:phoros:stele1.year:right.2.9, Î” Î¹,8,,
urn:cite:phoros:payrec.739,urn:cts:phoros:stele1.year:right.2.10, Î”ğ…ƒğ…‚Î™Î™Î™ Î™ ÎºÎ¿Î´Î±Ï€á¿†Ï‚,8,place90,100
urn:cite:phoros:payrec.740,urn:cts:phoros:stele1.year:right.2.11, ğ…ƒğ…‚Î™Î™ Î™Î™ ÎºÏ…Î´Î±Î¹á¿†Ï‚,8,place168,40
urn:cite:phoros:payrec.741,urn:cts:phoros:stele1.year:right.2.12, Î”ğ…ƒğ…‚Î™ Î™Î™Î™Î™ Î´Î¹Î¿ÏƒÎµÏá¿–Ï„Î±Î¹,8,place25,100
urn:cite:phoros:payrec.742,urn:cts:phoros:stele1.year:right.2.13, Î”Î”Î”ğ…ƒ Ï‡Î±Î»ÎºÎ·Ï„Î¿Ïá¿†Ï‚,8,place167,210
urn:cite:phoros:payrec.743,urn:cts:phoros:stele1.year:right.2.14, á½€Î»Î¿Ï†ÏÎ¾Î¹Î¿Î¹,8,place15,
urn:cite:phoros:payrec.744,urn:cts:phoros:stele1.year:right.2.15, Î—ğ…„ ÎºÎ»Î±Î¶Î¿Î¼Î­Î½Î¹Î¿Î¹,8,place44,900
urn:cite:phoros:payrec.745,urn:cts:phoros:stele1.year:right.2.16, Î§ğ…… á¼€Î²Î´Î·Ïá¿–Ï„Î±Î¹,8,place52,9000
urn:cite:phoros:payrec.746,urn:cts:phoros:stele1.year:right.2.17, Î—ğ…„ ÎºÎ±Î»ÏÎ´Î½Î¹Î¿Î¹,8,place109,900
urn:cite:phoros:payrec.747,urn:cts:phoros:stele1.year:right.2.18, Î”Î” Î”ğ…‚ğ…‚ğ…‚Î™Î™ Î½Î¿Ï„Î¹á¿†Ï‚,8,place24,200
urn:cite:phoros:payrec.748,urn:cts:phoros:stele1.year:right.2.19, ğ…„Î”Î” ğ…ƒ Î³Î±ÏÎ³Î±Ïá¿†Ï‚,8,place118,450
urn:cite:phoros:payrec.749,urn:cts:phoros:stele1.year:right.2.20, Î—Î—Î— Ï†Î±ÏƒÎ·Î»á¿–Ï„Î±Î¹,8,place47,1800
urn:cite:phoros:payrec.750,urn:cts:phoros:stele1.year:right.2.21, Î— Î´Î¹á¿†Ï‚,8,place16,600
urn:cite:phoros:payrec.751,urn:cts:phoros:stele1.year:right.2.22, ğ…„ ÎºÎ½Î¯Î´Î¹Î¿Î¹,8,place125,300
urn:cite:phoros:payrec.752,urn:cts:phoros:stele1.year:right.2.23, Î—Î— ÏƒÏ€Î±ÏÏ„ÏÎ»Î¹Î¿Î¹,8,place26,1200
urn:cite:phoros:payrec.753,urn:cts:phoros:stele1.year:right.2.24, Î— Ïƒ Ï„ÏÎµÏˆÎ±á¿–Î¿Î¹,8,place39,600
urn:cite:phoros:payrec.754,urn:cts:phoros:stele1.year:right.2.25, ğ…„ Îº ÎµÎ´ÏÎ¹á¾¶Ï„Î±Î¹,8,place64,300
urn:cite:phoros:payrec.755,urn:cts:phoros:stele1.year:right.2.26, Î§ á¼°Î·Î» ÏÏƒÎ¹Î¿Î¹,8,place128,6000
urn:cite:phoros:payrec.756,urn:cts:phoros:stele1.year:right.2.27, Î—Î— á¼€ÏƒÏƒÏ„ Ï…Ï€Î±Î»Î±Î¹á¿†Ï‚,8,place92,1200
urn:cite:phoros:payrec.757,urn:cts:phoros:stele1.year:right.2.28, Î—Î—Î— ÏƒÎµÏÎ²Ï… Î»Î¹á¿†Ï‚,8,place56,1800
urn:cite:phoros:payrec.758,urn:cts:phoros:stele1.year:right.2.29, ğ…„ ÏƒÎºÎ±Î²Î» Î±á¿–Î¿Î¹,8,place54,300
urn:cite:phoros:payrec.759,urn:cts:phoros:stele1.year:right.2.30, Î§ğ…… Î¼ÎµÎ½Î´Î± á¿–Î¿Î¹,8,place112,9000
urn:cite:phoros:payrec.760,urn:cts:phoros:stele1.year:right.2.31, ğ…„Î”Î”Î”ğ…‚ğ…‚ğ…‚Î™Î™ ÏƒÏ„ÏÎ»Î¹ Î¿Î¹,8,place58,500
urn:cite:phoros:payrec.761,urn:cts:phoros:stele1.year:right.2.32, ğ…ƒğ…‚ ğ…‚ğ…‚ Î™Î™ á¼‘Î´Ï ÏÎ»Î¹Î¿Î¹,8,place207,100
urn:cite:phoros:payrec.762,urn:cts:phoros:stele1.year:right.2.33, ğ…ƒ á¿¥ Î· Î½ Î±Î¹á¿†Ï‚,8,place148,30
urn:cite:phoros:payrec.763,urn:cts:phoros:stele1.year:right.2.34, ğ…ƒğ…‚ğ…‚ğ…‚Î™Î™ Ï€ ÏÎ¹Î±Ï€á¿†Ï‚,8,place127,50
urn:cite:phoros:payrec.764,urn:cts:phoros:stele1.year:right.2.35, Î”ğ…ƒğ…‚Î™Î™ á¼‘ ÏƒÏƒÏ„Î¹Î±Î¹á¿†Ï‚,8,place196,98
urn:cite:phoros:payrec.765,urn:cts:phoros:stele1.year:right.2.36, Î—Î—Î—ğ…„ğ…ƒğ…‚ Îº á¿·Î¿ Î¹,8,place160,2196
urn:cite:phoros:payrec.766,urn:cts:phoros:stele1.year:right.2.37, Î— Î—Î— Ï† Ï‰ ÎºÎ±Î¹á¿†Ï‚,8,place138,1800
urn:cite:phoros:payrec.767,urn:cts:phoros:stele1.year:right.2.38, ğ…ƒğ…‚ ğ…‚ ğ…‚ Î™Î™ Ï€Î±Î»Î±Î¹Ï€ÎµÏÎº ÏÏƒÎ¹Î¿Î¹,8,place153,100
urn:cite:phoros:payrec.768,urn:cts:phoros:stele1.year:right.2.39, Î—Î”Î” Î³Î±Î»Î®ÏˆÎ¹Î¿ Î¹,8,place208,720
urn:cite:phoros:payrec.769,urn:cts:phoros:stele1.year:right.2.40, ğ…„Î”ğ…ƒğ…‚ Î™ Î™Î™ Î™ Î²Î±ÏÎ³Ï…Î»Î¹á¿† Ï‚,8,place103,400
urn:cite:phoros:payrec.770,urn:cts:phoros:stele1.year:right.2.41, ğ……Î— ÏƒÎ± Î¼ Î¿Î¸Ïá¾·ÎºÎµÏ‚ ÎºÎµÏ‚,8,place93,3600
urn:cite:phoros:payrec.771,urn:cts:phoros:stele1.year:right.2.42, Î”Î”Î”Î” á¼€ ÏƒÏƒÎµÏá¿–Ï„Î± Î¹,8,place55,2400
urn:cite:phoros:payrec.772,urn:cts:phoros:stele1.year:right.2.43, ğ…„ Î´Î¯ ÎºÎ±Î¹Î±,8,place51,300
urn:cite:phoros:payrec.773,urn:cts:phoros:stele1.year:right.2.44, Î”Î”Î”ğ…‚ğ…‚ğ…‚Î™Î™ Î´ Î¹á¿†Ï‚ Ï‚,8,place16,200
urn:cite:phoros:payrec.774,urn:cts:phoros:stele1.year:right.2.45, Î”ğ…ƒğ…‚Î™Î™Î™Î™ Îµ á½Ï Ï…Î¼ Î±Ï‡á¿–Ï„Î±Î¹,8,place209,100
urn:cite:phoros:payrec.775,urn:cts:phoros:stele1.year:right.2.46, ğ…ƒğ…‚ğ…‚ğ…‚Î™Î™ Î²Ï Ï…ÎºÎ¿ÏÎ½Ï„Î¹Î¿Î¹,8,place210,50
urn:cite:phoros:payrec.776,urn:cts:phoros:stele1.year:right.2.47, Î” ğ…ƒğ…‚ Î™Î™Î™Î™ ÎºÎ¹ Î±Î½Î¿Î¯,8,place72,100
urn:cite:phoros:payrec.777,urn:cts:phoros:stele1.year:right.2.48, Î”ğ…ƒğ…‚Î™Î™Î™Î™ á¼€ÏÎºÎ­ÏƒÏƒÎµÎ¹Î±,8,place180,100
urn:cite:phoros:payrec.778,urn:cts:phoros:stele1.year:right.2.49, Î”Î” á½‘ Î¼Î¹ÏƒÏƒá¿†Ï‚,8,place161,120
urn:cite:phoros:payrec.779,urn:cts:phoros:stele1.year:right.2.50, Î— á½Î´Î¹ ÏƒÏƒá¿†Ï‚,8,place211,600
urn:cite:phoros:payrec.780,urn:cts:phoros:stele1.year:right.2.51, Î—Î—Î— Î±á¼±Ï Î±á¿–Î¿Î¹,8,place27,1800
urn:cite:phoros:payrec.781,urn:cts:phoros:stele1.year:right.2.52, Î”ğ…ƒğ…‚Î™Î™Î™Î™ Î´Î±Î¼Î½Î¹Î¿ Ï„ÎµÎ¹Ï‡á¿–Ï„Î±Î¹,8,place130,100
urn:cite:phoros:payrec.782,urn:cts:phoros:stele1.year:right.2.53, Î§ğ……Î—Î”Î” Ï€Î¬Ï Î¹Î¿Î¹,8,place192,9720
urn:cite:phoros:payrec.783,urn:cts:phoros:stele1.year:right.2.54, ğ……Î—ğ…„Î”ğ…ƒğ…‚Î™Î™Î™Î™ Î½Î¬ Î¾ Î¹Î¿Î¹,8,place197,4000
urn:cite:phoros:payrec.784,urn:cts:phoros:stele1.year:right.2.55, ğ…… ÎºÎ±Ï ÏÏƒÏ„Î¹Î¿Î¹,8,place149,3000
urn:cite:phoros:payrec.785,urn:cts:phoros:stele1.year:right.2.56, Î—Î—Î—Î— ÎºÎµá¿– Î¿Î¹,8,place166,2400
urn:cite:phoros:payrec.786,urn:cts:phoros:stele1.year:right.2.57, Î— Ïƒ ÎµÏ Î¯Ï†Î¹Î¿Î¹,8,place146,600
urn:cite:phoros:payrec.787,urn:cts:phoros:stele1.year:right.2.58, ğ…„Î” Î» Î±Î¼ ÏˆÎ±ÎºÎ·Î½Î¿Î¯,8,place95,360
urn:cite:phoros:payrec.788,urn:cts:phoros:stele1.year:right.2.59, ğ…„ Î±á¼°Î³ Î¬Î½Ï„Î¹Î¿Î¹,8,place143,300
urn:cite:phoros:payrec.789,urn:cts:phoros:stele1.year:right.2.61, Î—Î— Î— Ï„Î® Î½Î¹Î¿Î¹,8,place190,1800
urn:cite:phoros:payrec.790,urn:cts:phoros:stele1.year:right.2.62, ğ……Î— Ï„á¿„ ÏŠÎ¿Î¹,8,place152,3600
urn:cite:phoros:payrec.791,urn:cts:phoros:stele1.year:right.2.63, ğ……Î— á¼„ Î½Î´ÏÎ¹Î¿Î¹,8,place145,3600
urn:cite:phoros:payrec.792,urn:cts:phoros:stele1.year:right.2.64, Î—ğ…„ Î¼Ï…ÎºÏŒÎ½Î¹Î¿Î¹,8,place114,900
urn:cite:phoros:payrec.793,urn:cts:phoros:stele1.year:right.2.65, Î¸á½±ÏƒÎ¹Î¿Î¹,8,place61,
urn:cite:phoros:payrec.794,urn:cts:phoros:stele1.year:right.2.66, á¼€Î²Ï… Î´Î·Î½Î¿Î¯,8,place19,
urn:cite:phoros:payrec.795,urn:cts:phoros:stele1.year:right.2.67, ğ……Î— á¼ÏÎµÏ„ ÏÎ¹á¿†Ï‚,8,place214,3600
urn:cite:phoros:payrec.796,urn:cts:phoros:stele1.year:right.2.68, Î”ğ…ƒğ…‚Î™Î™Î™Î™ Î²ÏÏ… Î³Ï‡ÎµÎ¹á¿† Ï‚,8,place150,100
urn:cite:phoros:payrec.797,urn:cts:phoros:stele1.year:right.2.69, Î—Î—Î— ÏƒÎ¯Ï† Î½Î¹Î¿Î¹,8,place191,1800
urn:cite:phoros:payrec.798,urn:cts:phoros:stele1.year:right.2.70, Î§Î—Î— Ï„Î¿Ï Ï‰Î½Î±á¿–Î¿Î¹,8,place13,7200
urn:cite:phoros:payrec.799,urn:cts:phoros:stele1.year:right.2.71, á¼°á¾¶Ï„ Î±Î¹,8,place77,
urn:cite:phoros:payrec.800,urn:cts:phoros:stele1.year:right.2.72, Î”ğ…ƒğ…‚Î™Î™Î™Î™ Î´Î¹Î´Ï…Î¼Î¿Ï„ ÎµÎ¹Ï‡á¿–Ï„ Î±Î¹,8,place42,100
urn:cite:phoros:payrec.801,urn:cts:phoros:stele1.year:right.2.73, Î¿Î¹,8,,
urn:cite:phoros:payrec.802,urn:cts:phoros:stele1.year:right.2.74, Î¿Î¹,8,,
urn:cite:phoros:payrec.803,urn:cts:phoros:stele1.year:right.2.75, Î¹,8,,
urn:cite:phoros:payrec.804,urn:cts:phoros:stele1.year:right.2.76, ğ…„Î”ğ…ƒğ…‚Î™Î™Î™Î™ ÏƒÎ± Î½ Î±á¿–Î¿Î¹,8,place14,100
urn:cite:phoros:payrec.805,urn:cts:phoros:stele1.year:right.2.100, Î—Î—Î—Î—ğ…ƒ ğ…‚ ğ…‚ğ…‚ğ…‚Î™Î™ Ï„Î¿ÏÏ‰ Î½Î±á¿–Î¿Î¹,8,place13,2456
urn:cite:phoros:payrec.806,urn:cts:phoros:stele1.year:right.2.101, Î”Î”Î”ğ…ƒğ…‚ Îºá¿·Î¿Î¹,8,place160,216
urn:cite:phoros:payrec.807,urn:cts:phoros:stele1.year:right.2.102, Î— Î‡ Î¼Î±Î´Î½Î±Ïƒ á¿†Ï‚,8,place7,600
urn:cite:phoros:payrec.808,urn:cts:phoros:stele1.year:right.2.103, ğ…„ Î‡ Ï€ÎµÎ»ÎµÎ¹á¾¶ Ï„Î±Î¹,8,place98,300
urn:cite:phoros:payrec.809,urn:cts:phoros:stele1.year:right.2.104, Î— Î¼Ï…Î»Î±Ïƒá¿†Ï‚,8,place176,600
urn:cite:phoros:payrec.810,urn:cts:phoros:stele1.year:right.2.105, Î”Î”Î”Î”ğ…‚Î™Î™Î™Î™ á½‘ÏÏ‰Î¼á¿†Ï‚,8,place217,250
urn:cite:phoros:payrec.811,urn:cts:phoros:stele1.year:right.2.106, ğ…ƒğ…‚ğ…‚ğ…‚Î™Î™ ÎºÎ±ÏÏ…Î±Î½Î´á¿† Ï‚,8,place111,50
urn:cite:phoros:payrec.812,urn:cts:phoros:stele1.year:right.2.107, Î”Î”Î”ğ…ƒğ…‚ á¼ÏƒÏ‚ á¼Î¾ Ï„á½³Î½ÎµÎ´ Î¿Î½,8,place107,216
urn:cite:phoros:payrec.813,urn:cts:phoros:stele1.year:right.2.108, Î”Î”Î”ğ…ƒğ…‚ á¼Î¾ Ï„á½³Î½ÎµÎ´ Î¿Î½,8,place107,216
urn:cite:phoros:payrec.814,urn:cts:phoros:stele1.year:right.2.109, Î” Î”Î”ğ…‚ğ…‚ğ…‚Î™Î™ á¼ ÏÏ…Î¸ÏÎ±á¿–Î¿Î¹,8,place198,200
urn:cite:phoros:payrec.815,urn:cts:phoros:stele1.year:right.2.110, Î™ Î¼Ï…ÏÎ¹Î½Î±á¿–Î¿ Î¹,8,place120,
urn:cite:phoros:payrec.816,urn:cts:phoros:stele1.year:right.2.111, ğ…„ğ…ƒ á¼´Î¼ Î²Ï Î¹Î¿Î¹,8,place218,1626
urn:cite:phoros:payrec.817,urn:cts:phoros:stele1.year:right.2.112, Î—ğ…„Î”Î”ğ…ƒğ…‚ğ…‚Î™Î™ á¼Ï† Î±Î¹ÏƒÏƒÏ„Î¹á¿†Ï‚,8,place94,1064
