name,year,obols,source,lat,lon,polisUrn,urn,nameconf,amtconf
Abdera,8,100,urn:cts:phoros:stele1.year8:right.2.7,40.950000000000003,24.983332999999998,urn:cite:phoros:places.52,payrec_745,,
Abdera,4,1200,urn:cts:phoros:stele1.year4:front.1.20,40.950000000000003,24.983332999999998,urn:cite:phoros:places.52,payrec_269,,
Abdera,7,200,urn:cts:phoros:stele1.year7:front.2.12,40.950000000000003,24.983332999999998,urn:cite:phoros:places.52,payrec_538,,
Abdera,5,30,urn:cts:phoros:stele1.year5:front.4.29,40.950000000000003,24.983332999999998,urn:cite:phoros:places.52,payrec_459,,
Abdera,8,432,urn:cts:phoros:stele1.year8:right.1.95,40.950000000000003,24.983332999999998,urn:cite:phoros:places.52,payrec_725,,
Abdera,1,900,urn:cts:phoros:stele1.year1:front.5.18,40.950000000000003,24.983332999999998,urn:cite:phoros:places.52,payrec_75,,
Abydos,7,100,urn:cts:phoros:stele1.year7:front.3.35,40.194214000000002,26.411297999999999,urn:cite:phoros:places.19,payrec_596,,
Abydos,8,2400,urn:cts:phoros:stele1.year8:right.2.57,40.194214000000002,26.411297999999999,urn:cite:phoros:places.19,payrec_794,,
Abydos,1,400,urn:cts:phoros:stele1.year1:front.3.29,40.194214000000002,26.411297999999999,urn:cite:phoros:places.19,payrec_33,,
Abydos,5,600,urn:cts:phoros:stele1.year5:front.2.2,40.194214000000002,26.411297999999999,urn:cite:phoros:places.19,payrec_372,,
Abydos,8,600,urn:cts:phoros:stele1.year8:right.1.85,40.194214000000002,26.411297999999999,urn:cite:phoros:places.19,payrec_718,,
Aige,8,600,urn:cts:phoros:stele1.year8:right.2.51,39.978627000000003,23.666063999999999,urn:cite:phoros:places.143,payrec_788,,
Aige,4,900,urn:cts:phoros:stele1.year4:front.2.7,39.978627000000003,23.666063999999999,urn:cite:phoros:places.143,payrec_288,,
Aigina,4,100,urn:cts:phoros:stele1.year4:front.1.8,37.750149,23.423668000000003,urn:cite:phoros:places.80,payrec_257,,
Aigina,2,50,urn:cts:phoros:stele1.year2:.6.16,37.750149,23.423668000000003,urn:cite:phoros:places.80,payrec_123,,
Aineia,5,100,urn:cts:phoros:stele1.year5:front.4.16,40.439481000000001,22.879124000000001,urn:cite:phoros:places.182,payrec_446,,
Aineia,8,100,urn:cts:phoros:stele1.year8:right.1.20,40.439481000000001,22.879124000000001,urn:cite:phoros:places.182,payrec_656,,
Aineia,7,1200,urn:cts:phoros:stele1.year7:front.1.19,40.439481000000001,22.879124000000001,urn:cite:phoros:places.182,payrec_510,,
Ainos,4,100,urn:cts:phoros:stele1.year4:front.1.28,40.724898500000002,26.085729000000001,urn:cite:phoros:places.5,payrec_277,,
Ainos,5,100,urn:cts:phoros:stele1.year5:front.1.3,40.724898500000002,26.085729000000001,urn:cite:phoros:places.5,payrec_359,,
Ainos,3,1500,urn:cts:phoros:stele1.year3:front.5.9,40.724898500000002,26.085729000000001,urn:cite:phoros:places.5,payrec_229,,
Ainos,8,1800,urn:cts:phoros:stele1.year8:right.1.24,40.724898500000002,26.085729000000001,urn:cite:phoros:places.5,payrec_660,,
Ainos,5,200,urn:cts:phoros:stele1.year5:front.4.32,40.724898500000002,26.085729000000001,urn:cite:phoros:places.5,payrec_462,,
Ainos,8,216,urn:cts:phoros:stele1.year8:right.1.96,40.724898500000002,26.085729000000001,urn:cite:phoros:places.5,payrec_726,,
Ainos,7,600,urn:cts:phoros:stele1.year7:front.1.23,40.724898500000002,26.085729000000001,urn:cite:phoros:places.5,payrec_514,,
Ainos,2,900,urn:cts:phoros:stele1.year2:right.9.7,40.724898500000002,26.085729000000001,urn:cite:phoros:places.5,payrec_141,,
Aison,7,100,urn:cts:phoros:stele1.year7:front.1.20,39.362124999999999,22.893156500000003,urn:cite:phoros:places.162,payrec_511,,
Aison,8,1200,urn:cts:phoros:stele1.year8:right.1.21,39.362124999999999,22.893156500000003,urn:cite:phoros:places.162,payrec_657,,
Aison,5,900,urn:cts:phoros:stele1.year5:front.2.4,39.362124999999999,22.893156500000003,urn:cite:phoros:places.162,payrec_374,,
Akanthos,5,324,urn:cts:phoros:stele1.year5:front.5.11,40.399749999999997,23.880112,urn:cite:phoros:places.184,payrec_472,,
Alopekonnesos,3,50,urn:cts:phoros:stele1.year3:front.5.6,40.313938999999998,26.249544,urn:cite:phoros:places.122,payrec_226,,
Amynanda,2,7200,urn:cts:phoros:stele1.year2:.5.16,37.002222000000003,27.646106,urn:cite:phoros:places.85,payrec_113,,
Andros,4,400,urn:cts:phoros:stele1.year4:front.2.29,37.850000000000001,24.859999999999999,urn:cite:phoros:places.145,payrec_301,,
Andros,8,9720,urn:cts:phoros:stele1.year8:right.2.54,37.850000000000001,24.859999999999999,urn:cite:phoros:places.145,payrec_791,,
Aphytis,8,1200,urn:cts:phoros:stele1.year8:right.1.10,40.099366000000003,23.436606000000001,urn:cite:phoros:places.105,payrec_646,,
Aphytis,3,3600,urn:cts:phoros:stele1.year3:front.2.8,40.099366000000003,23.436606000000001,urn:cite:phoros:places.105,payrec_177,,
Aphytis,4,50,urn:cts:phoros:stele1.year4:front.2.6,40.099366000000003,23.436606000000001,urn:cite:phoros:places.105,payrec_287,,
Aphytis,7,600,urn:cts:phoros:stele1.year7:front.1.9,40.099366000000003,23.436606000000001,urn:cite:phoros:places.105,payrec_500,,
Arkaseia,5,2293,urn:cts:phoros:stele1.year5:front.3.37,35.477574400000002,27.1204377,urn:cite:phoros:places.180,payrec_430,,
Arkaseia,7,50,urn:cts:phoros:stele1.year7:front.3.7,35.477574400000002,27.1204377,urn:cite:phoros:places.180,payrec_567,,
Arkaseia,8,720,urn:cts:phoros:stele1.year8:right.2.40,35.477574400000002,27.1204377,urn:cite:phoros:places.180,payrec_777,,
Artake,3,200,urn:cts:phoros:stele1.year3:front.3.6,40.402951999999999,27.796268000000001,urn:cite:phoros:places.73,payrec_189,,
Assos,7,100,urn:cts:phoros:stele1.year7:front.3.14,39.490600999999998,26.337060999999995,urn:cite:phoros:places.35,payrec_614,,
Assos,1,1500,urn:cts:phoros:stele1.year1:front.4.25,39.490600999999998,26.337060999999995,urn:cite:phoros:places.35,payrec_54,,
Assos,5,1728,urn:cts:phoros:stele1.year5:front.3.39,39.490600999999998,26.337060999999995,urn:cite:phoros:places.35,payrec_432,,
Assos,8,1800,urn:cts:phoros:stele1.year8:right.1.73,39.490600999999998,26.337060999999995,urn:cite:phoros:places.35,payrec_706,,
Assos,5,600,urn:cts:phoros:stele1.year5:front.1.12,39.490600999999998,26.337060999999995,urn:cite:phoros:places.35,payrec_368,,
Astakos,1,100,urn:cts:phoros:stele1.year1:front.4.18,40.714557999999997,29.928794,urn:cite:phoros:places.29,payrec_47,,
Astakos,2,600,urn:cts:phoros:stele1.year2:right.10.8,40.714557999999997,29.928794,urn:cite:phoros:places.29,payrec_150,,
"Athenai,Diades",8,1200,urn:cts:phoros:stele1.year8:right.1.65,38.842284999999997,22.982897000000001,urn:cite:phoros:places.121,payrec_698,,
"Athenai,Diades",3,1800,urn:cts:phoros:stele1.year3:front.5.4,38.842284999999997,22.982897000000001,urn:cite:phoros:places.121,payrec_224,,
"Athenai,Diades",7,3600,urn:cts:phoros:stele1.year7:front.3.6,38.842284999999997,22.982897000000001,urn:cite:phoros:places.121,payrec_606,,
Azeia,5,200,urn:cts:phoros:stele1.year5:front.2.9,39.75,26.25,urn:cite:phoros:places.132,payrec_379,,
Bargylia,3,100,urn:cts:phoros:stele1.year3:front.2.6,37.195835000000002,27.589504999999999,urn:cite:phoros:places.103,payrec_175,,
Bargylia,4,40,urn:cts:phoros:stele1.year4:front.4.32,37.195835000000002,27.589504999999999,urn:cite:phoros:places.103,payrec_343,,
Bargylia,7,50,urn:cts:phoros:stele1.year7:front.2.36,37.195835000000002,27.589504999999999,urn:cite:phoros:places.103,payrec_559,,
Bargylia,8,500,urn:cts:phoros:stele1.year8:right.2.32,37.195835000000002,27.589504999999999,urn:cite:phoros:places.103,payrec_769,,
Berge,3,1800,urn:cts:phoros:stele1.year3:front.5.20,40.910981999999997,23.508247000000001,urn:cite:phoros:places.133,payrec_240,,
Berge,8,3000,urn:cts:phoros:stele1.year8:right.1.80,40.910981999999997,23.508247000000001,urn:cite:phoros:places.133,payrec_713,,
Berge,4,3600,urn:cts:phoros:stele1.year4:front.1.2,40.910981999999997,23.508247000000001,urn:cite:phoros:places.133,payrec_251,,
"Berytis,below,Mt.,Ida",8,100,urn:cts:phoros:stele1.year8:right.1.66,40.504842699999998,25.534030099999999,urn:cite:phoros:places.75,payrec_699,,
"Berytis,below,Mt.,Ida",5,15720,urn:cts:phoros:stele1.year5:front.4.39,40.504842699999998,25.534030099999999,urn:cite:phoros:places.75,payrec_466,,
"Berytis,below,Mt.,Ida",5,1800,urn:cts:phoros:stele1.year5:front.4.40,40.504842699999998,25.534030099999999,urn:cite:phoros:places.75,payrec_467,,
"Berytis,below,Mt.,Ida",2,305,urn:cts:phoros:stele1.year2:.1.14,40.504842699999998,25.534030099999999,urn:cite:phoros:places.75,payrec_99,,
"Berytis,below,Mt.,Ida",7,3600,urn:cts:phoros:stele1.year7:front.3.7,40.504842699999998,25.534030099999999,urn:cite:phoros:places.75,payrec_607,,
"Berytis,below,Mt.,Ida",2,413,urn:cts:phoros:stele1.year2:.1.13,40.504842699999998,25.534030099999999,urn:cite:phoros:places.75,payrec_98,,
Boutheia,5,1500,urn:cts:phoros:stele1.year5:front.3.35,38.327244999999998,26.307181,urn:cite:phoros:places.66,payrec_428,,
Boutheia,8,50,urn:cts:phoros:stele1.year8:right.1.49,38.327244999999998,26.307181,urn:cite:phoros:places.66,payrec_683,,
Boutheia,1,600,urn:cts:phoros:stele1.year1:front.6.15,38.327244999999998,26.307181,urn:cite:phoros:places.66,payrec_89,,
Byzantion,8,100,urn:cts:phoros:stele1.year8:right.1.67,41.005901999999999,28.973881499999997,urn:cite:phoros:places.139,payrec_700,,
Byzantion,4,1200,urn:cts:phoros:stele1.year4:front.1.32,41.005901999999999,28.973881499999997,urn:cite:phoros:places.139,payrec_281,,
Byzantion,8,324,urn:cts:phoros:stele1.year8:right.1.93,41.005901999999999,28.973881499999997,urn:cite:phoros:places.139,payrec_723,,
Byzantion,8,324,urn:cts:phoros:stele1.year8:right.1.94,41.005901999999999,28.973881499999997,urn:cite:phoros:places.139,payrec_724,,
Byzantion,7,900,urn:cts:phoros:stele1.year7:front.3.8,41.005901999999999,28.973881499999997,urn:cite:phoros:places.139,payrec_608,,
Chalketor,7,100,urn:cts:phoros:stele1.year7:front.2.9,37.349057999999999,27.685711999999999,urn:cite:phoros:places.167,payrec_535,,
Chalketor,5,1100,urn:cts:phoros:stele1.year5:front.4.11,37.349057999999999,27.685711999999999,urn:cite:phoros:places.167,payrec_441,,
Chalketor,5,600,urn:cts:phoros:stele1.year5:front.2.28,37.349057999999999,27.685711999999999,urn:cite:phoros:places.167,payrec_389,,
Chalketor,8,600,urn:cts:phoros:stele1.year8:right.1.112,37.349057999999999,27.685711999999999,urn:cite:phoros:places.167,payrec_742,,
Chalkis,7,1470,urn:cts:phoros:stele1.year7:front.3.9,40.334274000000001,27.391984000000001,urn:cite:phoros:places.215,payrec_609,,
Chalkis,8,50,urn:cts:phoros:stele1.year8:right.1.68,40.334274000000001,27.391984000000001,urn:cite:phoros:places.215,payrec_701,,
Dardanos,5,3707,urn:cts:phoros:stele1.year5:front.5.10,40.079726999999998,26.374420000000001,urn:cite:phoros:places.158,payrec_471,,
Dardanos,7,520,urn:cts:phoros:stele1.year7:front.3.3,40.079726999999998,26.374420000000001,urn:cite:phoros:places.158,payrec_603,,
"Daskyleion,in,Propontidi",2,100,urn:cts:phoros:stele1.year2:.2.2,40.377645000000001,28.674195999999998,urn:cite:phoros:places.79,payrec_104,,
"Daskyleion,in,Propontidi",3,100,urn:cts:phoros:stele1.year3:front.5.3,40.377645000000001,28.674195999999998,urn:cite:phoros:places.79,payrec_223,,
"Daskyleion,in,Propontidi",2,103,urn:cts:phoros:stele1.year2:.1.18,40.377645000000001,28.674195999999998,urn:cite:phoros:places.79,payrec_103,,
"Daskyleion,in,Propontidi",3,7200,urn:cts:phoros:stele1.year3:front.5.2,40.377645000000001,28.674195999999998,urn:cite:phoros:places.79,payrec_222,,
Daunion/Damnion,4,1000,urn:cts:phoros:stele1.year4:front.1.31,41.053505999999999,28.038408,urn:cite:phoros:places.130,payrec_280,,
Daunion/Damnion,8,300,urn:cts:phoros:stele1.year8:right.2.44,41.053505999999999,28.038408,urn:cite:phoros:places.130,payrec_781,,
Daunion/Damnion,7,3600,urn:cts:phoros:stele1.year7:front.3.12,41.053505999999999,28.038408,urn:cite:phoros:places.130,payrec_572,,
"Diduma,Teichos",7,30,urn:cts:phoros:stele1.year7:front.3.39,40.286031000000001,27.274404000000001,urn:cite:phoros:places.42,payrec_600,,
"Diduma,Teichos",8,3600,urn:cts:phoros:stele1.year8:right.2.64,40.286031000000001,27.274404000000001,urn:cite:phoros:places.42,payrec_800,,
"Diduma,Teichos",3,900,urn:cts:phoros:stele1.year3:front.2.7,40.286031000000001,27.274404000000001,urn:cite:phoros:places.42,payrec_176,,
"Dikaia,by,Abdera",3,1000,urn:cts:phoros:stele1.year3:front.3.8,40.992870000000003,25.165652999999999,urn:cite:phoros:places.51,payrec_191,,
"Dikaia,by,Abdera",5,1800,urn:cts:phoros:stele1.year5:front.4.27,40.992870000000003,25.165652999999999,urn:cite:phoros:places.51,payrec_457,,
"Dikaia,by,Abdera",4,300,urn:cts:phoros:stele1.year4:front.3.23,40.992870000000003,25.165652999999999,urn:cite:phoros:places.51,payrec_307,,
"Dikaia,by,Abdera",1,300,urn:cts:phoros:stele1.year1:front.5.16,40.992870000000003,25.165652999999999,urn:cite:phoros:places.51,payrec_73,,
"Dikaia,by,Abdera",1,300,urn:cts:phoros:stele1.year1:front.5.17,40.992870000000003,25.165652999999999,urn:cite:phoros:places.51,payrec_74,,
"Dikaia,by,Abdera",8,50,urn:cts:phoros:stele1.year8:right.2.35,40.992870000000003,25.165652999999999,urn:cite:phoros:places.51,payrec_772,,
"Dikaia,by,Abdera",7,500,urn:cts:phoros:stele1.year7:front.3.2,40.992870000000003,25.165652999999999,urn:cite:phoros:places.51,payrec_562,,
"Dikaia,by,Abdera",3,600,urn:cts:phoros:stele1.year3:front.3.7,40.992870000000003,25.165652999999999,urn:cite:phoros:places.51,payrec_190,,
"Dikaia,by,Abdera",5,600,urn:cts:phoros:stele1.year5:front.4.28,40.992870000000003,25.165652999999999,urn:cite:phoros:places.51,payrec_458,,
Ephesos,4,1800,urn:cts:phoros:stele1.year4:front.1.16,37.94583755,27.351764500000002,urn:cite:phoros:places.4,payrec_265,,
Ephesos,8,24,urn:cts:phoros:stele1.year8:right.1.101,37.94583755,27.351764500000002,urn:cite:phoros:places.4,payrec_731,,
Ephesos,2,600,urn:cts:phoros:stele1.year2:right.9.5,37.94583755,27.351764500000002,urn:cite:phoros:places.4,payrec_139,,
Erythrai,7,100,urn:cts:phoros:stele1.year7:front.3.16,38.382778000000002,26.480833000000001,urn:cite:phoros:places.198,payrec_576,,
Erythrai,8,150,urn:cts:phoros:stele1.year8:right.1.45,38.382778000000002,26.480833000000001,urn:cite:phoros:places.198,payrec_679,,
Erythrai,8,300,urn:cts:phoros:stele1.year8:right.2.104,38.382778000000002,26.480833000000001,urn:cite:phoros:places.198,payrec_814,,
Erythrai,5,600,urn:cts:phoros:stele1.year5:front.3.31,38.382778000000002,26.480833000000001,urn:cite:phoros:places.198,payrec_424,,
Eurumaxos,8,2196,urn:cts:phoros:stele1.year8:right.2.37,40.233058,25.903047000000001,urn:cite:phoros:places.209,payrec_774,,
Eurumaxos,7,30,urn:cts:phoros:stele1.year7:front.3.4,40.233058,25.903047000000001,urn:cite:phoros:places.209,payrec_564,,
Galepsos,7,3000,urn:cts:phoros:stele1.year7:front.2.33,37.862209,27.263729000000012,urn:cite:phoros:places.208,payrec_556,,
Galepsos,8,9000,urn:cts:phoros:stele1.year8:right.2.31,37.862209,27.263729000000012,urn:cite:phoros:places.208,payrec_768,,
Gargara,7,100,urn:cts:phoros:stele1.year7:front.2.17,39.535451000000002,26.542853999999995,urn:cite:phoros:places.118,payrec_541,,
Gargara,8,100,urn:cts:phoros:stele1.year8:right.2.11,39.535451000000002,26.542853999999995,urn:cite:phoros:places.118,payrec_748,,
Gargara,4,300,urn:cts:phoros:stele1.year4:front.1.25,39.535451000000002,26.542853999999995,urn:cite:phoros:places.118,payrec_274,,
Gentinos,5,600,urn:cts:phoros:stele1.year5:front.5.21,39.876942999999997,26.279146000000001,urn:cite:phoros:places.186,payrec_482,,
Gentinos,5,972,urn:cts:phoros:stele1.year5:front.5.15,39.876942999999997,26.279146000000001,urn:cite:phoros:places.186,payrec_476,,
Grynche,7,150,urn:cts:phoros:stele1.year7:front.3.37,38.401105000000001,24.159839999999999,urn:cite:phoros:places.150,payrec_598,,
Grynche,4,2400,urn:cts:phoros:stele1.year4:front.3.22,38.401105000000001,24.159839999999999,urn:cite:phoros:places.150,payrec_306,,
Grynche,8,360,urn:cts:phoros:stele1.year8:right.2.59,38.401105000000001,24.159839999999999,urn:cite:phoros:places.150,payrec_796,,
Gryneion,7,100,urn:cts:phoros:stele1.year7:front.1.2,38.874665,27.069172999999999,urn:cite:phoros:places.97,payrec_493,,
Gryneion,2,10800,urn:cts:phoros:stele1.year2:right.10.6,38.874665,27.069172999999999,urn:cite:phoros:places.97,payrec_148,,
Gryneion,4,1200,urn:cts:phoros:stele1.year4:front.1.30,38.874665,27.069172999999999,urn:cite:phoros:places.97,payrec_279,,
Gryneion,7,2400,urn:cts:phoros:stele1.year7:front.3.39,38.874665,27.069172999999999,urn:cite:phoros:places.97,payrec_639,,
Halikarnassos,4,160,urn:cts:phoros:stele1.year4:front.3.29,37.038220500000001,27.423765,urn:cite:phoros:places.38,payrec_313,,
Halikarnassos,7,250,urn:cts:phoros:stele1.year7:front.3.32,37.038220500000001,27.423765,urn:cite:phoros:places.38,payrec_632,,
Halikarnassos,1,300,urn:cts:phoros:stele1.year1:front.4.29,37.038220500000001,27.423765,urn:cite:phoros:places.38,payrec_58,,
Halikarnassos,3,40,urn:cts:phoros:stele1.year3:front.4.28,37.038220500000001,27.423765,urn:cite:phoros:places.38,payrec_218,,
Halikarnassos,5,50,urn:cts:phoros:stele1.year5:front.4.14,37.038220500000001,27.423765,urn:cite:phoros:places.38,payrec_444,,
Halikarnassos,5,56,urn:cts:phoros:stele1.year5:front.5.25,37.038220500000001,27.423765,urn:cite:phoros:places.38,payrec_486,,
Hephaistia,8,100,urn:cts:phoros:stele1.year8:right.1.83,39.965475499999997,25.322257,urn:cite:phoros:places.94,payrec_716,,
Hephaistia,2,250,urn:cts:phoros:stele1.year2:right.8.14,39.965475499999997,25.322257,urn:cite:phoros:places.94,payrec_131,,
Hephaistia,8,50,urn:cts:phoros:stele1.year8:right.2.107,39.965475499999997,25.322257,urn:cite:phoros:places.94,payrec_817,,
Hestiaia,7,1800,urn:cts:phoros:stele1.year7:front.2.31,38.946604000000001,23.090527000000002,urn:cite:phoros:places.196,payrec_554,,
Hestiaia,8,6000,urn:cts:phoros:stele1.year8:right.2.27,38.946604000000001,23.090527000000002,urn:cite:phoros:places.196,payrec_764,,
Ialysos,5,100,urn:cts:phoros:stele1.year5:front.3.13,36.41451,28.156289999999998,urn:cite:phoros:places.128,payrec_408,,
Ialysos,7,150,urn:cts:phoros:stele1.year7:front.2.25,36.41451,28.156289999999998,urn:cite:phoros:places.128,payrec_548,,
Ialysos,5,3600,urn:cts:phoros:stele1.year5:front.2.10,36.41451,28.156289999999998,urn:cite:phoros:places.128,payrec_380,,
Ialysos,3,4501,urn:cts:phoros:stele1.year3:front.5.19,36.41451,28.156289999999998,urn:cite:phoros:places.128,payrec_239,,
Ialysos,8,900,urn:cts:phoros:stele1.year8:right.2.18,36.41451,28.156289999999998,urn:cite:phoros:places.128,payrec_755,,
Iasos,8,324,urn:cts:phoros:stele1.year8:right.1.102,37.279525,27.584578000000004,urn:cite:phoros:places.199,payrec_732,,
Idyma,8,200,urn:cts:phoros:stele1.year8:right.1.13,37.059443000000002,28.367318999999998,urn:cite:phoros:places.204,payrec_649,,
Idyma,7,600,urn:cts:phoros:stele1.year7:front.1.12,37.059443000000002,28.367318999999998,urn:cite:phoros:places.204,payrec_503,,
Ikos,7,100,urn:cts:phoros:stele1.year7:front.3.24,39.163500999999997,23.900777000000001,urn:cite:phoros:places.157,payrec_584,,
Ikos,4,40,urn:cts:phoros:stele1.year4:front.5.25,39.163500999999997,23.900777000000001,urn:cite:phoros:places.157,payrec_349,,
Ikos,8,5400,urn:cts:phoros:stele1.year8:right.1.56,39.163500999999997,23.900777000000001,urn:cite:phoros:places.157,payrec_690,,
Imbros,8,250,urn:cts:phoros:stele1.year8:right.2.106,40.233058,25.903047000000001,urn:cite:phoros:places.218,payrec_816,,
Ios,2,103,urn:cts:phoros:stele1.year2:.1.16,36.723334999999999,25.282229000000001,urn:cite:phoros:places.77,payrec_101,,
Ios,3,1800,urn:cts:phoros:stele1.year3:front.3.5,36.723334999999999,25.282229000000001,urn:cite:phoros:places.77,payrec_188,,
Ios,7,1800,urn:cts:phoros:stele1.year7:front.3.40,36.723334999999999,25.282229000000001,urn:cite:phoros:places.77,payrec_601,,
Ios,8,3600,urn:cts:phoros:stele1.year8:right.2.63,36.723334999999999,25.282229000000001,urn:cite:phoros:places.77,payrec_799,,
Kalchedon,4,100,urn:cts:phoros:stele1.year4:front.1.22,40.983393,29.025789,urn:cite:phoros:places.115,payrec_271,,
Kalchedon,7,300,urn:cts:phoros:stele1.year7:front.3.14,40.983393,29.025789,urn:cite:phoros:places.115,payrec_574,,
Kalchedon,8,50,urn:cts:phoros:stele1.year8:right.1.43,40.983393,29.025789,urn:cite:phoros:places.115,payrec_677,,
Kalymna,3,100,urn:cts:phoros:stele1.year3:front.3.2,36.983333000000002,26.983332999999998,urn:cite:phoros:places.109,payrec_185,,
Kalymna,8,50,urn:cts:phoros:stele1.year8:right.2.8,36.983333000000002,26.983332999999998,urn:cite:phoros:places.109,payrec_746,,
Kalymna,5,900,urn:cts:phoros:stele1.year5:front.3.23,36.983333000000002,26.983332999999998,urn:cite:phoros:places.109,payrec_418,,
Kalymna,7,900,urn:cts:phoros:stele1.year7:front.2.13,36.983333000000002,26.983332999999998,urn:cite:phoros:places.109,payrec_539,,
Kameiros,5,100,urn:cts:phoros:stele1.year5:front.5.24,36.336185,27.921195000000001,urn:cite:phoros:places.20,payrec_485,,
Kameiros,7,150,urn:cts:phoros:stele1.year7:front.3.31,36.336185,27.921195000000001,urn:cite:phoros:places.20,payrec_631,,
Kameiros,4,300,urn:cts:phoros:stele1.year4:front.4.17,36.336185,27.921195000000001,urn:cite:phoros:places.20,payrec_329,,
Kameiros,3,50,urn:cts:phoros:stele1.year3:front.5.18,36.336185,27.921195000000001,urn:cite:phoros:places.20,payrec_238,,
Kameiros,1,600,urn:cts:phoros:stele1.year1:front.4.9,36.336185,27.921195000000001,urn:cite:phoros:places.20,payrec_38,,
Kameiros,5,600,urn:cts:phoros:stele1.year5:front.3.15,36.336185,27.921195000000001,urn:cite:phoros:places.20,payrec_410,,
Karpathos,5,100,urn:cts:phoros:stele1.year5:front.3.36,35.583333000000003,27.133333,urn:cite:phoros:places.179,payrec_429,,
Karyanda,8,2456,urn:cts:phoros:stele1.year8:right.2.101,37.161848999999997,27.529585999999998,urn:cite:phoros:places.111,payrec_811,,
Karystos,4,100,urn:cts:phoros:stele1.year4:front.2.33,38.016540999999997,24.420380999999999,urn:cite:phoros:places.149,payrec_305,,
Karystos,7,300,urn:cts:phoros:stele1.year7:front.3.24,38.016540999999997,24.420380999999999,urn:cite:phoros:places.149,payrec_624,,
Karystos,8,50,urn:cts:phoros:stele1.year8:right.2.47,38.016540999999997,24.420380999999999,urn:cite:phoros:places.149,payrec_784,,
Kaunos,7,1500,urn:cts:phoros:stele1.year7:front.1.24,36.825909000000003,28.621536000000003,urn:cite:phoros:places.110,payrec_515,,
Kaunos,4,300,urn:cts:phoros:stele1.year4:front.1.18,36.825909000000003,28.621536000000003,urn:cite:phoros:places.110,payrec_267,,
Kaunos,4,3550,urn:cts:phoros:stele1.year4:front.2.28,36.825909000000003,28.621536000000003,urn:cite:phoros:places.110,payrec_300,,
Kaunos,8,600,urn:cts:phoros:stele1.year8:right.1.25,36.825909000000003,28.621536000000003,urn:cite:phoros:places.110,payrec_661,,
Keos/Kea,5,100,urn:cts:phoros:stele1.year5:front.2.26,37.616667,24.333333,urn:cite:phoros:places.166,payrec_387,,
Keos/Kea,7,100,urn:cts:phoros:stele1.year7:front.3.25,37.616667,24.333333,urn:cite:phoros:places.166,payrec_625,,
Keos/Kea,8,100,urn:cts:phoros:stele1.year8:right.2.48,37.616667,24.333333,urn:cite:phoros:places.166,payrec_785,,
Keramos,5,600,urn:cts:phoros:stele1.year5:front.5.23,37.042417999999998,27.951332000000001,urn:cite:phoros:places.65,payrec_484,,
Keramos,1,600,urn:cts:phoros:stele1.year1:front.6.14,37.042417999999998,27.951332000000001,urn:cite:phoros:places.65,payrec_88,,
Keramos,3,900,urn:cts:phoros:stele1.year3:front.2.11,37.042417999999998,27.951332000000001,urn:cite:phoros:places.65,payrec_179,,
Kindya,8,2880,urn:cts:phoros:stele1.year8:right.1.103,37.191684000000002,27.650051999999999,urn:cite:phoros:places.102,payrec_733,,
Kindya,3,4800,urn:cts:phoros:stele1.year3:front.2.5,37.191684000000002,27.650051999999999,urn:cite:phoros:places.102,payrec_174,,
Kios,7,100,urn:cts:phoros:stele1.year7:front.3.6,40.432468999999998,29.156389999999998,urn:cite:phoros:places.72,payrec_566,,
Kios,8,100,urn:cts:phoros:stele1.year8:right.2.39,40.432468999999998,29.156389999999998,urn:cite:phoros:places.72,payrec_776,,
Kios,1,1800,urn:cts:phoros:stele1.year1:front.6.20,40.432468999999998,29.156389999999998,urn:cite:phoros:places.72,payrec_94,,
Klazomenia,4,100,urn:cts:phoros:stele1.year4:front.4.9,38.361462500000002,26.770558099999999,urn:cite:phoros:places.44,payrec_321,,
Klazomenia,3,600,urn:cts:phoros:stele1.year3:front.1.13,38.361462500000002,26.770558099999999,urn:cite:phoros:places.44,payrec_165,,
Klazomenia,8,600,urn:cts:phoros:stele1.year8:right.2.6,38.361462500000002,26.770558099999999,urn:cite:phoros:places.44,payrec_744,,
Klazomenia,7,6000,urn:cts:phoros:stele1.year7:front.2.11,38.361462500000002,26.770558099999999,urn:cite:phoros:places.44,payrec_537,,
Knidos,3,100,urn:cts:phoros:stele1.year3:front.5.14,36.686188000000001,27.374039999999997,urn:cite:phoros:places.125,payrec_234,,
Knidos,7,100,urn:cts:phoros:stele1.year7:front.2.21,36.686188000000001,27.374039999999997,urn:cite:phoros:places.125,payrec_544,,
Knidos,8,210,urn:cts:phoros:stele1.year8:right.2.14,36.686188000000001,27.374039999999997,urn:cite:phoros:places.125,payrec_751,,
Knidos,5,40,urn:cts:phoros:stele1.year5:front.2.40,36.686188000000001,27.374039999999997,urn:cite:phoros:places.125,payrec_401,,
Knidos,4,600,urn:cts:phoros:stele1.year4:front.2.16,36.686188000000001,27.374039999999997,urn:cite:phoros:places.125,payrec_297,,
Kolophon,4,150,urn:cts:phoros:stele1.year4:front.1.13,38.090825799999998,27.157222999999998,urn:cite:phoros:places.23,payrec_262,,
Kolophon,2,1800,urn:cts:phoros:stele1.year2:right.9.2,38.090825799999998,27.157222999999998,urn:cite:phoros:places.23,payrec_136,,
Kolophon,5,1800,urn:cts:phoros:stele1.year5:front.1.2,38.090825799999998,27.157222999999998,urn:cite:phoros:places.23,payrec_358,,
Kyllandos,4,150,urn:cts:phoros:stele1.year4:front.4.2,37.067653999999997,28.442249,urn:cite:phoros:places.67,payrec_314,,
Kyllandos,3,288,urn:cts:phoros:stele1.year3:front.4.29,37.067653999999997,28.442249,urn:cite:phoros:places.67,payrec_219,,
Kyllandos,8,50,urn:cts:phoros:stele1.year8:right.1.7,37.067653999999997,28.442249,urn:cite:phoros:places.67,payrec_643,,
Kyllandos,7,900,urn:cts:phoros:stele1.year7:front.1.6,37.067653999999997,28.442249,urn:cite:phoros:places.67,payrec_497,,
Kythnos,7,3000,urn:cts:phoros:stele1.year7:front.3.23,37.412292999999998,24.429784000000001,urn:cite:phoros:places.194,payrec_623,,
Kyzikos,8,100,urn:cts:phoros:stele1.year8:right.1.82,40.389806,27.874127000000001,urn:cite:phoros:places.140,payrec_715,,
Kyzikos,4,200,urn:cts:phoros:stele1.year4:front.1.33,40.389806,27.874127000000001,urn:cite:phoros:places.140,payrec_282,,
Lamponeia,8,100,urn:cts:phoros:stele1.year8:right.1.70,39.538105000000002,26.421229,urn:cite:phoros:places.37,payrec_703,,
Lamponeia,1,246,urn:cts:phoros:stele1.year1:front.4.27,39.538105000000002,26.421229,urn:cite:phoros:places.37,payrec_56,,
Lamponeia,7,3600,urn:cts:phoros:stele1.year7:front.3.11,39.538105000000002,26.421229,urn:cite:phoros:places.37,payrec_611,,
Lamponeia,5,600,urn:cts:phoros:stele1.year5:front.1.14,39.538105000000002,26.421229,urn:cite:phoros:places.37,payrec_370,,
Lampsakos,4,100,urn:cts:phoros:stele1.year4:front.5.28,40.346685000000001,26.699162000000001,urn:cite:phoros:places.95,payrec_352,,
Lampsakos,8,120,urn:cts:phoros:stele1.year8:right.2.50,40.346685000000001,26.699162000000001,urn:cite:phoros:places.95,payrec_787,,
Lampsakos,8,200,urn:cts:phoros:stele1.year8:right.1.77,40.346685000000001,26.699162000000001,urn:cite:phoros:places.95,payrec_710,,
Latmos,8,324,urn:cts:phoros:stele1.year8:right.1.99,37.498075999999998,27.537659999999999,urn:cite:phoros:places.99,payrec_729,,
Latmos,3,5400,urn:cts:phoros:stele1.year3:front.4.12,37.498075999999998,27.537659999999999,urn:cite:phoros:places.99,payrec_209,,
Latmos,4,600,urn:cts:phoros:stele1.year4:front.4.18,37.498075999999998,27.537659999999999,urn:cite:phoros:places.99,payrec_330,,
Lebedos,7,100,urn:cts:phoros:stele1.year7:front.1.18,38.077883,26.964721999999998,urn:cite:phoros:places.174,payrec_509,,
Lebedos,8,100,urn:cts:phoros:stele1.year8:right.1.19,38.077883,26.964721999999998,urn:cite:phoros:places.174,payrec_655,,
Lebedos,5,900,urn:cts:phoros:stele1.year5:front.3.22,38.077883,26.964721999999998,urn:cite:phoros:places.174,payrec_417,,
Lepsimandos,2,100,urn:cts:phoros:stele1.year2:right.10.10,37.057578999999997,27.094768999999999,urn:cite:phoros:places.83,payrec_152,,
Lepsimandos,3,100,urn:cts:phoros:stele1.year3:front.5.28,37.057578999999997,27.094768999999999,urn:cite:phoros:places.83,payrec_247,,
Lepsimandos,4,100,urn:cts:phoros:stele1.year4:front.2.14,37.057578999999997,27.094768999999999,urn:cite:phoros:places.83,payrec_295,,
Lepsimandos,7,100,urn:cts:phoros:stele1.year7:front.3.17,37.057578999999997,27.094768999999999,urn:cite:phoros:places.83,payrec_617,,
Lepsimandos,2,1800,urn:cts:phoros:stele1.year2:.5.12,37.057578999999997,27.094768999999999,urn:cite:phoros:places.83,payrec_111,,
Lindos,8,300,urn:cts:phoros:stele1.year8:right.1.40,36.091323899999999,28.088177699999999,urn:cite:phoros:places.33,payrec_674,,
Lindos,1,900,urn:cts:phoros:stele1.year1:front.4.22,36.091323899999999,28.088177699999999,urn:cite:phoros:places.33,payrec_51,,
Lykia,3,50,urn:cts:phoros:stele1.year3:front.3.24,36.512940999999998,29.128235499999999,urn:cite:phoros:places.142,payrec_194,,
Madnasa/Medmassa,3,200,urn:cts:phoros:stele1.year3:front.3.26,37.088887,27.359987,urn:cite:phoros:places.7,payrec_196,,
Madnasa/Medmassa,1,400,urn:cts:phoros:stele1.year1:front.2.14,37.088887,27.359987,urn:cite:phoros:places.7,payrec_13,,
Madnasa/Medmassa,8,7200,urn:cts:phoros:stele1.year8:right.2.71,37.088887,27.359987,urn:cite:phoros:places.7,payrec_807,,
Maroneia,3,1800,urn:cts:phoros:stele1.year3:front.4.9,40.873750999999999,25.511426,urn:cite:phoros:places.32,payrec_206,,
Maroneia,7,5400,urn:cts:phoros:stele1.year7:front.1.13,40.873750999999999,25.511426,urn:cite:phoros:places.32,payrec_504,,
Maroneia,2,600,urn:cts:phoros:stele1.year2:right.10.3,40.873750999999999,25.511426,urn:cite:phoros:places.32,payrec_145,,
Maroneia,5,600,urn:cts:phoros:stele1.year5:front.4.30,40.873750999999999,25.511426,urn:cite:phoros:places.32,payrec_460,,
Maroneia,8,600,urn:cts:phoros:stele1.year8:right.1.14,40.873750999999999,25.511426,urn:cite:phoros:places.32,payrec_650,,
Mekyberna,1,150,urn:cts:phoros:stele1.year1:front.6.6,40.278319000000003,23.396101000000002,urn:cite:phoros:places.57,payrec_80,,
Mekyberna,7,1800,urn:cts:phoros:stele1.year7:front.3.34,40.278319000000003,23.396101000000002,urn:cite:phoros:places.57,payrec_634,,
Mekyberna,3,3600,urn:cts:phoros:stele1.year3:front.1.9,40.278319000000003,23.396101000000002,urn:cite:phoros:places.57,payrec_161,,
Mekyberna,5,600,urn:cts:phoros:stele1.year5:front.5.27,40.278319000000003,23.396101000000002,urn:cite:phoros:places.57,payrec_488,,
Mekyberna,5,84,urn:cts:phoros:stele1.year5:front.4.23,40.278319000000003,23.396101000000002,urn:cite:phoros:places.57,payrec_453,,
Mende,3,100,urn:cts:phoros:stele1.year3:front.4.2,39.971454000000001,23.398060000000001,urn:cite:phoros:places.112,payrec_200,,
Mende,4,100,urn:cts:phoros:stele1.year4:front.2.8,39.971454000000001,23.398060000000001,urn:cite:phoros:places.112,payrec_289,,
Mende,8,600,urn:cts:phoros:stele1.year8:right.2.22,39.971454000000001,23.398060000000001,urn:cite:phoros:places.112,payrec_759,,
Miletos,3,50,urn:cts:phoros:stele1.year3:front.4.11,37.5292362,27.2774885,urn:cite:phoros:places.117,payrec_208,,
Mydon,7,300,urn:cts:phoros:stele1.year7:front.1.27,37.598880000000001,27.690895999999999,urn:cite:phoros:places.71,payrec_518,,
Mydon,3,4800,urn:cts:phoros:stele1.year3:front.2.12,37.598880000000001,27.690895999999999,urn:cite:phoros:places.71,payrec_180,,
Mydon,8,600,urn:cts:phoros:stele1.year8:right.1.30,37.598880000000001,27.690895999999999,urn:cite:phoros:places.71,payrec_666,,
Mykonos,7,1200,urn:cts:phoros:stele1.year7:front.3.33,37.445959000000002,25.328619,urn:cite:phoros:places.114,payrec_594,,
Mykonos,4,3600,urn:cts:phoros:stele1.year4:front.2.12,37.445959000000002,25.328619,urn:cite:phoros:places.114,payrec_293,,
Mykonos,8,4000,urn:cts:phoros:stele1.year8:right.2.55,37.445959000000002,25.328619,urn:cite:phoros:places.114,payrec_792,,
Mykonos,3,900,urn:cts:phoros:stele1.year3:front.4.4,37.445959000000002,25.328619,urn:cite:phoros:places.114,payrec_202,,
Mylasa,8,100,urn:cts:phoros:stele1.year8:right.2.73,37.316870999999999,27.789697,urn:cite:phoros:places.176,payrec_809,,
Myndos,5,1200,urn:cts:phoros:stele1.year5:front.3.30,37.073690999999997,27.242415000000001,urn:cite:phoros:places.96,payrec_423,,
Myndos,4,1350,urn:cts:phoros:stele1.year4:front.1.21,37.073690999999997,27.242415000000001,urn:cite:phoros:places.96,payrec_270,,
Myndos,7,600,urn:cts:phoros:stele1.year7:front.1.35,37.073690999999997,27.242415000000001,urn:cite:phoros:places.96,payrec_524,,
Myndos,4,6000,urn:cts:phoros:stele1.year4:front.5.2,37.073690999999997,27.242415000000001,urn:cite:phoros:places.96,payrec_344,,
Myous,8,300,urn:cts:phoros:stele1.year8:right.1.100,37.595252000000002,27.433116999999999,urn:cite:phoros:places.119,payrec_730,,
Myous,3,6000,urn:cts:phoros:stele1.year3:front.4.13,37.595252000000002,27.433116999999999,urn:cite:phoros:places.119,payrec_210,,
Naxos,8,100,urn:cts:phoros:stele1.year8:right.2.46,37.103870999999998,25.377594999999999,urn:cite:phoros:places.197,payrec_783,,
Naxos,7,2400,urn:cts:phoros:stele1.year7:front.3.13,37.103870999999998,25.377594999999999,urn:cite:phoros:places.197,payrec_573,,
Neandreia,5,100,urn:cts:phoros:stele1.year5:front.4.5,39.719740999999999,26.270340999999998,urn:cite:phoros:places.36,payrec_437,,
Neandreia,3,1200,urn:cts:phoros:stele1.year3:front.4.26,39.719740999999999,26.270340999999998,urn:cite:phoros:places.36,payrec_216,,
Neandreia,1,1800,urn:cts:phoros:stele1.year1:front.4.26,39.719740999999999,26.270340999999998,urn:cite:phoros:places.36,payrec_55,,
Neandreia,5,5400,urn:cts:phoros:stele1.year5:front.1.13,39.719740999999999,26.270340999999998,urn:cite:phoros:places.36,payrec_369,,
"Neapolis,in,Thrace",2,103,urn:cts:phoros:stele1.year2:.1.11,40.935040000000001,24.415015,urn:cite:phoros:places.74,payrec_96,,
"Neapolis,in,Thrace",2,103,urn:cts:phoros:stele1.year2:.1.12,40.935040000000001,24.415015,urn:cite:phoros:places.74,payrec_97,,
Notion,4,100,urn:cts:phoros:stele1.year4:front.5.29,37.992800000000003,27.197500000000002,urn:cite:phoros:places.24,payrec_353,,
Notion,5,100,urn:cts:phoros:stele1.year5:front.3.41,37.992800000000003,27.197500000000002,urn:cite:phoros:places.24,payrec_434,,
Notion,1,1000,urn:cts:phoros:stele1.year1:front.4.13,37.992800000000003,27.197500000000002,urn:cite:phoros:places.24,payrec_42,,
Notion,8,1800,urn:cts:phoros:stele1.year8:right.2.9,37.992800000000003,27.197500000000002,urn:cite:phoros:places.24,payrec_747,,
Notion,7,200,urn:cts:phoros:stele1.year7:front.2.16,37.992800000000003,27.197500000000002,urn:cite:phoros:places.24,payrec_540,,
Notion,2,300,urn:cts:phoros:stele1.year2:right.9.3,37.992800000000003,27.197500000000002,urn:cite:phoros:places.24,payrec_137,,
Notion,4,300,urn:cts:phoros:stele1.year4:front.1.14,37.992800000000003,27.197500000000002,urn:cite:phoros:places.24,payrec_263,,
Olophyxos,4,100,urn:cts:phoros:stele1.year4:front.3.24,40.330421999999999,24.190639000000001,urn:cite:phoros:places.15,payrec_308,,
Olophyxos,7,50,urn:cts:phoros:stele1.year7:front.2.10,40.330421999999999,24.190639000000001,urn:cite:phoros:places.15,payrec_536,,
Olophyxos,8,600,urn:cts:phoros:stele1.year8:right.1.113,40.330421999999999,24.190639000000001,urn:cite:phoros:places.15,payrec_743,,
Olynthos,5,2136,urn:cts:phoros:stele1.year5:front.1.7,40.295328000000005,23.355769666666667,urn:cite:phoros:places.53,payrec_363,,
Olynthos,3,50,urn:cts:phoros:stele1.year3:front.1.8,40.295328000000005,23.355769666666667,urn:cite:phoros:places.53,payrec_160,,
Olynthos,5,600,urn:cts:phoros:stele1.year5:front.4.41,40.295328000000005,23.355769666666667,urn:cite:phoros:places.53,payrec_468,,
Oula,2,1800,urn:cts:phoros:stele1.year2:.6.9,37.101050000000001,28.374144999999999,urn:cite:phoros:places.88,payrec_116,,
Paisos,4,100,urn:cts:phoros:stele1.year4:front.1.24,40.400224999999999,26.787096999999999,urn:cite:phoros:places.116,payrec_273,,
Paisos,7,100,urn:cts:phoros:stele1.year7:front.3.12,40.400224999999999,26.787096999999999,urn:cite:phoros:places.116,payrec_612,,
Paisos,8,30,urn:cts:phoros:stele1.year8:right.1.71,40.400224999999999,26.787096999999999,urn:cite:phoros:places.116,payrec_704,,
Paisos,4,600,urn:cts:phoros:stele1.year4:front.5.31,40.400224999999999,26.787096999999999,urn:cite:phoros:places.116,payrec_355,,
"Paktyes,Idyma",5,6000,urn:cts:phoros:stele1.year5:front.1.11,37.059443000000002,28.367318999999998,urn:cite:phoros:places.86,payrec_367,,
"Paktyes,Idyma",2,800,urn:cts:phoros:stele1.year2:.6.7,37.059443000000002,28.367318999999998,urn:cite:phoros:places.86,payrec_114,,
Palaiperkote,4,1200,urn:cts:phoros:stele1.year4:front.4.16,40.236370000000001,26.686456,urn:cite:phoros:places.153,payrec_328,,
Palaiperkote,8,300,urn:cts:phoros:stele1.year8:right.2.30,40.236370000000001,26.686456,urn:cite:phoros:places.153,payrec_767,,
Palaiperkote,7,600,urn:cts:phoros:stele1.year7:front.2.32,40.236370000000001,26.686456,urn:cite:phoros:places.153,payrec_555,,
Pargasa,5,5130,urn:cts:phoros:stele1.year5:front.5.13,37.025229000000003,27.776644000000001,urn:cite:phoros:places.185,payrec_474,,
Parion,2,103,urn:cts:phoros:stele1.year2:.1.17,40.420499,27.069095999999998,urn:cite:phoros:places.78,payrec_102,,
Parion,3,1200,urn:cts:phoros:stele1.year3:front.1.17,40.420499,27.069095999999998,urn:cite:phoros:places.78,payrec_169,,
Paros,7,100,urn:cts:phoros:stele1.year7:front.3.11,37.085790000000003,25.150728000000001,urn:cite:phoros:places.192,payrec_571,,
Paros,8,200,urn:cts:phoros:stele1.year8:right.2.45,37.085790000000003,25.150728000000001,urn:cite:phoros:places.192,payrec_782,,
Parparos,7,600,urn:cts:phoros:stele1.year7:front.3.21,37.614322999999999,27.544474000000001,urn:cite:phoros:places.151,payrec_581,,
Parparos,8,6000,urn:cts:phoros:stele1.year8:right.1.53,37.614322999999999,27.544474000000001,urn:cite:phoros:places.151,payrec_687,,
Parparos,5,7200,urn:cts:phoros:stele1.year5:front.3.24,37.614322999999999,27.544474000000001,urn:cite:phoros:places.151,payrec_419,,
Parparos,4,900,urn:cts:phoros:stele1.year4:front.4.10,37.614322999999999,27.544474000000001,urn:cite:phoros:places.151,payrec_322,,
Pasanda,4,50,urn:cts:phoros:stele1.year4:front.4.29,36.781067500000006,28.6928795,urn:cite:phoros:places.155,payrec_341,,
Pasanda,5,600,urn:cts:phoros:stele1.year5:front.3.10,36.781067500000006,28.6928795,urn:cite:phoros:places.155,payrec_405,,
Pedasa,3,100,urn:cts:phoros:stele1.year3:front.1.31,37.054602000000003,27.412789,urn:cite:phoros:places.100,payrec_172,,
Pedasa,5,4500,urn:cts:phoros:stele1.year5:front.5.29,37.054602000000003,27.412789,urn:cite:phoros:places.100,payrec_490,,
Pedasa,7,9000,urn:cts:phoros:stele1.year7:front.3.36,37.054602000000003,27.412789,urn:cite:phoros:places.100,payrec_636,,
Peparethos,1,100,urn:cts:phoros:stele1.year1:front.4.11,39.119095999999999,23.719615999999998,urn:cite:phoros:places.22,payrec_40,,
Peparethos,4,106,urn:cts:phoros:stele1.year4:front.5.26,39.119095999999999,23.719615999999998,urn:cite:phoros:places.22,payrec_350,,
Peparethos,3,150,urn:cts:phoros:stele1.year3:front.4.25,39.119095999999999,23.719615999999998,urn:cite:phoros:places.22,payrec_215,,
Peparethos,7,3600,urn:cts:phoros:stele1.year7:front.3.27,39.119095999999999,23.719615999999998,urn:cite:phoros:places.22,payrec_587,,
Perinthos,4,300,urn:cts:phoros:stele1.year4:front.1.6,40.971012999999999,27.952973,urn:cite:phoros:places.137,payrec_255,,
Perinthos,5,324,urn:cts:phoros:stele1.year5:front.5.14,40.971012999999999,27.952973,urn:cite:phoros:places.137,payrec_475,,
Perkote,3,100,urn:cts:phoros:stele1.year3:front.5.8,40.273913,26.588806000000002,urn:cite:phoros:places.123,payrec_228,,
Perkote,7,1800,urn:cts:phoros:stele1.year7:front.3.13,40.273913,26.588806000000002,urn:cite:phoros:places.123,payrec_613,,
Perkote,8,1800,urn:cts:phoros:stele1.year8:right.1.72,40.273913,26.588806000000002,urn:cite:phoros:places.123,payrec_705,,
Phaselis,7,100,urn:cts:phoros:stele1.year7:front.2.18,36.524579000000003,30.551573000000001,urn:cite:phoros:places.47,payrec_542,,
Phaselis,3,1080,urn:cts:phoros:stele1.year3:front.2.31,36.524579000000003,30.551573000000001,urn:cite:phoros:places.47,payrec_184,,
Phaselis,1,1400,urn:cts:phoros:stele1.year1:front.5.12,36.524579000000003,30.551573000000001,urn:cite:phoros:places.47,payrec_69,,
Phaselis,8,40,urn:cts:phoros:stele1.year8:right.2.12,36.524579000000003,30.551573000000001,urn:cite:phoros:places.47,payrec_749,,
Phaselis,5,600,urn:cts:phoros:stele1.year5:front.4.8,36.524579000000003,30.551573000000001,urn:cite:phoros:places.47,payrec_438,,
Phokaia,7,1200,urn:cts:phoros:stele1.year7:front.2.34,38.670352999999999,26.753208000000001,urn:cite:phoros:places.138,payrec_557,,
Phokaia,8,1800,urn:cts:phoros:stele1.year8:right.2.29,38.670352999999999,26.753208000000001,urn:cite:phoros:places.138,payrec_766,,
Phokaia,4,4800,urn:cts:phoros:stele1.year4:front.1.7,38.670352999999999,26.753208000000001,urn:cite:phoros:places.138,payrec_256,,
"Pikres,Syangela",1,100,urn:cts:phoros:stele1.year1:front.6.12,37.050370999999998,27.570356,urn:cite:phoros:places.63,payrec_86,,
"Pikres,Syangela",5,2400,urn:cts:phoros:stele1.year5:front.3.17,37.050370999999998,27.570356,urn:cite:phoros:places.63,payrec_412,,
"Pikres,Syangela",5,300,urn:cts:phoros:stele1.year5:front.3.16,37.050370999999998,27.570356,urn:cite:phoros:places.63,payrec_411,,
Pitane,4,100,urn:cts:phoros:stele1.year4:front.1.29,38.928297000000001,26.937453000000001,urn:cite:phoros:places.11,payrec_278,,
Pitane,2,1200,urn:cts:phoros:stele1.year2:right.10.7,38.928297000000001,26.937453000000001,urn:cite:phoros:places.11,payrec_149,,
Pitane,7,3000,urn:cts:phoros:stele1.year7:front.3.38,38.928297000000001,26.937453000000001,urn:cite:phoros:places.11,payrec_638,,
Pitane,1,5400,urn:cts:phoros:stele1.year1:front.3.16,38.928297000000001,26.937453000000001,urn:cite:phoros:places.11,payrec_22,,
Pitane,4,600,urn:cts:phoros:stele1.year4:front.4.30,38.928297000000001,26.937453000000001,urn:cite:phoros:places.11,payrec_342,,
Pitane,5,864,urn:cts:phoros:stele1.year5:front.5.40,38.928297000000001,26.937453000000001,urn:cite:phoros:places.11,payrec_492,,
Pladasa,5,300,urn:cts:phoros:stele1.year5:front.5.28,37.087316999999999,28.079785000000001,urn:cite:phoros:places.202,payrec_489,,
Pladasa,7,300,urn:cts:phoros:stele1.year7:front.3.35,37.087316999999999,28.079785000000001,urn:cite:phoros:places.202,payrec_635,,
Priapos,8,300,urn:cts:phoros:stele1.year8:right.2.26,40.403337999999998,27.303743000000001,urn:cite:phoros:places.127,payrec_763,,
Priapos,7,450,urn:cts:phoros:stele1.year7:front.2.30,40.403337999999998,27.303743000000001,urn:cite:phoros:places.127,payrec_553,,
Priapos,3,9000,urn:cts:phoros:stele1.year3:front.5.17,40.403337999999998,27.303743000000001,urn:cite:phoros:places.127,payrec_237,,
Priene,3,1200,urn:cts:phoros:stele1.year3:front.1.32,37.659724652604169,27.297566084106442,urn:cite:phoros:places.101,payrec_173,,
Priene,7,300,urn:cts:phoros:stele1.year7:front.3.4,37.659724652604169,27.297566084106442,urn:cite:phoros:places.101,payrec_604,,
Prokonnesos,3,2400,urn:cts:phoros:stele1.year3:front.5.23,40.591686000000003,27.555679999999999,urn:cite:phoros:places.129,payrec_243,,
Pteleon,7,100,urn:cts:phoros:stele1.year7:front.3.19,38.480083,26.415178999999998,urn:cite:phoros:places.178,payrec_579,,
Pteleon,8,100,urn:cts:phoros:stele1.year8:right.1.51,38.480083,26.415178999999998,urn:cite:phoros:places.178,payrec_685,,
Pteleon,5,3000,urn:cts:phoros:stele1.year5:front.3.34,38.480083,26.415178999999998,urn:cite:phoros:places.178,payrec_427,,
Pyrnos,8,1728,urn:cts:phoros:stele1.year8:right.1.5,36.885007000000002,28.445529000000001,urn:cite:phoros:places.126,payrec_641,,
Pyrnos,3,200,urn:cts:phoros:stele1.year3:front.5.16,36.885007000000002,28.445529000000001,urn:cite:phoros:places.126,payrec_236,,
Pyrnos,4,300,urn:cts:phoros:stele1.year4:front.2.27,36.885007000000002,28.445529000000001,urn:cite:phoros:places.126,payrec_299,,
Pyrnos,7,50,urn:cts:phoros:stele1.year7:front.1.4,36.885007000000002,28.445529000000001,urn:cite:phoros:places.126,payrec_495,,
Rheneia,4,1800,urn:cts:phoros:stele1.year4:front.2.32,37.412059999999997,25.213287000000001,urn:cite:phoros:places.148,payrec_304,,
Rheneia,7,200,urn:cts:phoros:stele1.year7:front.2.29,37.412059999999997,25.213287000000001,urn:cite:phoros:places.148,payrec_552,,
Rheneia,4,3000,urn:cts:phoros:stele1.year4:front.4.15,37.412059999999997,25.213287000000001,urn:cite:phoros:places.148,payrec_327,,
Rheneia,8,600,urn:cts:phoros:stele1.year8:right.2.25,37.412059999999997,25.213287000000001,urn:cite:phoros:places.148,payrec_762,,
Samothraki,3,100,urn:cts:phoros:stele1.year3:front.4.10,40.504842699999998,25.534030099999999,urn:cite:phoros:places.93,payrec_207,,
Samothraki,5,100,urn:cts:phoros:stele1.year5:front.4.33,40.504842699999998,25.534030099999999,urn:cite:phoros:places.93,payrec_463,,
Samothraki,8,100,urn:cts:phoros:stele1.year8:right.2.33,40.504842699999998,25.534030099999999,urn:cite:phoros:places.93,payrec_770,,
Samothraki,2,1200,urn:cts:phoros:stele1.year2:.7.18,40.504842699999998,25.534030099999999,urn:cite:phoros:places.93,payrec_129,,
Samothraki,4,1200,urn:cts:phoros:stele1.year4:front.5.3,40.504842699999998,25.534030099999999,urn:cite:phoros:places.93,payrec_345,,
Samothraki,7,6000,urn:cts:phoros:stele1.year7:front.2.37,40.504842699999998,25.534030099999999,urn:cite:phoros:places.93,payrec_560,,
Sane,3,150,urn:cts:phoros:stele1.year3:front.1.5,40.098381000000003,23.306117,urn:cite:phoros:places.14,payrec_157,,
Sane,5,1800,urn:cts:phoros:stele1.year5:front.4.20,40.098381000000003,23.306117,urn:cite:phoros:places.14,payrec_450,,
Sane,8,2384,urn:cts:phoros:stele1.year8:right.1.104,40.098381000000003,23.306117,urn:cite:phoros:places.14,payrec_734,,
Sane,8,3600,urn:cts:phoros:stele1.year8:right.2.68,40.098381000000003,23.306117,urn:cite:phoros:places.14,payrec_804,,
Sane,7,50,urn:cts:phoros:stele1.year7:front.2.2,40.098381000000003,23.306117,urn:cite:phoros:places.14,payrec_528,,
Selymbria,5,100,urn:cts:phoros:stele1.year5:front.1.5,41.078496000000001,28.247676999999999,urn:cite:phoros:places.159,payrec_361,,
Selymbria,7,200,urn:cts:phoros:stele1.year7:front.3.15,41.078496000000001,28.247676999999999,urn:cite:phoros:places.159,payrec_575,,
Selymbria,8,250,urn:cts:phoros:stele1.year8:right.1.44,41.078496000000001,28.247676999999999,urn:cite:phoros:places.159,payrec_678,,
Serme,8,900,urn:cts:phoros:stele1.year8:right.1.55,40.58155,22.944019999999998,urn:cite:phoros:places.188,payrec_689,,
Serme,7,9720,urn:cts:phoros:stele1.year7:front.3.23,40.58155,22.944019999999998,urn:cite:phoros:places.188,payrec_583,,
Sermylia,7,100,urn:cts:phoros:stele1.year7:front.3.20,40.298222000000003,23.539631,urn:cite:phoros:places.56,payrec_620,,
Sermylia,1,100,urn:cts:phoros:stele1.year1:front.6.5,40.298222000000003,23.539631,urn:cite:phoros:places.56,payrec_79,,
Sermylia,8,450,urn:cts:phoros:stele1.year8:right.2.20,40.298222000000003,23.539631,urn:cite:phoros:places.56,payrec_757,,
Sermylia,2,600,urn:cts:phoros:stele1.year2:.6.13,40.298222000000003,23.539631,urn:cite:phoros:places.56,payrec_120,,
Sermylia,4,600,urn:cts:phoros:stele1.year4:front.4.21,40.298222000000003,23.539631,urn:cite:phoros:places.56,payrec_333,,
Sermylia,3,900,urn:cts:phoros:stele1.year3:front.1.10,40.298222000000003,23.539631,urn:cite:phoros:places.56,payrec_162,,
Sidousa,8,100,urn:cts:phoros:stele1.year8:right.1.48,38.659439999999996,26.515640000000001,urn:cite:phoros:places.177,payrec_682,,
Sidousa,5,276,urn:cts:phoros:stele1.year5:front.3.33,38.659439999999996,26.515640000000001,urn:cite:phoros:places.177,payrec_426,,
Sigeion,8,3600,urn:cts:phoros:stele1.year8:right.1.57,39.97336,26.177454000000001,urn:cite:phoros:places.193,payrec_691,,
Sigeion,7,4000,urn:cts:phoros:stele1.year7:front.3.25,39.97336,26.177454000000001,urn:cite:phoros:places.193,payrec_585,,
Singos,4,120,urn:cts:phoros:stele1.year4:front.4.19,40.249169999999999,23.721477,urn:cite:phoros:places.60,payrec_331,,
Singos,7,120,urn:cts:phoros:stele1.year7:front.3.20,40.249169999999999,23.721477,urn:cite:phoros:places.60,payrec_580,,
Singos,4,200,urn:cts:phoros:stele1.year4:front.1.26,40.249169999999999,23.721477,urn:cite:phoros:places.60,payrec_275,,
Singos,8,50,urn:cts:phoros:stele1.year8:right.1.52,40.249169999999999,23.721477,urn:cite:phoros:places.60,payrec_686,,
Singos,3,900,urn:cts:phoros:stele1.year3:front.1.4,40.249169999999999,23.721477,urn:cite:phoros:places.60,payrec_156,,
Siphnos,8,300,urn:cts:phoros:stele1.year8:right.2.61,36.983333000000002,24.666667,urn:cite:phoros:places.191,payrec_797,,
Siphnos,7,76,urn:cts:phoros:stele1.year7:front.3.38,36.983333000000002,24.666667,urn:cite:phoros:places.191,payrec_599,,
Skabla,7,100,urn:cts:phoros:stele1.year7:front.3.21,40.332591000000001,23.590554999999998,urn:cite:phoros:places.54,payrec_621,,
Skabla,8,1800,urn:cts:phoros:stele1.year8:right.2.21,40.332591000000001,23.590554999999998,urn:cite:phoros:places.54,payrec_758,,
Skabla,5,300,urn:cts:phoros:stele1.year5:front.1.8,40.332591000000001,23.590554999999998,urn:cite:phoros:places.54,payrec_364,,
Skabla,5,9720,urn:cts:phoros:stele1.year5:front.4.24,40.332591000000001,23.590554999999998,urn:cite:phoros:places.54,payrec_454,,
Skepsis,7,1800,urn:cts:phoros:stele1.year7:front.3.22,39.825539999999997,26.688002999999998,urn:cite:phoros:places.131,payrec_582,,
Skepsis,8,200,urn:cts:phoros:stele1.year8:right.1.54,39.825539999999997,26.688002999999998,urn:cite:phoros:places.131,payrec_688,,
Skepsis,5,6000,urn:cts:phoros:stele1.year5:front.5.18,39.825539999999997,26.688002999999998,urn:cite:phoros:places.131,payrec_479,,
Skepsis,4,800,urn:cts:phoros:stele1.year4:front.2.9,39.825539999999997,26.688002999999998,urn:cite:phoros:places.131,payrec_290,,
Skiathos,5,1800,urn:cts:phoros:stele1.year5:front.5.17,39.164020999999998,23.488506000000001,urn:cite:phoros:places.187,payrec_478,,
Skione,2,100,urn:cts:phoros:stele1.year2:.6.17,39.939062999999997,23.574784999999999,urn:cite:phoros:places.9,payrec_124,,
Skione,4,100,urn:cts:phoros:stele1.year4:front.2.4,39.939062999999997,23.574784999999999,urn:cite:phoros:places.9,payrec_285,,
Skione,1,1400,urn:cts:phoros:stele1.year1:front.2.26,39.939062999999997,23.574784999999999,urn:cite:phoros:places.9,payrec_18,,
Skione,3,400,urn:cts:phoros:stele1.year3:front.4.5,39.939062999999997,23.574784999999999,urn:cite:phoros:places.9,payrec_203,,
Spartolos,7,40,urn:cts:phoros:stele1.year7:front.2.22,40.316347,23.159842999999999,urn:cite:phoros:places.26,payrec_545,,
Spartolos,5,50,urn:cts:phoros:stele1.year5:front.2.11,40.316347,23.159842999999999,urn:cite:phoros:places.26,payrec_381,,
Spartolos,2,600,urn:cts:phoros:stele1.year2:right.10.9,40.316347,23.159842999999999,urn:cite:phoros:places.26,payrec_151,,
Spartolos,1,900,urn:cts:phoros:stele1.year1:front.4.15,40.316347,23.159842999999999,urn:cite:phoros:places.26,payrec_44,,
Spartolos,3,9000,urn:cts:phoros:stele1.year3:front.5.29,40.316347,23.159842999999999,urn:cite:phoros:places.26,payrec_248,,
Stageira,1,100,urn:cts:phoros:stele1.year1:front.1.15,40.592218000000003,23.795768999999996,urn:cite:phoros:places.1,payrec_2,Restored,Restored
Stageira,5,600,urn:cts:phoros:stele1.year5:front.5.22,40.592218000000003,23.795768999999996,urn:cite:phoros:places.1,payrec_483,,
Stageira,7,600,urn:cts:phoros:stele1.year7:front.3.28,40.592218000000003,23.795768999999996,urn:cite:phoros:places.1,payrec_628,,
Stolos,3,100,urn:cts:phoros:stele1.year3:front.5.21,40.369151000000002,23.664835,urn:cite:phoros:places.58,payrec_241,,
Stolos,3,1800,urn:cts:phoros:stele1.year3:front.1.2,40.369151000000002,23.664835,urn:cite:phoros:places.58,payrec_154,,
Stolos,8,300,urn:cts:phoros:stele1.year8:right.2.23,40.369151000000002,23.664835,urn:cite:phoros:places.58,payrec_760,,
Stolos,7,8400,urn:cts:phoros:stele1.year7:front.2.27,40.369151000000002,23.664835,urn:cite:phoros:places.58,payrec_550,,
Strepsa,5,100,urn:cts:phoros:stele1.year5:front.5.2,40.483196999999997,23.138508999999999,urn:cite:phoros:places.39,payrec_469,,
Strepsa,7,100,urn:cts:phoros:stele1.year7:front.2.23,40.483196999999997,23.138508999999999,urn:cite:phoros:places.39,payrec_546,,
Strepsa,5,50,urn:cts:phoros:stele1.year5:front.1.9,40.483196999999997,23.138508999999999,urn:cite:phoros:places.39,payrec_365,,
Strepsa,1,7712,urn:cts:phoros:stele1.year1:front.5.5,40.483196999999997,23.138508999999999,urn:cite:phoros:places.39,payrec_59,,
Strepsa,8,900,urn:cts:phoros:stele1.year8:right.2.16,40.483196999999997,23.138508999999999,urn:cite:phoros:places.39,payrec_753,,
Styra,7,1800,urn:cts:phoros:stele1.year7:front.3.5,38.155245000000001,24.240527,urn:cite:phoros:places.195,payrec_605,,
Syangela,7,600,urn:cts:phoros:stele1.year7:front.1.10,37.050370999999998,27.570356,urn:cite:phoros:places.203,payrec_501,,
Syangela,8,600,urn:cts:phoros:stele1.year8:right.1.11,37.050370999999998,27.570356,urn:cite:phoros:places.203,payrec_647,,
Syros,7,50,urn:cts:phoros:stele1.year7:front.2.3,37.43,24.920000000000002,urn:cite:phoros:places.135,payrec_529,,
Syros,8,600,urn:cts:phoros:stele1.year8:right.1.105,37.43,24.920000000000002,urn:cite:phoros:places.135,payrec_735,,
Telandros,5,1800,urn:cts:phoros:stele1.year5:front.2.35,36.674495,28.915849999999995,urn:cite:phoros:places.173,payrec_396,,
Telandros,8,300,urn:cts:phoros:stele1.year8:right.1.31,36.674495,28.915849999999995,urn:cite:phoros:places.173,payrec_667,,
Telandros,7,600,urn:cts:phoros:stele1.year7:front.1.28,36.674495,28.915849999999995,urn:cite:phoros:places.173,payrec_519,,
Telmessos/Telemessos,3,200,urn:cts:phoros:stele1.year3:front.3.10,36.620899000000001,29.105772000000002,urn:cite:phoros:places.141,payrec_193,,
Telmessos/Telemessos,5,300,urn:cts:phoros:stele1.year5:front.2.36,36.620899000000001,29.105772000000002,urn:cite:phoros:places.141,payrec_397,,
Tenos,8,1800,urn:cts:phoros:stele1.year8:right.2.52,37.606999999999999,25.114000000000001,urn:cite:phoros:places.190,payrec_789,,
Teos,5,100,urn:cts:phoros:stele1.year5:front.3.28,38.177261999999999,26.785014,urn:cite:phoros:places.152,payrec_421,,
Teos,8,100,urn:cts:phoros:stele1.year8:right.2.53,38.177261999999999,26.785014,urn:cite:phoros:places.152,payrec_790,,
Teos,4,3600,urn:cts:phoros:stele1.year4:front.4.14,38.177261999999999,26.785014,urn:cite:phoros:places.152,payrec_326,,
Termera,4,100,urn:cts:phoros:stele1.year4:front.4.13,36.995871999999999,27.298362999999998,urn:cite:phoros:places.48,payrec_325,,
Termera,7,200,urn:cts:phoros:stele1.year7:front.1.11,36.995871999999999,27.298362999999998,urn:cite:phoros:places.48,payrec_502,,
Termera,4,250,urn:cts:phoros:stele1.year4:front.1.12,36.995871999999999,27.298362999999998,urn:cite:phoros:places.48,payrec_261,,
Termera,8,600,urn:cts:phoros:stele1.year8:right.1.12,36.995871999999999,27.298362999999998,urn:cite:phoros:places.48,payrec_648,,
Termera,5,8284,urn:cts:phoros:stele1.year5:front.5.12,36.995871999999999,27.298362999999998,urn:cite:phoros:places.48,payrec_473,,
Thasos,7,100,urn:cts:phoros:stele1.year7:front.3.34,40.78201,24.717535000000002,urn:cite:phoros:places.61,payrec_595,,
Thasos,1,100,urn:cts:phoros:stele1.year1:front.6.10,40.78201,24.717535000000002,urn:cite:phoros:places.61,payrec_84,,
Thasos,8,200,urn:cts:phoros:stele1.year8:right.1.97,40.78201,24.717535000000002,urn:cite:phoros:places.61,payrec_727,,
Thasos,8,300,urn:cts:phoros:stele1.year8:right.1.81,40.78201,24.717535000000002,urn:cite:phoros:places.61,payrec_714,,
Thasos,8,3000,urn:cts:phoros:stele1.year8:right.2.56,40.78201,24.717535000000002,urn:cite:phoros:places.61,payrec_793,,
Thasos,4,4500,urn:cts:phoros:stele1.year4:front.1.23,40.78201,24.717535000000002,urn:cite:phoros:places.61,payrec_272,,
Thasos,4,50,urn:cts:phoros:stele1.year4:front.5.27,40.78201,24.717535000000002,urn:cite:phoros:places.61,payrec_351,,
Thasthara,8,1500,urn:cts:phoros:stele1.year8:right.1.26,37.593736999999997,27.643214,urn:cite:phoros:places.163,payrec_662,,
Thasthara,5,1800,urn:cts:phoros:stele1.year5:front.2.6,37.593736999999997,27.643214,urn:cite:phoros:places.163,payrec_376,,
Thasthara,7,900,urn:cts:phoros:stele1.year7:front.1.26,37.593736999999997,27.643214,urn:cite:phoros:places.163,payrec_517,,
Therambos,4,200,urn:cts:phoros:stele1.year4:front.2.5,39.950000000000003,23.66667,urn:cite:phoros:places.10,payrec_286,,
Therambos,3,400,urn:cts:phoros:stele1.year3:front.4.7,39.950000000000003,23.66667,urn:cite:phoros:places.10,payrec_204,,
Therambos,1,640,urn:cts:phoros:stele1.year1:front.2.27,39.950000000000003,23.66667,urn:cite:phoros:places.10,payrec_19,,
Therambos,2,900,urn:cts:phoros:stele1.year2:.6.18,39.950000000000003,23.66667,urn:cite:phoros:places.10,payrec_125,,
Thyssos,8,150,urn:cts:phoros:stele1.year8:right.1.42,40.288017000000004,24.158674000000001,urn:cite:phoros:places.12,payrec_676,,
Thyssos,1,200,urn:cts:phoros:stele1.year1:front.3.17,40.288017000000004,24.158674000000001,urn:cite:phoros:places.12,payrec_23,,
Thyssos,4,200,urn:cts:phoros:stele1.year4:front.4.22,40.288017000000004,24.158674000000001,urn:cite:phoros:places.12,payrec_334,,
Thyssos,5,200,urn:cts:phoros:stele1.year5:front.4.31,40.288017000000004,24.158674000000001,urn:cite:phoros:places.12,payrec_461,,
Thyssos,7,300,urn:cts:phoros:stele1.year7:front.1.37,40.288017000000004,24.158674000000001,urn:cite:phoros:places.12,payrec_527,,
Thyssos,3,4500,urn:cts:phoros:stele1.year3:front.5.13,40.288017000000004,24.158674000000001,urn:cite:phoros:places.12,payrec_233,,
Torone,8,100,urn:cts:phoros:stele1.year8:right.2.69,39.977053400000003,23.900812299999998,urn:cite:phoros:places.13,payrec_805,,
Torone,1,1800,urn:cts:phoros:stele1.year1:front.3.20,39.977053400000003,23.900812299999998,urn:cite:phoros:places.13,payrec_24,,
Torone,8,1800,urn:cts:phoros:stele1.year8:right.2.62,39.977053400000003,23.900812299999998,urn:cite:phoros:places.13,payrec_798,,
Torone,7,600,urn:cts:phoros:stele1.year7:front.3.2,39.977053400000003,23.900812299999998,urn:cite:phoros:places.13,payrec_602,,
Tyrodiza,4,3600,urn:cts:phoros:stele1.year4:front.1.3,40.617745999999997,27.114093,urn:cite:phoros:places.134,payrec_252,,
Udissos,7,1800,urn:cts:phoros:stele1.year7:front.3.9,36.743864000000002,24.423276000000001,urn:cite:phoros:places.211,payrec_569,,
Udissos,8,3600,urn:cts:phoros:stele1.year8:right.2.42,36.743864000000002,24.423276000000001,urn:cite:phoros:places.211,payrec_779,,
Uranium,5,200,urn:cts:phoros:stele1.year5:front.2.31,37.093516000000001,27.278841,urn:cite:phoros:places.87,payrec_392,,
